
/*!40101 SET @OLD_CHARACTER_SET_CLIENT=@@CHARACTER_SET_CLIENT */;
/*!40101 SET @OLD_CHARACTER_SET_RESULTS=@@CHARACTER_SET_RESULTS */;
/*!40101 SET @OLD_COLLATION_CONNECTION=@@COLLATION_CONNECTION */;
/*!40101 SET NAMES utf8mb4 */;
/*!40103 SET @OLD_TIME_ZONE=@@TIME_ZONE */;
/*!40103 SET TIME_ZONE='+00:00' */;
/*!40014 SET @OLD_UNIQUE_CHECKS=@@UNIQUE_CHECKS, UNIQUE_CHECKS=0 */;
/*!40014 SET @OLD_FOREIGN_KEY_CHECKS=@@FOREIGN_KEY_CHECKS, FOREIGN_KEY_CHECKS=0 */;
/*!40101 SET @OLD_SQL_MODE=@@SQL_MODE, SQL_MODE='NO_AUTO_VALUE_ON_ZERO' */;
/*!40111 SET @OLD_SQL_NOTES=@@SQL_NOTES, SQL_NOTES=0 */;
DROP TABLE IF EXISTS `article_article_category`;
/*!40101 SET @saved_cs_client     = @@character_set_client */;
/*!40101 SET character_set_client = utf8 */;
CREATE TABLE `article_article_category` (
  `article_id` bigint(20) unsigned NOT NULL,
  `article_category_id` bigint(20) unsigned NOT NULL,
  KEY `article_article_category_article_id_foreign` (`article_id`),
  KEY `article_article_category_article_category_id_foreign` (`article_category_id`),
  CONSTRAINT `article_article_category_article_category_id_foreign` FOREIGN KEY (`article_category_id`) REFERENCES `article_categories` (`id`) ON DELETE CASCADE,
  CONSTRAINT `article_article_category_article_id_foreign` FOREIGN KEY (`article_id`) REFERENCES `articles` (`id`) ON DELETE CASCADE
) ENGINE=InnoDB DEFAULT CHARSET=utf8mb4 COLLATE=utf8mb4_unicode_ci;
/*!40101 SET character_set_client = @saved_cs_client */;

LOCK TABLES `article_article_category` WRITE;
/*!40000 ALTER TABLE `article_article_category` DISABLE KEYS */;
/*!40000 ALTER TABLE `article_article_category` ENABLE KEYS */;
UNLOCK TABLES;
DROP TABLE IF EXISTS `article_categories`;
/*!40101 SET @saved_cs_client     = @@character_set_client */;
/*!40101 SET character_set_client = utf8 */;
CREATE TABLE `article_categories` (
  `id` bigint(20) unsigned NOT NULL AUTO_INCREMENT,
  `parent_page_id` bigint(20) unsigned NOT NULL,
  `_lft` int(10) unsigned NOT NULL DEFAULT 0,
  `_rgt` int(10) unsigned NOT NULL DEFAULT 0,
  `parent_id` int(10) unsigned DEFAULT NULL,
  `deleted_at` timestamp NULL DEFAULT NULL,
  PRIMARY KEY (`id`),
  KEY `article_categories__lft__rgt_parent_id_index` (`_lft`,`_rgt`,`parent_id`),
  KEY `article_categories_parent_page_id_foreign` (`parent_page_id`),
  CONSTRAINT `article_categories_parent_page_id_foreign` FOREIGN KEY (`parent_page_id`) REFERENCES `pages` (`id`) ON DELETE CASCADE
) ENGINE=InnoDB DEFAULT CHARSET=utf8mb4 COLLATE=utf8mb4_unicode_ci;
/*!40101 SET character_set_client = @saved_cs_client */;

LOCK TABLES `article_categories` WRITE;
/*!40000 ALTER TABLE `article_categories` DISABLE KEYS */;
/*!40000 ALTER TABLE `article_categories` ENABLE KEYS */;
UNLOCK TABLES;
DROP TABLE IF EXISTS `articles`;
/*!40101 SET @saved_cs_client     = @@character_set_client */;
/*!40101 SET character_set_client = utf8 */;
CREATE TABLE `articles` (
  `id` bigint(20) unsigned NOT NULL AUTO_INCREMENT,
  `parent_page_id` bigint(20) unsigned NOT NULL,
  `published_at` timestamp NOT NULL DEFAULT current_timestamp(),
  `deleted_at` timestamp NULL DEFAULT NULL,
  PRIMARY KEY (`id`),
  KEY `articles_parent_page_id_foreign` (`parent_page_id`),
  CONSTRAINT `articles_parent_page_id_foreign` FOREIGN KEY (`parent_page_id`) REFERENCES `pages` (`id`) ON DELETE CASCADE
) ENGINE=InnoDB AUTO_INCREMENT=69 DEFAULT CHARSET=utf8mb4 COLLATE=utf8mb4_unicode_ci;
/*!40101 SET character_set_client = @saved_cs_client */;

LOCK TABLES `articles` WRITE;
/*!40000 ALTER TABLE `articles` DISABLE KEYS */;
INSERT INTO `articles` VALUES (1,3,'2021-02-24 22:00:00',NULL),(2,3,'2021-02-22 22:00:00',NULL),(4,3,'2021-02-21 22:00:00',NULL),(38,3,'2021-02-09 10:09:01',NULL),(39,3,'2021-02-09 10:39:45',NULL),(40,3,'2021-02-23 01:03:08',NULL),(41,3,'2021-02-09 22:36:54',NULL),(42,3,'2021-02-11 15:18:51',NULL),(43,3,'2021-02-22 04:23:39',NULL),(44,3,'2021-02-05 23:24:11',NULL),(45,3,'2021-02-22 10:53:07',NULL),(46,3,'2021-02-25 00:00:00',NULL),(47,3,'2021-02-13 15:00:16',NULL),(48,3,'2021-02-06 04:09:47',NULL),(49,3,'2021-02-14 04:53:55',NULL),(50,3,'2021-02-06 01:06:13',NULL),(51,3,'2021-02-12 04:04:06',NULL),(52,3,'2021-02-18 22:06:38',NULL),(53,3,'2021-02-17 19:40:13',NULL),(54,3,'2021-02-22 20:40:37',NULL),(55,3,'2021-02-18 21:54:17',NULL),(56,3,'2021-02-21 20:38:56',NULL),(57,3,'2021-02-13 11:15:08',NULL),(58,3,'2021-02-19 20:32:36',NULL),(59,3,'2021-02-16 10:06:00',NULL),(60,3,'2021-02-18 06:47:13',NULL),(61,3,'2021-02-22 11:28:54',NULL),(62,3,'2021-02-18 00:55:39',NULL),(63,3,'2021-02-10 18:06:51',NULL),(64,3,'2021-02-21 06:36:46',NULL),(65,3,'2021-02-19 19:31:50',NULL),(66,3,'2021-02-06 15:36:07',NULL),(67,3,'2021-02-19 03:12:55',NULL),(68,3,'2021-03-16 22:00:00',NULL);
/*!40000 ALTER TABLE `articles` ENABLE KEYS */;
UNLOCK TABLES;
DROP TABLE IF EXISTS `banner_translations`;
/*!40101 SET @saved_cs_client     = @@character_set_client */;
/*!40101 SET character_set_client = utf8 */;
CREATE TABLE `banner_translations` (
  `id` bigint(20) unsigned NOT NULL AUTO_INCREMENT,
  `banner_id` bigint(20) unsigned NOT NULL,
  `locale` varchar(3) COLLATE utf8mb4_unicode_ci NOT NULL,
  `image` varchar(255) COLLATE utf8mb4_unicode_ci NOT NULL,
  `name` varchar(255) COLLATE utf8mb4_unicode_ci DEFAULT NULL,
  `description` text COLLATE utf8mb4_unicode_ci DEFAULT NULL,
  `link` varchar(255) COLLATE utf8mb4_unicode_ci DEFAULT NULL,
  `button_name` varchar(255) COLLATE utf8mb4_unicode_ci DEFAULT NULL,
  `publish` tinyint(1) NOT NULL DEFAULT 0,
  `created_at` timestamp NULL DEFAULT NULL,
  `updated_at` timestamp NULL DEFAULT NULL,
  PRIMARY KEY (`id`),
  KEY `banner_translations_banner_id_foreign` (`banner_id`),
  KEY `banner_translations_locale_index` (`locale`),
  CONSTRAINT `banner_translations_banner_id_foreign` FOREIGN KEY (`banner_id`) REFERENCES `banners` (`id`) ON DELETE CASCADE
) ENGINE=InnoDB AUTO_INCREMENT=29 DEFAULT CHARSET=utf8mb4 COLLATE=utf8mb4_unicode_ci;
/*!40101 SET character_set_client = @saved_cs_client */;

LOCK TABLES `banner_translations` WRITE;
/*!40000 ALTER TABLE `banner_translations` DISABLE KEYS */;
INSERT INTO `banner_translations` VALUES (7,4,'ru','/uploads/banner-main/img-1.jpg','Отдушки и парфюмерные композиции','Запах является визитной карточкой любого продукта, первым впечатлением, ароматной памятью, которая надолго сохраняется в воспоминании. Выбор ароматической композиции, отдушки, имеет крайне важное значение при составлении рецептуры.',NULL,'Каталог',1,'2021-02-23 10:38:24','2021-02-23 10:38:24'),(8,4,'ua','/uploads/banner-main/img-1.jpg','Аромати і парфумерні композиції','Запах є візитною карткою будь-якого продукту, першим враженням, ароматної пам\'яттю, яка надовго зберігається в спогаді. Вибір ароматичної композиції, аромати, має вкрай важливе значення при складанні рецептури.',NULL,'Каталог',1,'2021-02-23 10:38:24','2021-02-23 10:38:24'),(9,5,'ru','/uploads/banner-main/img-1.jpg','Отдушки и парфюмерные композиции','Запах является визитной карточкой любого продукта, первым впечатлением, ароматной памятью, которая надолго сохраняется в воспоминании. Выбор ароматической композиции, отдушки, имеет крайне важное значение при составлении рецептуры.',NULL,'Каталог',1,'2021-02-23 10:40:03','2021-02-23 10:40:03'),(10,5,'ua','/uploads/banner-main/img-1.jpg','Аромати і парфумерні композиції','Запах є візитною карткою будь-якого продукту, першим враженням, ароматної пам\'яттю, яка надовго зберігається в спогаді. Вибір ароматичної композиції, аромати, має вкрай важливе значення при складанні рецептури.',NULL,'Каталог',1,'2021-02-23 10:40:03','2021-02-23 10:40:03'),(11,6,'ru','/uploads/banner-main/img-1.jpg','Отдушки и парфюмерные композиции','Запах является визитной карточкой любого продукта, первым впечатлением, ароматной памятью, которая надолго сохраняется в воспоминании. Выбор ароматической композиции, отдушки, имеет крайне важное значение при составлении рецептуры.',NULL,'Каталог',1,'2021-02-23 10:41:47','2021-02-23 10:41:47'),(12,6,'ua','/uploads/banner-main/img-1.jpg','Аромати і парфумерні композиції','Запах є візитною карткою будь-якого продукту, першим враженням, ароматної пам\'яттю, яка надовго зберігається в спогаді. Вибір ароматичної композиції, аромати, має вкрай важливе значення при складанні рецептури.',NULL,'Каталог',1,'2021-02-23 10:41:47','2021-02-23 10:41:47'),(13,7,'ru','/uploads/catalog-main/01.jpg','Отдушки и эфирные',NULL,NULL,'Отдушки и эфирные',1,'2021-02-23 10:50:43','2021-02-25 11:18:30'),(14,8,'ru','/uploads/catalog-main/02.jpg','Ароматизаторы',NULL,NULL,'Ароматизаторы',1,'2021-02-23 10:51:13','2021-02-25 11:18:49'),(15,9,'ru','/uploads/catalog-main/03.png','Душистые вещества для парфюмерии',NULL,NULL,'Душистые вещества для парфюмерии',1,'2021-02-23 10:51:39','2021-02-25 11:19:09'),(16,10,'ru','/uploads/catalog-main/07.jpg','Для парфюмерии',NULL,NULL,'Для парфюмерии',1,'2021-02-23 10:53:20','2021-02-25 11:19:26'),(17,11,'ru','/uploads/other-products-main/01.jpg','Прочая продукция',NULL,NULL,'Прочая продукция',1,'2021-02-23 11:01:42','2021-02-23 11:01:42'),(18,11,'ua','/uploads/other-products-main/01.jpg','Прочая продукция',NULL,NULL,'Прочая продукция',1,'2021-02-23 11:01:42','2021-02-23 11:01:42'),(19,7,'ua','/uploads/catalog-main/01.jpg','Аромати та ефірні',NULL,NULL,'Аромати та ефірні',1,'2021-02-23 11:02:19','2021-02-25 11:18:30'),(20,8,'ua','/uploads/catalog-main/02.jpg','ароматизатори',NULL,NULL,'ароматизатори',1,'2021-02-23 11:02:43','2021-02-25 11:18:49'),(21,9,'ua','/uploads/catalog-main/03.png','Запашні речовини для парфумерії',NULL,NULL,'Запашні речовини для парфумерії',1,'2021-02-23 11:03:11','2021-02-25 11:19:09'),(22,10,'ua','/uploads/catalog-main/07.jpg','для парфумерії',NULL,NULL,'для парфумерії',1,'2021-02-23 11:03:41','2021-02-25 11:19:26'),(23,12,'ru','/uploads/about-company-main/1.jpg',NULL,'<p>Предприятие ООО &laquo;РосКосметика&raquo; было основано в 2001 году. Являясь ведущим украинским разработчиком и производителем отдушек, наше предприятие отлично осведомлено во всех областях практических знаний, необходимых для создания и продвижения новых продуктов, а также возможностями для обеспечения наших клиентов превосходным сервисом и продукцией наивысшего качества. На сегодняшний день, предприятие производит отдушки для всех областей промышленности: отдушки для косметики, отдушки для бытовой химии, отдушки для критичных pH и отдушки для маскировки запаха изопропилового спирта и т.п.</p>','about-company','Подробнее',1,'2021-02-23 11:13:17','2021-03-01 16:18:35'),(24,12,'ua','/uploads/about-company-main/1.jpg',NULL,'<p>Підприємство ТОВ &laquo;РосКосметика&raquo; було засновано в 2001 році. Будучи провідним українським розробником і виробником ароматів, наше підприємство відмінно поінформоване у всіх областях практичних знань, необхідних для створення та просування нових продуктів, а також можливостями для забезпечення наших клієнтів чудовим сервісом і продукцією найвищої якості. На сьогоднішній день, підприємство виробляє аромати для всіх галузей промисловості: аромати для косметики, аромати для побутової хімії, аромати для критичних pH і аромату для маскування запаху ізопропілового спирту і т.п.</p>','about-company','Детальніше',1,'2021-02-23 11:13:17','2021-03-01 16:18:35'),(25,13,'ru','/uploads/catalog-main/04.jpg','Услуги хроматосмасс GSMS',NULL,NULL,'Услуги хроматосмасс GSMS',1,'2021-03-01 11:06:24','2021-03-01 11:06:24'),(26,13,'ua','/uploads/catalog-main/04.jpg','Услуги хроматосмасс GSMS',NULL,NULL,'Услуги хроматосмасс GSMS',1,'2021-03-01 11:06:24','2021-03-01 11:06:24'),(27,14,'ru','/uploads/catalog-main/13.jpg','Отдушки и эфирные',NULL,NULL,'Отдушки и эфирные',1,'2021-03-01 11:07:56','2021-03-01 11:07:56'),(28,14,'ua','/uploads/catalog-main/13.jpg','Отдушки и эфирные',NULL,NULL,'Отдушки и эфирные',1,'2021-03-01 11:07:56','2021-03-01 11:07:56');
/*!40000 ALTER TABLE `banner_translations` ENABLE KEYS */;
UNLOCK TABLES;
DROP TABLE IF EXISTS `banners`;
/*!40101 SET @saved_cs_client     = @@character_set_client */;
/*!40101 SET character_set_client = utf8 */;
CREATE TABLE `banners` (
  `id` bigint(20) unsigned NOT NULL AUTO_INCREMENT,
  `parent_page_id` bigint(20) unsigned DEFAULT NULL,
  `page_component_id` bigint(20) unsigned DEFAULT NULL,
  `bannerable_type` varchar(255) COLLATE utf8mb4_unicode_ci DEFAULT NULL,
  `bannerable_id` bigint(20) DEFAULT NULL,
  `order` int(11) NOT NULL DEFAULT 0 COMMENT 'сортировка',
  `active` tinyint(1) NOT NULL DEFAULT 1,
  `type` enum('default') COLLATE utf8mb4_unicode_ci NOT NULL DEFAULT 'default',
  `deleted_at` timestamp NULL DEFAULT NULL,
  PRIMARY KEY (`id`),
  KEY `banners_parent_page_id_foreign` (`parent_page_id`),
  KEY `banners_page_component_id_foreign` (`page_component_id`),
  KEY `bannerable_index_columns` (`bannerable_type`,`bannerable_id`),
  CONSTRAINT `banners_page_component_id_foreign` FOREIGN KEY (`page_component_id`) REFERENCES `page_components` (`id`) ON DELETE CASCADE,
  CONSTRAINT `banners_parent_page_id_foreign` FOREIGN KEY (`parent_page_id`) REFERENCES `pages` (`id`) ON DELETE CASCADE
) ENGINE=InnoDB AUTO_INCREMENT=15 DEFAULT CHARSET=utf8mb4 COLLATE=utf8mb4_unicode_ci;
/*!40101 SET character_set_client = @saved_cs_client */;

LOCK TABLES `banners` WRITE;
/*!40000 ALTER TABLE `banners` DISABLE KEYS */;
INSERT INTO `banners` VALUES (4,1,5,NULL,NULL,1,1,'default',NULL),(5,1,5,NULL,NULL,2,1,'default',NULL),(6,1,5,NULL,NULL,3,1,'default',NULL),(7,1,6,NULL,NULL,4,1,'default',NULL),(8,1,6,NULL,NULL,5,1,'default',NULL),(9,1,6,NULL,NULL,6,1,'default',NULL),(10,1,6,NULL,NULL,7,1,'default',NULL),(11,1,7,NULL,NULL,8,1,'default',NULL),(12,1,8,NULL,NULL,9,1,'default',NULL),(13,1,6,NULL,NULL,10,1,'default',NULL),(14,1,6,NULL,NULL,11,1,'default',NULL);
/*!40000 ALTER TABLE `banners` ENABLE KEYS */;
UNLOCK TABLES;
DROP TABLE IF EXISTS `cities`;
/*!40101 SET @saved_cs_client     = @@character_set_client */;
/*!40101 SET character_set_client = utf8 */;
CREATE TABLE `cities` (
  `id` bigint(20) unsigned NOT NULL AUTO_INCREMENT,
  `order` int(11) NOT NULL DEFAULT 0,
  `active` tinyint(1) NOT NULL DEFAULT 1,
  `deleted_at` timestamp NULL DEFAULT NULL,
  PRIMARY KEY (`id`)
) ENGINE=InnoDB DEFAULT CHARSET=utf8mb4 COLLATE=utf8mb4_unicode_ci;
/*!40101 SET character_set_client = @saved_cs_client */;

LOCK TABLES `cities` WRITE;
/*!40000 ALTER TABLE `cities` DISABLE KEYS */;
/*!40000 ALTER TABLE `cities` ENABLE KEYS */;
UNLOCK TABLES;
DROP TABLE IF EXISTS `city_translations`;
/*!40101 SET @saved_cs_client     = @@character_set_client */;
/*!40101 SET character_set_client = utf8 */;
CREATE TABLE `city_translations` (
  `id` bigint(20) unsigned NOT NULL AUTO_INCREMENT,
  `city_id` bigint(20) unsigned NOT NULL,
  `locale` varchar(3) COLLATE utf8mb4_unicode_ci NOT NULL,
  `name` varchar(255) COLLATE utf8mb4_unicode_ci NOT NULL,
  `publish` tinyint(1) NOT NULL DEFAULT 0,
  `created_at` timestamp NULL DEFAULT NULL,
  `updated_at` timestamp NULL DEFAULT NULL,
  PRIMARY KEY (`id`),
  KEY `city_translations_city_id_foreign` (`city_id`),
  KEY `city_translations_locale_index` (`locale`),
  CONSTRAINT `city_translations_city_id_foreign` FOREIGN KEY (`city_id`) REFERENCES `cities` (`id`) ON DELETE CASCADE
) ENGINE=InnoDB DEFAULT CHARSET=utf8mb4 COLLATE=utf8mb4_unicode_ci;
/*!40101 SET character_set_client = @saved_cs_client */;

LOCK TABLES `city_translations` WRITE;
/*!40000 ALTER TABLE `city_translations` DISABLE KEYS */;
/*!40000 ALTER TABLE `city_translations` ENABLE KEYS */;
UNLOCK TABLES;
DROP TABLE IF EXISTS `components`;
/*!40101 SET @saved_cs_client     = @@character_set_client */;
/*!40101 SET character_set_client = utf8 */;
CREATE TABLE `components` (
  `id` bigint(20) unsigned NOT NULL AUTO_INCREMENT,
  `name` varchar(255) COLLATE utf8mb4_unicode_ci NOT NULL,
  `alias` varchar(255) COLLATE utf8mb4_unicode_ci NOT NULL,
  `type` enum('module','widget') COLLATE utf8mb4_unicode_ci NOT NULL,
  `description` text COLLATE utf8mb4_unicode_ci DEFAULT NULL,
  `data` longtext CHARACTER SET utf8mb4 COLLATE utf8mb4_bin NOT NULL DEFAULT '',
  PRIMARY KEY (`id`),
  UNIQUE KEY `components_alias_unique` (`alias`)
) ENGINE=InnoDB AUTO_INCREMENT=10 DEFAULT CHARSET=utf8mb4 COLLATE=utf8mb4_unicode_ci;
/*!40101 SET character_set_client = @saved_cs_client */;

LOCK TABLES `components` WRITE;
/*!40000 ALTER TABLE `components` DISABLE KEYS */;
INSERT INTO `components` VALUES (1,'Преимущества','advantages','widget','Информационный блок','{\"cms_navigation\":[{\"label\":\"cms.advantages\",\"icon\":\"\",\"slug\":\"module.page_info.index\"}]}'),(2,'Основной слайдер на главной','slider-main','widget','Создание баннеров, слайдеров','{\"cms_navigation\":[{\"label\":\"cms.slider-main\",\"icon\":\"\",\"slug\":\"module.page_banner.index\"}]}'),(3,'Каталог продукции','catalog-banner-main','widget','Создание баннеров, слайдеров','{\"cms_navigation\":[{\"label\":\"cms.catalog_banner_main\",\"icon\":\"\",\"slug\":\"module.page_banner.index\"}]}'),(4,'Прочая продукция','other-products','widget','Создание баннеров, слайдеров','{\"cms_navigation\":[{\"label\":\"cms.other-products\",\"icon\":\"\",\"slug\":\"module.page_banner.index\"}]}'),(5,'О компании на главной','about-company-main','widget','Создание баннеров, слайдеров','{\"cms_navigation\":[{\"label\":\"cms.about-company\",\"icon\":\"\",\"slug\":\"module.page_banner.index\"}]}'),(6,'Модуль статей','articles','module','Статьи','{\"routes\":{\"web\":[{\"method\":\"get\",\"controller\":\"App\\\\Http\\\\Controllers\\\\Web\\\\ArticleController\",\"action\":\"index\"}],\"cms\":[{\"method\":\"get\",\"uri\":\"page\\/{page}\\/{name}\",\"type\":\"section\",\"controller\":\"PagesController\",\"action\":\"index\"},{\"method\":\"patch\",\"uri\":\"page\\/{page}\\/{name}\",\"type\":\"section\",\"controller\":\"PagesController\",\"action\":\"update\"}]},\"cms_navigation\":[{\"label\":\"cms.articles\",\"icon\":\"\",\"slug\":\"module.article.index\"}]}'),(7,'Модуль текстовой страницы','text-page','module','Модуль текстовых страниц','{\"routes\":{\"web\":[{\"method\":\"get\",\"controller\":\"App\\\\Http\\\\Controllers\\\\Web\\\\TextPageController\",\"action\":\"index\"}],\"cms\":[{\"method\":\"get\",\"uri\":\"page\\/{page}\\/{name}\",\"type\":\"section\",\"controller\":\"PagesController\",\"action\":\"index\"},{\"method\":\"patch\",\"uri\":\"page\\/{page}\\/{name}\",\"type\":\"section\",\"controller\":\"PagesController\",\"action\":\"update\"}]}}'),(8,'Галерея на странице','page-gallery','widget','Создание галлереи, фото-видео','{\"cms_navigation\":[{\"label\":\"cms.gallery\",\"icon\":\"\",\"slug\":\"module.page_gallery.index\"}]}'),(9,'модуль контакты','contact','module','Страница контактов','{\"routes\":{\"web\":[{\"method\":\"get\",\"controller\":\"App\\\\Http\\\\Controllers\\\\Web\\\\ContactController\",\"action\":\"index\"}],\"cms\":[{\"method\":\"get\",\"uri\":\"page\\/{page}\\/{name}\",\"type\":\"section\",\"controller\":\"PagesController\",\"action\":\"index\"},{\"method\":\"patch\",\"uri\":\"page\\/{page}\\/{name}\",\"type\":\"section\",\"controller\":\"PagesController\",\"action\":\"update\"}]}}');
/*!40000 ALTER TABLE `components` ENABLE KEYS */;
UNLOCK TABLES;
DROP TABLE IF EXISTS `countries`;
/*!40101 SET @saved_cs_client     = @@character_set_client */;
/*!40101 SET character_set_client = utf8 */;
CREATE TABLE `countries` (
  `id` bigint(20) unsigned NOT NULL AUTO_INCREMENT,
  `order` int(11) NOT NULL DEFAULT 0,
  `active` tinyint(1) NOT NULL DEFAULT 1,
  `show` tinyint(1) NOT NULL DEFAULT 1,
  `deleted_at` timestamp NULL DEFAULT NULL,
  PRIMARY KEY (`id`)
) ENGINE=InnoDB AUTO_INCREMENT=15 DEFAULT CHARSET=utf8mb4 COLLATE=utf8mb4_unicode_ci;
/*!40101 SET character_set_client = @saved_cs_client */;

LOCK TABLES `countries` WRITE;
/*!40000 ALTER TABLE `countries` DISABLE KEYS */;
INSERT INTO `countries` VALUES (1,1,1,0,NULL),(2,2,1,1,NULL),(3,3,1,1,NULL),(4,4,1,1,NULL),(5,5,1,1,NULL),(6,6,1,1,NULL),(7,7,1,1,NULL),(8,8,1,1,NULL),(9,9,1,1,NULL),(10,10,1,1,NULL),(11,11,1,1,NULL),(12,12,1,1,NULL),(14,13,1,1,'2021-03-04 13:32:42');
/*!40000 ALTER TABLE `countries` ENABLE KEYS */;
UNLOCK TABLES;
DROP TABLE IF EXISTS `country_translations`;
/*!40101 SET @saved_cs_client     = @@character_set_client */;
/*!40101 SET character_set_client = utf8 */;
CREATE TABLE `country_translations` (
  `id` bigint(20) unsigned NOT NULL AUTO_INCREMENT,
  `country_id` bigint(20) unsigned NOT NULL,
  `locale` varchar(3) COLLATE utf8mb4_unicode_ci NOT NULL,
  `name` varchar(255) COLLATE utf8mb4_unicode_ci NOT NULL,
  `publish` tinyint(1) NOT NULL DEFAULT 0,
  `created_at` timestamp NULL DEFAULT NULL,
  `updated_at` timestamp NULL DEFAULT NULL,
  PRIMARY KEY (`id`),
  KEY `country_translations_country_id_foreign` (`country_id`),
  KEY `country_translations_locale_index` (`locale`),
  CONSTRAINT `country_translations_country_id_foreign` FOREIGN KEY (`country_id`) REFERENCES `countries` (`id`) ON DELETE CASCADE
) ENGINE=InnoDB AUTO_INCREMENT=28 DEFAULT CHARSET=utf8mb4 COLLATE=utf8mb4_unicode_ci;
/*!40101 SET character_set_client = @saved_cs_client */;

LOCK TABLES `country_translations` WRITE;
/*!40000 ALTER TABLE `country_translations` DISABLE KEYS */;
INSERT INTO `country_translations` VALUES (1,1,'ru','Украина',1,'2021-03-02 11:12:40','2021-03-02 11:12:40'),(2,1,'ua','Україна',1,'2021-03-02 11:12:40','2021-03-02 11:12:40'),(3,2,'ru','Армения',1,'2021-03-02 11:16:57','2021-03-04 13:33:45'),(4,2,'ua','Вірменія',1,'2021-03-02 11:16:57','2021-03-04 13:33:29'),(5,3,'ru','Азербайджан',1,'2021-03-02 11:17:16','2021-03-02 11:17:16'),(6,3,'ua','Азербайджан',1,'2021-03-02 11:17:16','2021-03-02 11:17:16'),(7,4,'ru','Беларусь',1,'2021-03-02 11:18:55','2021-03-02 11:18:55'),(8,4,'ua','Білорусь',1,'2021-03-02 11:18:55','2021-03-02 11:18:55'),(9,5,'ru','Грузия',1,'2021-03-02 11:19:11','2021-03-02 11:19:11'),(10,5,'ua','Грузія',1,'2021-03-02 11:19:11','2021-03-02 11:19:11'),(11,6,'ru','Польша',1,'2021-03-02 11:19:29','2021-03-02 11:19:29'),(12,6,'ua','Польща',1,'2021-03-02 11:19:29','2021-03-02 11:19:29'),(13,7,'ru','Латвия',1,'2021-03-02 11:19:59','2021-03-02 11:19:59'),(14,7,'ua','Латвія',1,'2021-03-02 11:19:59','2021-03-02 11:19:59'),(15,8,'ru','Молдова',1,'2021-03-02 11:20:16','2021-03-02 11:20:16'),(16,8,'ua','Молдова',1,'2021-03-02 11:20:17','2021-03-02 11:20:17'),(17,9,'ru','Россия',1,'2021-03-02 11:20:35','2021-03-02 11:20:35'),(18,9,'ua','Росія',1,'2021-03-02 11:20:35','2021-03-02 11:20:35'),(19,10,'ru','Казахстан',1,'2021-03-02 11:20:50','2021-03-02 11:20:50'),(20,10,'ua','Казахстан',1,'2021-03-02 11:20:50','2021-03-02 11:20:50'),(21,11,'ru','Узбекистан',1,'2021-03-02 11:21:10','2021-03-02 11:21:10'),(22,11,'ua','Узбекистан',1,'2021-03-02 11:21:10','2021-03-02 11:21:10'),(23,12,'ru','Кыргызстан',1,'2021-03-02 11:21:35','2021-03-02 11:21:35'),(24,12,'ua','Киргизстан',1,'2021-03-02 11:21:35','2021-03-02 11:21:35'),(27,14,'ru','test',1,'2021-03-02 11:43:27','2021-03-02 11:43:27');
/*!40000 ALTER TABLE `country_translations` ENABLE KEYS */;
UNLOCK TABLES;
DROP TABLE IF EXISTS `currencies`;
/*!40101 SET @saved_cs_client     = @@character_set_client */;
/*!40101 SET character_set_client = utf8 */;
CREATE TABLE `currencies` (
  `id` bigint(20) unsigned NOT NULL AUTO_INCREMENT,
  `iso` varchar(255) COLLATE utf8mb4_unicode_ci DEFAULT NULL COMMENT 'код валюты',
  `symbol` varchar(255) COLLATE utf8mb4_unicode_ci DEFAULT NULL COMMENT 'Символ (знак) валюты',
  `html_code` varchar(255) COLLATE utf8mb4_unicode_ci DEFAULT NULL,
  `unicode` varchar(255) COLLATE utf8mb4_unicode_ci DEFAULT NULL,
  `active` tinyint(1) NOT NULL DEFAULT 1,
  `type` varchar(255) COLLATE utf8mb4_unicode_ci DEFAULT NULL,
  `deleted_at` timestamp NULL DEFAULT NULL,
  PRIMARY KEY (`id`)
) ENGINE=InnoDB DEFAULT CHARSET=utf8mb4 COLLATE=utf8mb4_unicode_ci;
/*!40101 SET character_set_client = @saved_cs_client */;

LOCK TABLES `currencies` WRITE;
/*!40000 ALTER TABLE `currencies` DISABLE KEYS */;
/*!40000 ALTER TABLE `currencies` ENABLE KEYS */;
UNLOCK TABLES;
DROP TABLE IF EXISTS `currency_translations`;
/*!40101 SET @saved_cs_client     = @@character_set_client */;
/*!40101 SET character_set_client = utf8 */;
CREATE TABLE `currency_translations` (
  `id` bigint(20) unsigned NOT NULL AUTO_INCREMENT,
  `currency_id` bigint(20) unsigned NOT NULL,
  `locale` varchar(3) COLLATE utf8mb4_unicode_ci NOT NULL,
  `name` varchar(255) COLLATE utf8mb4_unicode_ci NOT NULL,
  `short_name` varchar(255) COLLATE utf8mb4_unicode_ci NOT NULL,
  `created_at` timestamp NULL DEFAULT NULL,
  `updated_at` timestamp NULL DEFAULT NULL,
  PRIMARY KEY (`id`),
  KEY `currency_translations_locale_index` (`locale`)
) ENGINE=InnoDB AUTO_INCREMENT=56 DEFAULT CHARSET=utf8mb4 COLLATE=utf8mb4_unicode_ci;
/*!40101 SET character_set_client = @saved_cs_client */;

LOCK TABLES `currency_translations` WRITE;
/*!40000 ALTER TABLE `currency_translations` DISABLE KEYS */;
INSERT INTO `currency_translations` VALUES (7,1,'ru','EUR','',NULL,NULL),(8,1,'ua','EUR','',NULL,NULL),(9,1,'ru','EUR','',NULL,NULL),(10,1,'ua','EUR','',NULL,NULL),(11,1,'ru','EUR','',NULL,NULL),(12,1,'ua','EUR','',NULL,NULL),(13,1,'ru','EUR','',NULL,NULL),(14,1,'ua','EUR','',NULL,NULL),(15,1,'ru','EUR','',NULL,NULL),(16,1,'ua','EUR','',NULL,NULL),(17,1,'ru','EUR','',NULL,NULL),(18,1,'ua','EUR','',NULL,NULL),(19,1,'ru','EUR','',NULL,NULL),(20,1,'ua','EUR','',NULL,NULL),(21,1,'ru','EUR','',NULL,NULL),(22,1,'ua','EUR','',NULL,NULL),(23,1,'ru','EUR','',NULL,NULL),(24,1,'ua','EUR','',NULL,NULL),(29,3,'ru','EUR','',NULL,NULL),(30,3,'ua','EUR','',NULL,NULL),(31,1,'ru','EUR','',NULL,NULL),(32,1,'ua','EUR','',NULL,NULL),(33,1,'ru','EUR','',NULL,NULL),(34,1,'ua','EUR','',NULL,NULL),(35,1,'ru','EUR','',NULL,NULL),(36,1,'ua','EUR','',NULL,NULL),(37,1,'ru','EUR','',NULL,NULL),(38,1,'ua','EUR','',NULL,NULL),(39,1,'ru','EUR','',NULL,NULL),(40,1,'ua','EUR','',NULL,NULL),(41,1,'ru','EUR','',NULL,NULL),(42,1,'ua','EUR','',NULL,NULL),(43,1,'ru','EUR','',NULL,NULL),(44,1,'ua','EUR','',NULL,NULL),(45,1,'ru','EUR','',NULL,NULL),(46,1,'ua','EUR','',NULL,NULL),(47,1,'ru','EUR','',NULL,NULL),(48,1,'ua','EUR','',NULL,NULL),(49,1,'en','EUR','',NULL,NULL),(50,1,'ru','EUR','',NULL,NULL),(51,1,'ua','EUR','',NULL,NULL),(52,1,'en','EUR','',NULL,NULL),(53,1,'ru','EUR','',NULL,NULL),(54,1,'ua','EUR','',NULL,NULL),(55,1,'en','EUR','',NULL,NULL);
/*!40000 ALTER TABLE `currency_translations` ENABLE KEYS */;
UNLOCK TABLES;
DROP TABLE IF EXISTS `entities_map`;
/*!40101 SET @saved_cs_client     = @@character_set_client */;
/*!40101 SET character_set_client = utf8 */;
CREATE TABLE `entities_map` (
  `id` bigint(20) unsigned NOT NULL AUTO_INCREMENT,
  `mapable_type` varchar(255) COLLATE utf8mb4_unicode_ci NOT NULL,
  `mapable_id` bigint(20) unsigned NOT NULL,
  `lat` decimal(16,14) DEFAULT NULL,
  `lng` decimal(16,14) DEFAULT NULL,
  `created_at` timestamp NULL DEFAULT NULL,
  `updated_at` timestamp NULL DEFAULT NULL,
  PRIMARY KEY (`id`),
  KEY `entities_map_mapable_type_mapable_id_index` (`mapable_type`,`mapable_id`)
) ENGINE=InnoDB AUTO_INCREMENT=6 DEFAULT CHARSET=utf8mb4 COLLATE=utf8mb4_unicode_ci;
/*!40101 SET character_set_client = @saved_cs_client */;

LOCK TABLES `entities_map` WRITE;
/*!40000 ALTER TABLE `entities_map` DISABLE KEYS */;
INSERT INTO `entities_map` VALUES (3,'Modules\\Shop\\Entities\\Shop',2,46.94012148711139,32.03842063621519,'2021-03-03 11:40:14','2021-09-09 12:05:20'),(5,'Modules\\Shop\\Entities\\Shop',3,55.68559122052116,37.73627576441803,'2021-03-03 15:11:02','2021-03-04 14:21:57');
/*!40000 ALTER TABLE `entities_map` ENABLE KEYS */;
UNLOCK TABLES;
DROP TABLE IF EXISTS `entities_on_menus`;
/*!40101 SET @saved_cs_client     = @@character_set_client */;
/*!40101 SET character_set_client = utf8 */;
CREATE TABLE `entities_on_menus` (
  `id` bigint(20) unsigned NOT NULL AUTO_INCREMENT,
  `menu_id` bigint(20) unsigned NOT NULL,
  `entityable_type` varchar(255) COLLATE utf8mb4_unicode_ci NOT NULL,
  `entityable_id` bigint(20) unsigned NOT NULL,
  PRIMARY KEY (`id`),
  KEY `entities_on_menus_entityable_type_entityable_id_index` (`entityable_type`,`entityable_id`),
  KEY `entities_on_menus_menu_id_foreign` (`menu_id`),
  CONSTRAINT `entities_on_menus_menu_id_foreign` FOREIGN KEY (`menu_id`) REFERENCES `menus` (`id`) ON DELETE CASCADE
) ENGINE=InnoDB DEFAULT CHARSET=utf8mb4 COLLATE=utf8mb4_unicode_ci;
/*!40101 SET character_set_client = @saved_cs_client */;

LOCK TABLES `entities_on_menus` WRITE;
/*!40000 ALTER TABLE `entities_on_menus` DISABLE KEYS */;
/*!40000 ALTER TABLE `entities_on_menus` ENABLE KEYS */;
UNLOCK TABLES;
DROP TABLE IF EXISTS `entities_on_pages`;
/*!40101 SET @saved_cs_client     = @@character_set_client */;
/*!40101 SET character_set_client = utf8 */;
CREATE TABLE `entities_on_pages` (
  `id` bigint(20) unsigned NOT NULL AUTO_INCREMENT,
  `entityable_type` varchar(255) COLLATE utf8mb4_unicode_ci DEFAULT NULL,
  `entityable_id` bigint(20) unsigned DEFAULT NULL,
  `parent_page_id` bigint(20) unsigned NOT NULL,
  `order` int(11) NOT NULL DEFAULT 0,
  `alias` varchar(255) COLLATE utf8mb4_unicode_ci NOT NULL,
  `created_at` timestamp NULL DEFAULT NULL,
  `updated_at` timestamp NULL DEFAULT NULL,
  PRIMARY KEY (`id`)
) ENGINE=InnoDB DEFAULT CHARSET=utf8mb4 COLLATE=utf8mb4_unicode_ci;
/*!40101 SET character_set_client = @saved_cs_client */;

LOCK TABLES `entities_on_pages` WRITE;
/*!40000 ALTER TABLE `entities_on_pages` DISABLE KEYS */;
/*!40000 ALTER TABLE `entities_on_pages` ENABLE KEYS */;
UNLOCK TABLES;
DROP TABLE IF EXISTS `entity_components`;
/*!40101 SET @saved_cs_client     = @@character_set_client */;
/*!40101 SET character_set_client = utf8 */;
CREATE TABLE `entity_components` (
  `id` bigint(20) unsigned NOT NULL AUTO_INCREMENT,
  `table` varchar(255) COLLATE utf8mb4_unicode_ci NOT NULL COMMENT 'имя таблицы в базе данных к записи которой будет добавляться дополнительный компонент',
  `model` varchar(255) COLLATE utf8mb4_unicode_ci NOT NULL COMMENT 'полный путь к модели записи',
  `name` varchar(255) COLLATE utf8mb4_unicode_ci NOT NULL DEFAULT 'cms.gallery' COMMENT 'перевод в под меню записи',
  `icon` varchar(255) COLLATE utf8mb4_unicode_ci DEFAULT NULL COMMENT 'иконка в под меню',
  `slug` varchar(255) COLLATE utf8mb4_unicode_ci NOT NULL COMMENT '\r\n                базовый роут привязанного компонента записи. Например для статей привязываем галлерею module.entity_gallery.index\r\n                если эта запись привязана к какой-то странице. Или module.gallery.index если запись к странице не привязана как например товары, категории товаров',
  `route_key` varchar(255) COLLATE utf8mb4_unicode_ci NOT NULL COMMENT 'имя роута без action для возвращения назад из привязанного к записи компонента в саму запись.\r\n            Например для статьи - module.article',
  `relation` varchar(255) COLLATE utf8mb4_unicode_ci NOT NULL COMMENT 'связь с моделью компонента - для удаления',
  `order` int(11) NOT NULL DEFAULT 0 COMMENT 'сортировка',
  PRIMARY KEY (`id`)
) ENGINE=InnoDB AUTO_INCREMENT=7 DEFAULT CHARSET=utf8mb4 COLLATE=utf8mb4_unicode_ci;
/*!40101 SET character_set_client = @saved_cs_client */;

LOCK TABLES `entity_components` WRITE;
/*!40000 ALTER TABLE `entity_components` DISABLE KEYS */;
INSERT INTO `entity_components` VALUES (1,'articles','Modules\\Article\\Entities\\Article','cms.gallery',NULL,'module.entity_gallery.index','module.article','gallery',1),(3,'shops','Modules\\Shop\\Entities\\Shop','cms.google_map',NULL,'module.entity_map.index','root.shop','map',3),(4,'shops','Modules\\Shop\\Entities\\Shop','cms.entity_contact',NULL,'module.entity_contact.index','root.shop','contacts',2),(5,'products','Modules\\Catalog\\Entities\\Product','cms.gallery',NULL,'module.gallery.index','catalog.product','gallery',4),(6,'product_categories','Modules\\Catalog\\Entities\\ProductCategory','cms.gallery',NULL,'module.gallery.index','catalog.product_category','gallery',5);
/*!40000 ALTER TABLE `entity_components` ENABLE KEYS */;
UNLOCK TABLES;
DROP TABLE IF EXISTS `entity_contact_translations`;
/*!40101 SET @saved_cs_client     = @@character_set_client */;
/*!40101 SET character_set_client = utf8 */;
CREATE TABLE `entity_contact_translations` (
  `id` bigint(20) unsigned NOT NULL AUTO_INCREMENT,
  `entity_contact_id` bigint(20) unsigned NOT NULL,
  `locale` varchar(3) COLLATE utf8mb4_unicode_ci NOT NULL,
  `name` varchar(255) COLLATE utf8mb4_unicode_ci DEFAULT NULL,
  `description` varchar(255) COLLATE utf8mb4_unicode_ci DEFAULT NULL,
  `publish` tinyint(1) NOT NULL DEFAULT 1,
  `created_at` timestamp NULL DEFAULT NULL,
  `updated_at` timestamp NULL DEFAULT NULL,
  PRIMARY KEY (`id`),
  KEY `entity_contact_translations_entity_contact_id_foreign` (`entity_contact_id`),
  KEY `entity_contact_translations_locale_index` (`locale`),
  CONSTRAINT `entity_contact_translations_entity_contact_id_foreign` FOREIGN KEY (`entity_contact_id`) REFERENCES `entity_contacts` (`id`) ON DELETE CASCADE
) ENGINE=InnoDB AUTO_INCREMENT=35 DEFAULT CHARSET=utf8mb4 COLLATE=utf8mb4_unicode_ci;
/*!40101 SET character_set_client = @saved_cs_client */;

LOCK TABLES `entity_contact_translations` WRITE;
/*!40000 ALTER TABLE `entity_contact_translations` DISABLE KEYS */;
INSERT INTO `entity_contact_translations` VALUES (1,1,'ru',NULL,'Коммерческий директор',1,'2021-03-04 07:21:00','2021-03-04 07:21:00'),(2,1,'ua',NULL,'Коммерческий директор',1,'2021-03-04 07:21:00','2021-03-04 07:21:00'),(3,2,'ru',NULL,'Отдел снабжения',1,'2021-03-04 07:22:51','2021-03-04 07:22:51'),(4,2,'ua',NULL,'Відділ постачання',1,'2021-03-04 07:22:52','2021-03-04 07:22:52'),(5,3,'ru',NULL,'Бухгалтерия',1,'2021-03-04 07:23:22','2021-03-04 07:23:22'),(6,3,'ua',NULL,'Бухгалтерія',1,'2021-03-04 07:23:22','2021-03-04 07:23:22'),(7,4,'ru',NULL,'Отдел внешней торговли',1,'2021-03-04 07:23:59','2021-03-04 07:23:59'),(8,4,'ua',NULL,'Отдел внешней торговли',1,'2021-03-04 07:23:59','2021-03-04 07:23:59'),(9,5,'ru',NULL,NULL,1,'2021-03-04 07:26:47','2021-03-04 07:26:47'),(10,5,'ua',NULL,NULL,1,'2021-03-04 07:26:47','2021-03-04 07:26:47'),(11,6,'ru',NULL,NULL,1,'2021-03-04 07:29:20','2021-03-04 07:29:20'),(12,6,'ua',NULL,NULL,1,'2021-03-04 07:29:20','2021-03-04 07:29:20'),(13,7,'ru',NULL,'(FAX)',1,'2021-03-04 07:29:50','2021-03-04 07:29:50'),(14,7,'ua',NULL,'(FAX)',1,'2021-03-04 07:29:50','2021-03-04 07:29:50'),(15,8,'ru',NULL,NULL,1,'2021-03-04 07:30:13','2021-03-04 07:30:13'),(16,8,'ua',NULL,NULL,1,'2021-03-04 07:30:13','2021-03-04 07:30:13'),(17,9,'ru',NULL,NULL,1,'2021-03-04 07:30:52','2021-03-04 07:30:52'),(18,9,'ua',NULL,NULL,1,'2021-03-04 07:30:52','2021-03-04 07:30:52'),(19,10,'ru',NULL,NULL,1,'2021-03-04 07:31:10','2021-03-04 07:31:10'),(20,10,'ua',NULL,NULL,1,'2021-03-04 07:31:10','2021-03-04 07:31:10'),(21,11,'ru',NULL,NULL,1,'2021-03-04 07:31:24','2021-03-04 07:31:24'),(22,11,'ua',NULL,NULL,1,'2021-03-04 07:31:24','2021-03-04 07:31:24'),(23,12,'ru',NULL,NULL,1,'2021-03-04 07:31:51','2021-03-04 07:31:51'),(24,12,'ua',NULL,NULL,1,'2021-03-04 07:31:51','2021-03-04 07:31:51'),(25,13,'ru',NULL,NULL,1,'2021-03-04 07:32:19','2021-03-04 07:32:19'),(26,13,'ua',NULL,'(FAX)',1,'2021-03-04 07:32:19','2021-03-04 07:32:19'),(27,14,'ru',NULL,NULL,1,'2021-03-04 07:32:38','2021-03-04 07:32:38'),(28,14,'ua',NULL,NULL,1,'2021-03-04 07:32:38','2021-03-04 07:32:38'),(29,15,'ru',NULL,NULL,1,'2021-03-04 07:36:13','2021-03-04 07:36:13'),(30,15,'ua',NULL,NULL,1,'2021-03-04 07:36:13','2021-03-04 07:36:13'),(31,16,'ru',NULL,NULL,1,'2021-03-04 07:36:32','2021-03-04 07:53:14'),(32,17,'ru',NULL,NULL,1,'2021-03-04 07:36:45','2021-03-04 07:52:01'),(33,17,'ua',NULL,NULL,1,'2021-03-04 07:52:01','2021-03-04 07:52:01'),(34,16,'ua',NULL,NULL,1,'2021-03-04 07:53:15','2021-03-04 07:53:15');
/*!40000 ALTER TABLE `entity_contact_translations` ENABLE KEYS */;
UNLOCK TABLES;
DROP TABLE IF EXISTS `entity_contacts`;
/*!40101 SET @saved_cs_client     = @@character_set_client */;
/*!40101 SET character_set_client = utf8 */;
CREATE TABLE `entity_contacts` (
  `id` bigint(20) unsigned NOT NULL AUTO_INCREMENT,
  `contactable_type` varchar(255) COLLATE utf8mb4_unicode_ci NOT NULL,
  `contactable_id` bigint(20) unsigned NOT NULL,
  `value` varchar(255) COLLATE utf8mb4_unicode_ci DEFAULT NULL,
  `type` varchar(255) COLLATE utf8mb4_unicode_ci NOT NULL,
  `order` int(11) NOT NULL DEFAULT 0,
  `active` tinyint(1) NOT NULL DEFAULT 1,
  `deleted_at` timestamp NULL DEFAULT NULL,
  PRIMARY KEY (`id`),
  KEY `entity_contacts_contactable_type_contactable_id_index` (`contactable_type`,`contactable_id`),
  KEY `contactable_index_columns` (`contactable_type`,`contactable_id`)
) ENGINE=InnoDB AUTO_INCREMENT=18 DEFAULT CHARSET=utf8mb4 COLLATE=utf8mb4_unicode_ci;
/*!40101 SET character_set_client = @saved_cs_client */;

LOCK TABLES `entity_contacts` WRITE;
/*!40000 ALTER TABLE `entity_contacts` DISABLE KEYS */;
INSERT INTO `entity_contacts` VALUES (1,'Modules\\Shop\\Entities\\Shop',2,'+38 (0512) 56-17-91','phone',1,1,NULL),(2,'Modules\\Shop\\Entities\\Shop',2,'+38 (0512) 56-97-40','phone',2,1,NULL),(3,'Modules\\Shop\\Entities\\Shop',2,'+38 (0512) 56-23-28','phone',3,1,NULL),(4,'Modules\\Shop\\Entities\\Shop',2,'+38 (0512) 56-97-40','phone',4,1,NULL),(5,'Modules\\Shop\\Entities\\Shop',2,'office@roscosmetic.com','email',5,1,NULL),(6,'Modules\\Shop\\Entities\\Shop',3,'+7 (499) 784-54-58','phone',6,1,NULL),(7,'Modules\\Shop\\Entities\\Shop',3,'+7 (499) 784-54-53','phone',7,1,NULL),(8,'Modules\\Shop\\Entities\\Shop',3,'office@roscosmetic.com','email',8,1,NULL),(9,'Modules\\Shop\\Entities\\Shop',4,'8 (383) 263-81-98','phone',9,1,NULL),(10,'Modules\\Shop\\Entities\\Shop',4,'8 (913) 753-21-97','phone',10,1,NULL),(11,'Modules\\Shop\\Entities\\Shop',4,'ukraine@roscosmetic.com.location','email',11,1,NULL),(12,'Modules\\Shop\\Entities\\Shop',5,'+7 (499) 784-54-58','phone',12,1,NULL),(13,'Modules\\Shop\\Entities\\Shop',5,'+7 (499) 784-54-53','phone',13,1,NULL),(14,'Modules\\Shop\\Entities\\Shop',5,'office@roscosmetic.com','email',14,1,NULL),(15,'Modules\\Shop\\Entities\\Shop',6,'8 (383) 263-81-98','phone',15,1,NULL),(16,'Modules\\Shop\\Entities\\Shop',6,'8 (913) 753-21-97','phone',16,1,NULL),(17,'Modules\\Shop\\Entities\\Shop',6,'ukraine@roscosmetic.com','email',17,1,NULL);
/*!40000 ALTER TABLE `entity_contacts` ENABLE KEYS */;
UNLOCK TABLES;
DROP TABLE IF EXISTS `entity_features`;
/*!40101 SET @saved_cs_client     = @@character_set_client */;
/*!40101 SET character_set_client = utf8 */;
CREATE TABLE `entity_features` (
  `id` bigint(20) unsigned NOT NULL AUTO_INCREMENT,
  `entityable_type` varchar(255) COLLATE utf8mb4_unicode_ci NOT NULL,
  `entityable_id` bigint(20) unsigned NOT NULL,
  `feature_id` bigint(20) unsigned DEFAULT NULL,
  `feature_kind_id` bigint(20) unsigned DEFAULT NULL,
  `feature_value_id` bigint(20) unsigned DEFAULT NULL,
  `value` decimal(12,2) NOT NULL DEFAULT 0.00,
  `value_from` decimal(12,2) NOT NULL DEFAULT 0.00,
  `value_to` decimal(12,2) NOT NULL DEFAULT 0.00,
  `modify_feature` tinyint(1) NOT NULL DEFAULT 0,
  `modify_value` tinyint(1) NOT NULL DEFAULT 0,
  PRIMARY KEY (`id`),
  KEY `entity_features_feature_id_foreign` (`feature_id`),
  KEY `entity_features_feature_kind_id_foreign` (`feature_kind_id`),
  KEY `entity_features_feature_value_id_foreign` (`feature_value_id`),
  KEY `entityable_index_columns` (`entityable_type`,`entityable_id`),
  CONSTRAINT `entity_features_feature_id_foreign` FOREIGN KEY (`feature_id`) REFERENCES `features` (`id`) ON DELETE CASCADE,
  CONSTRAINT `entity_features_feature_kind_id_foreign` FOREIGN KEY (`feature_kind_id`) REFERENCES `feature_kinds` (`id`) ON DELETE CASCADE,
  CONSTRAINT `entity_features_feature_value_id_foreign` FOREIGN KEY (`feature_value_id`) REFERENCES `feature_values` (`id`) ON DELETE CASCADE
) ENGINE=InnoDB DEFAULT CHARSET=utf8mb4 COLLATE=utf8mb4_unicode_ci;
/*!40101 SET character_set_client = @saved_cs_client */;

LOCK TABLES `entity_features` WRITE;
/*!40000 ALTER TABLE `entity_features` DISABLE KEYS */;
/*!40000 ALTER TABLE `entity_features` ENABLE KEYS */;
UNLOCK TABLES;
DROP TABLE IF EXISTS `exchanges`;
/*!40101 SET @saved_cs_client     = @@character_set_client */;
/*!40101 SET character_set_client = utf8 */;
CREATE TABLE `exchanges` (
  `id` bigint(20) unsigned NOT NULL AUTO_INCREMENT,
  `currency_id` bigint(20) unsigned NOT NULL,
  `rate` decimal(12,6) NOT NULL DEFAULT 1.000000,
  `created_at` timestamp NULL DEFAULT NULL,
  `updated_at` timestamp NULL DEFAULT NULL,
  PRIMARY KEY (`id`),
  KEY `exchanges_currency_id_foreign` (`currency_id`),
  CONSTRAINT `exchanges_currency_id_foreign` FOREIGN KEY (`currency_id`) REFERENCES `currencies` (`id`) ON DELETE CASCADE
) ENGINE=InnoDB DEFAULT CHARSET=utf8mb4 COLLATE=utf8mb4_unicode_ci;
/*!40101 SET character_set_client = @saved_cs_client */;

LOCK TABLES `exchanges` WRITE;
/*!40000 ALTER TABLE `exchanges` DISABLE KEYS */;
/*!40000 ALTER TABLE `exchanges` ENABLE KEYS */;
UNLOCK TABLES;
DROP TABLE IF EXISTS `failed_jobs`;
/*!40101 SET @saved_cs_client     = @@character_set_client */;
/*!40101 SET character_set_client = utf8 */;
CREATE TABLE `failed_jobs` (
  `id` bigint(20) unsigned NOT NULL AUTO_INCREMENT,
  `connection` text COLLATE utf8mb4_unicode_ci NOT NULL,
  `queue` text COLLATE utf8mb4_unicode_ci NOT NULL,
  `payload` longtext COLLATE utf8mb4_unicode_ci NOT NULL,
  `exception` longtext COLLATE utf8mb4_unicode_ci NOT NULL,
  `failed_at` timestamp NOT NULL DEFAULT current_timestamp(),
  PRIMARY KEY (`id`)
) ENGINE=InnoDB DEFAULT CHARSET=utf8mb4 COLLATE=utf8mb4_unicode_ci;
/*!40101 SET character_set_client = @saved_cs_client */;

LOCK TABLES `failed_jobs` WRITE;
/*!40000 ALTER TABLE `failed_jobs` DISABLE KEYS */;
/*!40000 ALTER TABLE `failed_jobs` ENABLE KEYS */;
UNLOCK TABLES;
DROP TABLE IF EXISTS `feature_kind_translations`;
/*!40101 SET @saved_cs_client     = @@character_set_client */;
/*!40101 SET character_set_client = utf8 */;
CREATE TABLE `feature_kind_translations` (
  `id` bigint(20) unsigned NOT NULL AUTO_INCREMENT,
  `feature_kind_id` bigint(20) unsigned NOT NULL,
  `locale` varchar(3) COLLATE utf8mb4_unicode_ci NOT NULL,
  `name` varchar(255) COLLATE utf8mb4_unicode_ci DEFAULT NULL,
  `publish` tinyint(1) NOT NULL DEFAULT 0,
  `created_at` timestamp NULL DEFAULT NULL,
  `updated_at` timestamp NULL DEFAULT NULL,
  PRIMARY KEY (`id`),
  KEY `feature_kind_translations_feature_kind_id_foreign` (`feature_kind_id`),
  KEY `feature_kind_translations_locale_index` (`locale`),
  CONSTRAINT `feature_kind_translations_feature_kind_id_foreign` FOREIGN KEY (`feature_kind_id`) REFERENCES `feature_kinds` (`id`) ON DELETE CASCADE
) ENGINE=InnoDB AUTO_INCREMENT=9 DEFAULT CHARSET=utf8mb4 COLLATE=utf8mb4_unicode_ci;
/*!40101 SET character_set_client = @saved_cs_client */;

LOCK TABLES `feature_kind_translations` WRITE;
/*!40000 ALTER TABLE `feature_kind_translations` DISABLE KEYS */;
INSERT INTO `feature_kind_translations` VALUES (1,1,'ru','Число',0,'2021-02-23 10:22:37','2021-02-23 10:22:37'),(2,1,'ua','Число',0,'2021-02-23 10:22:37','2021-02-23 10:22:37'),(3,2,'ru','Цвет',0,'2021-02-23 10:22:37','2021-02-23 10:22:37'),(4,2,'ua','Цвет',0,'2021-02-23 10:22:37','2021-02-23 10:22:37'),(5,3,'ru','Производитель',0,'2021-02-23 10:22:37','2021-02-23 10:22:37'),(6,3,'ua','Производитель',0,'2021-02-23 10:22:37','2021-02-23 10:22:37'),(7,4,'ru','Страна-производитель',0,'2021-02-23 10:22:37','2021-02-23 10:22:37'),(8,4,'ua','Страна-производитель',0,'2021-02-23 10:22:37','2021-02-23 10:22:37');
/*!40000 ALTER TABLE `feature_kind_translations` ENABLE KEYS */;
UNLOCK TABLES;
DROP TABLE IF EXISTS `feature_kinds`;
/*!40101 SET @saved_cs_client     = @@character_set_client */;
/*!40101 SET character_set_client = utf8 */;
CREATE TABLE `feature_kinds` (
  `id` bigint(20) unsigned NOT NULL AUTO_INCREMENT,
  `key` varchar(255) COLLATE utf8mb4_unicode_ci NOT NULL,
  `order` int(11) NOT NULL DEFAULT 0,
  `active` tinyint(1) NOT NULL DEFAULT 1,
  `deleted_at` timestamp NULL DEFAULT NULL,
  PRIMARY KEY (`id`),
  UNIQUE KEY `feature_kinds_key_unique` (`key`)
) ENGINE=InnoDB AUTO_INCREMENT=5 DEFAULT CHARSET=utf8mb4 COLLATE=utf8mb4_unicode_ci;
/*!40101 SET character_set_client = @saved_cs_client */;

LOCK TABLES `feature_kinds` WRITE;
/*!40000 ALTER TABLE `feature_kinds` DISABLE KEYS */;
INSERT INTO `feature_kinds` VALUES (1,'number',1,1,NULL),(2,'color',2,1,NULL),(3,'brand',3,1,NULL),(4,'country',4,1,NULL);
/*!40000 ALTER TABLE `feature_kinds` ENABLE KEYS */;
UNLOCK TABLES;
DROP TABLE IF EXISTS `feature_translations`;
/*!40101 SET @saved_cs_client     = @@character_set_client */;
/*!40101 SET character_set_client = utf8 */;
CREATE TABLE `feature_translations` (
  `id` bigint(20) unsigned NOT NULL AUTO_INCREMENT,
  `feature_id` bigint(20) unsigned NOT NULL,
  `locale` varchar(3) COLLATE utf8mb4_unicode_ci NOT NULL,
  `name` varchar(255) COLLATE utf8mb4_unicode_ci DEFAULT NULL,
  `publish` tinyint(1) NOT NULL DEFAULT 0,
  `created_at` timestamp NULL DEFAULT NULL,
  `updated_at` timestamp NULL DEFAULT NULL,
  PRIMARY KEY (`id`),
  KEY `feature_translations_feature_id_foreign` (`feature_id`),
  KEY `feature_translations_locale_index` (`locale`),
  CONSTRAINT `feature_translations_feature_id_foreign` FOREIGN KEY (`feature_id`) REFERENCES `features` (`id`) ON DELETE CASCADE
) ENGINE=InnoDB DEFAULT CHARSET=utf8mb4 COLLATE=utf8mb4_unicode_ci;
/*!40101 SET character_set_client = @saved_cs_client */;

LOCK TABLES `feature_translations` WRITE;
/*!40000 ALTER TABLE `feature_translations` DISABLE KEYS */;
/*!40000 ALTER TABLE `feature_translations` ENABLE KEYS */;
UNLOCK TABLES;
DROP TABLE IF EXISTS `feature_value_translations`;
/*!40101 SET @saved_cs_client     = @@character_set_client */;
/*!40101 SET character_set_client = utf8 */;
CREATE TABLE `feature_value_translations` (
  `id` bigint(20) unsigned NOT NULL AUTO_INCREMENT,
  `feature_value_id` bigint(20) unsigned NOT NULL,
  `locale` varchar(3) COLLATE utf8mb4_unicode_ci NOT NULL,
  `name` varchar(255) COLLATE utf8mb4_unicode_ci DEFAULT NULL,
  `publish` tinyint(1) NOT NULL DEFAULT 0,
  `created_at` timestamp NULL DEFAULT NULL,
  `updated_at` timestamp NULL DEFAULT NULL,
  PRIMARY KEY (`id`),
  KEY `feature_value_translations_feature_value_id_foreign` (`feature_value_id`),
  KEY `feature_value_translations_locale_index` (`locale`),
  CONSTRAINT `feature_value_translations_feature_value_id_foreign` FOREIGN KEY (`feature_value_id`) REFERENCES `feature_values` (`id`) ON DELETE CASCADE
) ENGINE=InnoDB DEFAULT CHARSET=utf8mb4 COLLATE=utf8mb4_unicode_ci;
/*!40101 SET character_set_client = @saved_cs_client */;

LOCK TABLES `feature_value_translations` WRITE;
/*!40000 ALTER TABLE `feature_value_translations` DISABLE KEYS */;
/*!40000 ALTER TABLE `feature_value_translations` ENABLE KEYS */;
UNLOCK TABLES;
DROP TABLE IF EXISTS `feature_values`;
/*!40101 SET @saved_cs_client     = @@character_set_client */;
/*!40101 SET character_set_client = utf8 */;
CREATE TABLE `feature_values` (
  `id` bigint(20) unsigned NOT NULL AUTO_INCREMENT,
  `feature_kind_id` bigint(20) unsigned NOT NULL,
  `active` tinyint(1) NOT NULL DEFAULT 1,
  `order` int(11) NOT NULL DEFAULT 0,
  `deleted_at` timestamp NULL DEFAULT NULL,
  PRIMARY KEY (`id`),
  KEY `feature_values_feature_kind_id_foreign` (`feature_kind_id`),
  CONSTRAINT `feature_values_feature_kind_id_foreign` FOREIGN KEY (`feature_kind_id`) REFERENCES `feature_kinds` (`id`) ON DELETE CASCADE
) ENGINE=InnoDB DEFAULT CHARSET=utf8mb4 COLLATE=utf8mb4_unicode_ci;
/*!40101 SET character_set_client = @saved_cs_client */;

LOCK TABLES `feature_values` WRITE;
/*!40000 ALTER TABLE `feature_values` DISABLE KEYS */;
/*!40000 ALTER TABLE `feature_values` ENABLE KEYS */;
UNLOCK TABLES;
DROP TABLE IF EXISTS `features`;
/*!40101 SET @saved_cs_client     = @@character_set_client */;
/*!40101 SET character_set_client = utf8 */;
CREATE TABLE `features` (
  `id` bigint(20) unsigned NOT NULL AUTO_INCREMENT,
  `feature_kind_id` bigint(20) unsigned NOT NULL,
  `filter` tinyint(1) NOT NULL DEFAULT 0 COMMENT 'показывать в фильтре',
  `preview` tinyint(1) NOT NULL DEFAULT 0 COMMENT 'показывать в превью товара',
  `page` tinyint(1) NOT NULL DEFAULT 0 COMMENT 'показывать на странице',
  `active` tinyint(1) NOT NULL DEFAULT 1,
  `order` int(11) NOT NULL DEFAULT 0,
  `deleted_at` timestamp NULL DEFAULT NULL,
  PRIMARY KEY (`id`),
  KEY `features_feature_kind_id_foreign` (`feature_kind_id`),
  CONSTRAINT `features_feature_kind_id_foreign` FOREIGN KEY (`feature_kind_id`) REFERENCES `feature_kinds` (`id`) ON DELETE CASCADE
) ENGINE=InnoDB DEFAULT CHARSET=utf8mb4 COLLATE=utf8mb4_unicode_ci;
/*!40101 SET character_set_client = @saved_cs_client */;

LOCK TABLES `features` WRITE;
/*!40000 ALTER TABLE `features` DISABLE KEYS */;
/*!40000 ALTER TABLE `features` ENABLE KEYS */;
UNLOCK TABLES;
DROP TABLE IF EXISTS `galleries`;
/*!40101 SET @saved_cs_client     = @@character_set_client */;
/*!40101 SET character_set_client = utf8 */;
CREATE TABLE `galleries` (
  `id` bigint(20) unsigned NOT NULL AUTO_INCREMENT,
  `parent_page_id` bigint(20) unsigned DEFAULT NULL,
  `page_component_id` bigint(20) unsigned DEFAULT NULL,
  `galleriable_id` bigint(20) DEFAULT NULL,
  `galleriable_type` varchar(255) COLLATE utf8mb4_unicode_ci DEFAULT NULL,
  `link` varchar(255) COLLATE utf8mb4_unicode_ci DEFAULT NULL,
  `order` int(11) NOT NULL DEFAULT 0,
  `type` enum('photo','video') COLLATE utf8mb4_unicode_ci NOT NULL,
  `active` tinyint(1) NOT NULL DEFAULT 1,
  `deleted_at` timestamp NULL DEFAULT NULL,
  PRIMARY KEY (`id`),
  KEY `galleries_parent_page_id_foreign` (`parent_page_id`),
  KEY `galleries_page_component_id_foreign` (`page_component_id`),
  KEY `galleriable__index_columns` (`galleriable_type`,`galleriable_id`),
  CONSTRAINT `galleries_page_component_id_foreign` FOREIGN KEY (`page_component_id`) REFERENCES `page_components` (`id`) ON DELETE CASCADE,
  CONSTRAINT `galleries_parent_page_id_foreign` FOREIGN KEY (`parent_page_id`) REFERENCES `pages` (`id`) ON DELETE CASCADE
) ENGINE=InnoDB AUTO_INCREMENT=18 DEFAULT CHARSET=utf8mb4 COLLATE=utf8mb4_unicode_ci;
/*!40101 SET character_set_client = @saved_cs_client */;

LOCK TABLES `galleries` WRITE;
/*!40000 ALTER TABLE `galleries` DISABLE KEYS */;
INSERT INTO `galleries` VALUES (1,NULL,NULL,1,'Modules\\Article\\Entities\\Article',NULL,1,'photo',1,NULL),(2,NULL,NULL,1,'Modules\\Article\\Entities\\Article',NULL,2,'photo',1,NULL),(3,NULL,NULL,46,'Modules\\Article\\Entities\\Article',NULL,3,'photo',1,NULL),(4,NULL,NULL,46,'Modules\\Article\\Entities\\Article',NULL,4,'photo',1,NULL),(5,NULL,NULL,40,'Modules\\Article\\Entities\\Article',NULL,5,'photo',1,NULL),(6,NULL,NULL,40,'Modules\\Article\\Entities\\Article',NULL,6,'photo',1,NULL),(7,NULL,NULL,2,'Modules\\Article\\Entities\\Article',NULL,7,'photo',1,NULL),(8,NULL,NULL,2,'Modules\\Article\\Entities\\Article',NULL,8,'photo',1,NULL),(9,NULL,NULL,54,'Modules\\Article\\Entities\\Article',NULL,2,'photo',1,NULL),(10,NULL,NULL,54,'Modules\\Article\\Entities\\Article',NULL,1,'photo',1,NULL),(11,67,11,NULL,NULL,'https://youtu.be/Kt4s4YzVi_I',9,'video',1,NULL),(12,67,11,NULL,NULL,NULL,10,'photo',1,NULL),(13,67,11,NULL,NULL,NULL,11,'photo',1,NULL),(14,67,11,NULL,NULL,NULL,12,'photo',1,NULL),(15,67,11,NULL,NULL,NULL,13,'photo',1,NULL),(16,NULL,NULL,1,'Modules\\Catalog\\Entities\\ProductCategory',NULL,14,'photo',1,NULL),(17,NULL,NULL,1,'Modules\\Catalog\\Entities\\Product',NULL,15,'photo',1,NULL);
/*!40000 ALTER TABLE `galleries` ENABLE KEYS */;
UNLOCK TABLES;
DROP TABLE IF EXISTS `gallery_translations`;
/*!40101 SET @saved_cs_client     = @@character_set_client */;
/*!40101 SET character_set_client = utf8 */;
CREATE TABLE `gallery_translations` (
  `id` bigint(20) unsigned NOT NULL AUTO_INCREMENT,
  `gallery_id` bigint(20) unsigned NOT NULL,
  `locale` varchar(3) COLLATE utf8mb4_unicode_ci NOT NULL,
  `image` varchar(255) COLLATE utf8mb4_unicode_ci DEFAULT NULL,
  `name` varchar(255) COLLATE utf8mb4_unicode_ci DEFAULT NULL,
  `alt` text COLLATE utf8mb4_unicode_ci DEFAULT NULL,
  `publish` tinyint(1) NOT NULL DEFAULT 1,
  `created_at` timestamp NULL DEFAULT NULL,
  `updated_at` timestamp NULL DEFAULT NULL,
  PRIMARY KEY (`id`),
  KEY `gallery_translations_gallery_id_foreign` (`gallery_id`),
  KEY `gallery_translations_locale_index` (`locale`),
  CONSTRAINT `gallery_translations_gallery_id_foreign` FOREIGN KEY (`gallery_id`) REFERENCES `galleries` (`id`) ON DELETE CASCADE
) ENGINE=InnoDB AUTO_INCREMENT=45 DEFAULT CHARSET=utf8mb4 COLLATE=utf8mb4_unicode_ci;
/*!40101 SET character_set_client = @saved_cs_client */;

LOCK TABLES `gallery_translations` WRITE;
/*!40000 ALTER TABLE `gallery_translations` DISABLE KEYS */;
INSERT INTO `gallery_translations` VALUES (1,1,'ru','/uploads/articles/02.png',NULL,NULL,1,'2021-02-25 10:27:39','2021-02-26 10:21:16'),(2,1,'ua','/uploads/articles/02.png',NULL,NULL,1,'2021-02-25 10:27:39','2021-02-26 10:21:16'),(3,2,'ru','/uploads/articles/01.jpg',NULL,NULL,1,'2021-02-25 10:27:39','2021-02-25 10:27:39'),(4,2,'ua','/uploads/articles/01.jpg',NULL,NULL,1,'2021-02-25 10:27:39','2021-02-25 10:27:39'),(5,3,'ru','/uploads/articles/01_1.jpg',NULL,NULL,1,'2021-02-26 10:18:24','2021-02-26 15:05:49'),(6,3,'ua','/uploads/articles/01_1.jpg',NULL,NULL,1,'2021-02-26 10:18:24','2021-02-26 15:05:49'),(7,4,'ru','/uploads/articles/02.png',NULL,NULL,1,'2021-02-26 10:18:24','2021-02-26 10:18:24'),(8,4,'ua','/uploads/articles/02.png',NULL,NULL,1,'2021-02-26 10:18:24','2021-02-26 10:18:24'),(9,5,'ru','/uploads/articles/02.png',NULL,NULL,1,'2021-02-26 10:19:48','2021-02-26 10:19:48'),(10,5,'ua','/uploads/articles/02.png',NULL,NULL,1,'2021-02-26 10:19:48','2021-02-26 10:19:48'),(11,6,'ru','/uploads/articles/01.jpg',NULL,NULL,1,'2021-02-26 10:19:48','2021-02-26 10:19:48'),(12,6,'ua','/uploads/articles/01.jpg',NULL,NULL,1,'2021-02-26 10:19:48','2021-02-26 10:19:48'),(13,7,'ru','/uploads/articles/02.png',NULL,NULL,1,'2021-02-26 10:22:07','2021-02-26 10:22:07'),(14,7,'ua','/uploads/articles/02.png',NULL,NULL,1,'2021-02-26 10:22:07','2021-02-26 10:22:07'),(15,8,'ru','/uploads/articles/01.jpg',NULL,NULL,1,'2021-02-26 10:22:07','2021-02-26 10:22:07'),(16,8,'ua','/uploads/articles/01.jpg',NULL,NULL,1,'2021-02-26 10:22:07','2021-02-26 10:22:07'),(17,9,'ru','/uploads/articles/03.jpg',NULL,NULL,1,'2021-02-26 10:25:00','2021-02-26 10:25:00'),(18,9,'ua','/uploads/articles/03.jpg',NULL,NULL,1,'2021-02-26 10:25:00','2021-02-26 10:25:00'),(19,10,'ru','/uploads/articles/01.jpg',NULL,NULL,1,'2021-02-26 10:25:00','2021-02-26 10:25:00'),(20,10,'ua','/uploads/articles/01.jpg',NULL,NULL,1,'2021-02-26 10:25:00','2021-02-26 10:25:00'),(21,11,'ru','/uploads/about-company/01.jpg',NULL,NULL,1,'2021-03-01 17:08:40','2021-03-15 07:20:32'),(22,11,'ua','/uploads/about-company/01.jpg',NULL,NULL,1,'2021-03-01 17:08:40','2021-03-15 07:20:32'),(23,12,'ru','/uploads/about-company/gallery/01.jpg',NULL,NULL,1,'2021-03-01 17:10:23','2021-03-01 17:10:23'),(24,12,'ua','/uploads/about-company/gallery/01.jpg',NULL,NULL,1,'2021-03-01 17:10:23','2021-03-01 17:10:23'),(25,13,'ru','/uploads/about-company/gallery/02.jpg',NULL,NULL,1,'2021-03-01 17:10:23','2021-03-01 17:10:23'),(26,13,'ua','/uploads/about-company/gallery/02.jpg',NULL,NULL,1,'2021-03-01 17:10:23','2021-03-01 17:10:23'),(27,14,'ru','/uploads/about-company/gallery/03.jpg',NULL,NULL,1,'2021-03-01 17:10:23','2021-03-01 17:10:23'),(28,14,'ua','/uploads/about-company/gallery/03.jpg',NULL,NULL,1,'2021-03-01 17:10:23','2021-03-01 17:10:23'),(29,15,'ru','/uploads/about-company/gallery/04.jpg',NULL,NULL,1,'2021-03-01 17:10:23','2021-03-01 17:10:23'),(30,15,'ua','/uploads/about-company/gallery/04.jpg',NULL,NULL,1,'2021-03-01 17:10:23','2021-03-01 17:10:23'),(31,16,'ru','/uploads/catalog-main/16.jpg',NULL,NULL,1,'2021-06-02 08:12:56','2021-06-02 08:12:56'),(32,16,'ua','/uploads/catalog-main/16.jpg',NULL,NULL,1,'2021-06-02 08:12:58','2021-06-02 08:12:58'),(33,16,'en','/uploads/catalog-main/16.jpg',NULL,NULL,1,'2021-06-02 08:12:58','2021-06-02 08:12:58'),(34,16,'tr','/uploads/catalog-main/16.jpg',NULL,NULL,1,'2021-06-02 08:12:58','2021-06-02 08:12:58'),(35,16,'pl','/uploads/catalog-main/16.jpg',NULL,NULL,1,'2021-06-02 08:12:58','2021-06-02 08:12:58'),(36,16,'gr','/uploads/catalog-main/16.jpg',NULL,NULL,1,'2021-06-02 08:12:58','2021-06-02 08:12:58'),(37,16,'lv','/uploads/catalog-main/16.jpg',NULL,NULL,1,'2021-06-02 08:12:58','2021-06-02 08:12:58'),(38,17,'ru','/uploads/other-products-main/01.jpg',NULL,NULL,1,'2021-06-02 08:20:23','2021-06-02 08:20:23'),(39,17,'ua','/uploads/other-products-main/01.jpg',NULL,NULL,1,'2021-06-02 08:20:23','2021-06-02 08:20:23'),(40,17,'en','/uploads/other-products-main/01.jpg',NULL,NULL,1,'2021-06-02 08:20:23','2021-06-02 08:20:23'),(41,17,'tr','/uploads/other-products-main/01.jpg',NULL,NULL,1,'2021-06-02 08:20:23','2021-06-02 08:20:23'),(42,17,'pl','/uploads/other-products-main/01.jpg',NULL,NULL,1,'2021-06-02 08:20:23','2021-06-02 08:20:23'),(43,17,'gr','/uploads/other-products-main/01.jpg',NULL,NULL,1,'2021-06-02 08:20:23','2021-06-02 08:20:23'),(44,17,'lv','/uploads/other-products-main/01.jpg',NULL,NULL,1,'2021-06-02 08:20:23','2021-06-02 08:20:23');
/*!40000 ALTER TABLE `gallery_translations` ENABLE KEYS */;
UNLOCK TABLES;
DROP TABLE IF EXISTS `information`;
/*!40101 SET @saved_cs_client     = @@character_set_client */;
/*!40101 SET character_set_client = utf8 */;
CREATE TABLE `information` (
  `id` bigint(20) unsigned NOT NULL AUTO_INCREMENT,
  `parent_page_id` bigint(20) unsigned DEFAULT NULL,
  `page_component_id` bigint(20) unsigned DEFAULT NULL,
  `informable_id` bigint(20) DEFAULT NULL,
  `informable_type` varchar(255) COLLATE utf8mb4_unicode_ci DEFAULT NULL,
  `parent_information_id` bigint(20) unsigned DEFAULT NULL,
  `type` varchar(255) COLLATE utf8mb4_unicode_ci DEFAULT NULL,
  `icon` varchar(255) COLLATE utf8mb4_unicode_ci DEFAULT NULL,
  `order` int(11) NOT NULL DEFAULT 0,
  `active` tinyint(1) NOT NULL DEFAULT 1,
  `deleted_at` timestamp NULL DEFAULT NULL,
  PRIMARY KEY (`id`),
  KEY `information_parent_page_id_foreign` (`parent_page_id`),
  KEY `information_page_component_id_foreign` (`page_component_id`),
  KEY `information_parent_information_id_foreign` (`parent_information_id`),
  KEY `information_index_columns` (`informable_id`,`informable_type`),
  CONSTRAINT `information_page_component_id_foreign` FOREIGN KEY (`page_component_id`) REFERENCES `page_components` (`id`) ON DELETE CASCADE,
  CONSTRAINT `information_parent_information_id_foreign` FOREIGN KEY (`parent_information_id`) REFERENCES `information` (`id`) ON DELETE CASCADE,
  CONSTRAINT `information_parent_page_id_foreign` FOREIGN KEY (`parent_page_id`) REFERENCES `pages` (`id`) ON DELETE CASCADE
) ENGINE=InnoDB AUTO_INCREMENT=7 DEFAULT CHARSET=utf8mb4 COLLATE=utf8mb4_unicode_ci;
/*!40101 SET character_set_client = @saved_cs_client */;

LOCK TABLES `information` WRITE;
/*!40000 ALTER TABLE `information` DISABLE KEYS */;
INSERT INTO `information` VALUES (2,1,2,NULL,NULL,NULL,'advantages',NULL,1,1,NULL),(3,NULL,NULL,NULL,NULL,2,NULL,NULL,2,1,NULL),(4,NULL,NULL,NULL,NULL,2,NULL,NULL,3,1,NULL),(5,NULL,NULL,NULL,NULL,2,NULL,NULL,4,1,NULL),(6,NULL,NULL,NULL,NULL,2,NULL,NULL,5,1,'2021-02-24 15:19:29');
/*!40000 ALTER TABLE `information` ENABLE KEYS */;
UNLOCK TABLES;
DROP TABLE IF EXISTS `information_translations`;
/*!40101 SET @saved_cs_client     = @@character_set_client */;
/*!40101 SET character_set_client = utf8 */;
CREATE TABLE `information_translations` (
  `id` bigint(20) unsigned NOT NULL AUTO_INCREMENT,
  `information_id` bigint(20) unsigned NOT NULL,
  `locale` varchar(3) COLLATE utf8mb4_unicode_ci NOT NULL,
  `title` varchar(255) COLLATE utf8mb4_unicode_ci DEFAULT NULL,
  `name` varchar(255) COLLATE utf8mb4_unicode_ci DEFAULT NULL,
  `description` varchar(255) COLLATE utf8mb4_unicode_ci DEFAULT NULL,
  `text` text COLLATE utf8mb4_unicode_ci DEFAULT NULL,
  `publish` tinyint(1) NOT NULL DEFAULT 1,
  `created_at` timestamp NULL DEFAULT NULL,
  `updated_at` timestamp NULL DEFAULT NULL,
  PRIMARY KEY (`id`),
  KEY `information_translations_information_id_foreign` (`information_id`),
  KEY `information_translations_locale_index` (`locale`),
  CONSTRAINT `information_translations_information_id_foreign` FOREIGN KEY (`information_id`) REFERENCES `information` (`id`) ON DELETE CASCADE
) ENGINE=InnoDB AUTO_INCREMENT=11 DEFAULT CHARSET=utf8mb4 COLLATE=utf8mb4_unicode_ci;
/*!40101 SET character_set_client = @saved_cs_client */;

LOCK TABLES `information_translations` WRITE;
/*!40000 ALTER TABLE `information_translations` DISABLE KEYS */;
INSERT INTO `information_translations` VALUES (2,2,'ru','Преимущества',NULL,NULL,NULL,1,'2021-02-23 10:15:02','2021-02-24 14:47:48'),(3,2,'ua','Преимущества',NULL,NULL,NULL,1,'2021-02-23 10:15:02','2021-02-24 15:06:45'),(4,3,'ru','Производство',NULL,'отдушки для всех областей промышленности',NULL,1,'2021-02-23 10:16:07','2021-02-24 15:26:24'),(5,3,'ua','виробництво',NULL,'аромати для всіх галузей промисловості',NULL,1,'2021-02-23 10:16:07','2021-02-24 15:27:35'),(6,4,'ru','Сертифицированный',NULL,'крупнейший Украинский производитель отдушек',NULL,1,'2021-02-23 10:16:56','2021-02-23 10:16:56'),(7,4,'ua','сертифікований',NULL,'найбільший український виробник ароматів',NULL,1,'2021-02-23 10:16:56','2021-02-23 10:16:56'),(8,5,'ru','Контроль качества',NULL,'используем качественное сырье для приготовления продукта',NULL,1,'2021-02-23 10:17:44','2021-02-23 10:17:44'),(9,5,'ua','Контроль якості',NULL,'використовуємо якісну сировину для приготування продукту',NULL,1,'2021-02-23 10:17:44','2021-02-23 10:17:44'),(10,6,'ru','test',NULL,NULL,NULL,1,'2021-02-24 15:15:31','2021-02-24 15:15:31');
/*!40000 ALTER TABLE `information_translations` ENABLE KEYS */;
UNLOCK TABLES;
DROP TABLE IF EXISTS `jobs`;
/*!40101 SET @saved_cs_client     = @@character_set_client */;
/*!40101 SET character_set_client = utf8 */;
CREATE TABLE `jobs` (
  `id` bigint(20) unsigned NOT NULL AUTO_INCREMENT,
  `queue` varchar(255) COLLATE utf8mb4_unicode_ci NOT NULL,
  `payload` longtext COLLATE utf8mb4_unicode_ci NOT NULL,
  `attempts` tinyint(3) unsigned NOT NULL,
  `reserved_at` int(10) unsigned DEFAULT NULL,
  `available_at` int(10) unsigned NOT NULL,
  `created_at` int(10) unsigned NOT NULL,
  PRIMARY KEY (`id`),
  KEY `jobs_queue_index` (`queue`)
) ENGINE=InnoDB DEFAULT CHARSET=utf8mb4 COLLATE=utf8mb4_unicode_ci;
/*!40101 SET character_set_client = @saved_cs_client */;

LOCK TABLES `jobs` WRITE;
/*!40000 ALTER TABLE `jobs` DISABLE KEYS */;
/*!40000 ALTER TABLE `jobs` ENABLE KEYS */;
UNLOCK TABLES;
DROP TABLE IF EXISTS `language_translations`;
/*!40101 SET @saved_cs_client     = @@character_set_client */;
/*!40101 SET character_set_client = utf8 */;
CREATE TABLE `language_translations` (
  `id` bigint(20) unsigned NOT NULL AUTO_INCREMENT,
  `language_id` bigint(20) unsigned NOT NULL,
  `locale` varchar(3) COLLATE utf8mb4_unicode_ci NOT NULL,
  `name` varchar(255) COLLATE utf8mb4_unicode_ci NOT NULL,
  `short_name` varchar(255) COLLATE utf8mb4_unicode_ci NOT NULL,
  PRIMARY KEY (`id`),
  UNIQUE KEY `language_translations_language_id_locale_unique` (`language_id`,`locale`),
  KEY `language_translations_locale_index` (`locale`),
  CONSTRAINT `language_translations_language_id_foreign` FOREIGN KEY (`language_id`) REFERENCES `languages` (`id`) ON DELETE CASCADE
) ENGINE=InnoDB AUTO_INCREMENT=50 DEFAULT CHARSET=utf8mb4 COLLATE=utf8mb4_unicode_ci;
/*!40101 SET character_set_client = @saved_cs_client */;

LOCK TABLES `language_translations` WRITE;
/*!40000 ALTER TABLE `language_translations` DISABLE KEYS */;
INSERT INTO `language_translations` VALUES (1,1,'ru','Русский','ru'),(2,1,'ua','Російська','ru'),(3,2,'ru','Украинский','ua'),(4,2,'ua','Українська','ua'),(5,3,'ru','Английский','en'),(6,3,'ua','Англійська','en'),(7,2,'en','Ukrainian','ua'),(8,1,'en','Russian','ru'),(9,3,'en','İngilizce','en'),(10,4,'ru','Турецкий','tr'),(11,4,'ua','Турецький','tr'),(12,5,'ru','Польский','pl'),(13,5,'en','Polish','pl'),(14,5,'ua','Польська','pl'),(15,6,'ru','Грузинский','gr'),(16,6,'ua','Грузинська','gr'),(17,6,'en','Georgian','gr'),(18,7,'ru','Латвийский','lv'),(19,7,'en','Latvian','lv'),(20,2,'pl','Ukraiński','ua'),(21,2,'lv','Ukraiņu','ua'),(22,1,'pl','Rosyjski','ru'),(23,1,'lv','Krievu','ru'),(24,3,'lv','Angļu','en'),(25,4,'pl','Turecki','tr'),(26,4,'lv','Turku','tr'),(27,4,'tr','Türkçe','tr'),(28,5,'lv','Poļu','pl'),(29,5,'tr','Polonya','pl'),(30,6,'lv','Gruzīnu','gr'),(31,6,'pl','Gruziński','gr'),(32,6,'tr','Gürcü','gr'),(33,7,'pl','Łotewski','lv'),(34,7,'lv','Latvietis','lv'),(35,2,'gr','უკრაინული','ua'),(36,2,'tr','Ukrayna','ua'),(37,1,'gr','რუსულ','ru'),(38,1,'tr','Rus','ru'),(39,3,'pl','Angielski','en'),(40,3,'gr','ინგლისური','en'),(41,3,'tr','Ingilizce','en'),(42,6,'gr','ქართველი','gr'),(43,7,'ua','Латвійська','lv'),(44,7,'gr','ლატვიური','lv'),(45,7,'tr','Letonca','lv'),(46,5,'gr','პოლონური','pl'),(47,5,'pl','Polski','pl'),(48,4,'en','Turkish','tr'),(49,4,'gr','თურქული','tr');
/*!40000 ALTER TABLE `language_translations` ENABLE KEYS */;
UNLOCK TABLES;
DROP TABLE IF EXISTS `languages`;
/*!40101 SET @saved_cs_client     = @@character_set_client */;
/*!40101 SET character_set_client = utf8 */;
CREATE TABLE `languages` (
  `id` bigint(20) unsigned NOT NULL AUTO_INCREMENT,
  `short_code` varchar(3) COLLATE utf8mb4_unicode_ci NOT NULL,
  `icon` varchar(255) COLLATE utf8mb4_unicode_ci DEFAULT NULL,
  `flag` varchar(255) COLLATE utf8mb4_unicode_ci DEFAULT NULL,
  `order` int(11) NOT NULL DEFAULT 0,
  `active` tinyint(1) NOT NULL DEFAULT 1 COMMENT 'Включение/выключение языка',
  `created_at` timestamp NULL DEFAULT NULL,
  `updated_at` timestamp NULL DEFAULT NULL,
  `deleted_at` timestamp NULL DEFAULT NULL,
  PRIMARY KEY (`id`),
  UNIQUE KEY `languages_short_code_unique` (`short_code`)
) ENGINE=InnoDB AUTO_INCREMENT=8 DEFAULT CHARSET=utf8mb4 COLLATE=utf8mb4_unicode_ci;
/*!40101 SET character_set_client = @saved_cs_client */;

LOCK TABLES `languages` WRITE;
/*!40000 ALTER TABLE `languages` DISABLE KEYS */;
INSERT INTO `languages` VALUES (1,'ru','ru',NULL,1,1,'2021-02-23 09:22:32','2021-10-21 13:48:28',NULL),(2,'ua','ua',NULL,2,1,'2021-02-23 09:22:32','2021-10-21 13:48:28',NULL),(3,'en','en',NULL,3,1,'2021-03-18 07:12:39','2021-10-21 13:48:28',NULL),(4,'tr','tr',NULL,4,1,'2021-05-26 15:09:08','2021-10-21 13:48:28',NULL),(5,'pl','pl',NULL,5,1,'2021-05-26 15:09:08','2021-10-21 13:48:28',NULL),(6,'gr','gr',NULL,6,1,'2021-05-26 15:09:08','2021-10-21 13:48:28',NULL),(7,'lv','lv',NULL,7,1,'2021-05-26 15:09:08','2021-10-21 13:48:28',NULL);
/*!40000 ALTER TABLE `languages` ENABLE KEYS */;
UNLOCK TABLES;
DROP TABLE IF EXISTS `log`;
/*!40101 SET @saved_cs_client     = @@character_set_client */;
/*!40101 SET character_set_client = utf8 */;
CREATE TABLE `log` (
  `id` int(10) unsigned NOT NULL AUTO_INCREMENT,
  `message` text COLLATE utf8mb4_unicode_ci DEFAULT NULL,
  `channel` varchar(255) COLLATE utf8mb4_unicode_ci DEFAULT NULL,
  `level` int(11) NOT NULL DEFAULT 0,
  `level_name` varchar(20) COLLATE utf8mb4_unicode_ci NOT NULL,
  `unix_time` int(11) NOT NULL,
  `datetime` varchar(255) COLLATE utf8mb4_unicode_ci DEFAULT NULL,
  `context` longtext COLLATE utf8mb4_unicode_ci DEFAULT NULL,
  `extra` text COLLATE utf8mb4_unicode_ci DEFAULT NULL,
  `created_at` timestamp NULL DEFAULT NULL,
  `updated_at` timestamp NULL DEFAULT NULL,
  PRIMARY KEY (`id`)
) ENGINE=InnoDB AUTO_INCREMENT=6 DEFAULT CHARSET=utf8mb4 COLLATE=utf8mb4_unicode_ci;
/*!40101 SET character_set_client = @saved_cs_client */;

LOCK TABLES `log` WRITE;
/*!40000 ALTER TABLE `log` DISABLE KEYS */;
INSERT INTO `log` VALUES (1,'Номер колонки к которой принадлежит документация не указан или не существует.','LogToDB',200,'INFO',1634806974,'21.10.2021','{\"currency\":\"Eur\\/kg\",\"price\":190,\"text\":null,\"series\":\"CFB\"}',NULL,'2021-10-21 12:02:54','2021-10-21 12:02:54'),(2,'Номер колонки к которой принадлежит документация не указан или не существует.','LogToDB',200,'INFO',1634806974,'21.10.2021','{\"currency\":\"Eur\\/kg\",\"price\":19,\"text\":null,\"series\":\"CFS\"}',NULL,'2021-10-21 12:02:54','2021-10-21 12:02:54'),(3,'Документация по продукту не создалась или не обновидась.','LogToDB',200,'INFO',1634811444,'21.10.2021','[{\"name\":\"\\u041f\\u0430\\u0441\\u043f\\u043e\\u0440\\u0442 \\u043a\\u0430\\u0447\\u0435\\u0441\\u0442\\u0432\\u0430\",\"href\":\"pasport_yakosti_zapashka_energy_super_cfb_25495_uk.pdf\",\"data\":\"2020-05-22T00:00:00\",\"number\":\"000000002\"},{\"name\":\"\\u0421\\u043f\\u0435\\u0446\\u0438\\u0444\\u0438\\u043a\\u0430\\u0446\\u0438\\u044f\",\"href\":\"specification_fragrance_spring_fresh_cfb_19388_en.pdf\",\"data\":\"2015-08-11T00:00:00\"},{\"name\":\"\\u0421\\u0435\\u0440\\u0442\\u0438\\u0444\\u0438\\u043a\\u0430\\u0442 IFRA\",\"href\":\"ifra_conformity_certificate_fragrance_spring_fresh_cfb_19388_en.pdf\",\"data\":\"2018-06-12T00:00:00\"},{\"name\":\"\\u041f\\u0430\\u0441\\u043f\\u043e\\u0440\\u0442 \\u043a\\u0430\\u0447\\u0435\\u0441\\u0442\\u0432\\u0430\",\"href\":\"certificate_of_quality_fragrance_spring_fresh_cfb_19388_en.pdf\",\"data\":\"2020-05-22T00:00:00\"},{\"name\":\"\\u041b\\u0438\\u0441\\u0442 \\u0431\\u0435\\u0437\\u043e\\u043f\\u0430\\u0441\\u043d\\u043e\\u0441\\u0442\\u0438\",\"href\":\"msds_fragrance_spring_fresh_cfb_19388_en.pdf\",\"data\":\"2012-08-31T00:00:00\"},{\"name\":\"\\u041b\\u0438\\u0441\\u0442 \\u0430\\u043b\\u043b\\u0435\\u0440\\u0433\\u0435\\u043d\\u043e\\u0432\",\"href\":\"list_of_allergens_fragrance_spring_fresh_cfb_19388_en.pdf\",\"data\":\"2020-01-31T00:00:00\"}]',NULL,'2021-10-21 13:17:24','2021-10-21 13:17:24'),(4,'Документация по продукту не создалась или не обновидась.','LogToDB',200,'INFO',1634811444,'21.10.2021','[{\"name\":\"\\u041f\\u0430\\u0441\\u043f\\u043e\\u0440\\u0442 \\u043a\\u0430\\u0447\\u0435\\u0441\\u0442\\u0432\\u0430\",\"href\":\"pasport_yakosti_zapashka_energy_super_cfb_25495_uk.pdf\",\"data\":\"2020-05-22T00:00:00\",\"number\":\"000000002\"}]',NULL,'2021-10-21 13:17:24','2021-10-21 13:17:24'),(5,'file with path /home/vagrant/code/otdushki/public/synchronize/demo/nomenclatures.json has error Syntax error, malformed JSON.','LogToDB',200,'INFO',1634812477,'21.10.2021',NULL,NULL,'2021-10-21 13:34:37','2021-10-21 13:34:37');
/*!40000 ALTER TABLE `log` ENABLE KEYS */;
UNLOCK TABLES;
DROP TABLE IF EXISTS `ltm_translations`;
/*!40101 SET @saved_cs_client     = @@character_set_client */;
/*!40101 SET character_set_client = utf8 */;
CREATE TABLE `ltm_translations` (
  `id` bigint(20) unsigned NOT NULL AUTO_INCREMENT,
  `status` int(11) NOT NULL DEFAULT 0,
  `locale` varchar(255) COLLATE utf8mb4_bin NOT NULL,
  `group` varchar(255) COLLATE utf8mb4_bin NOT NULL,
  `key` text COLLATE utf8mb4_bin NOT NULL,
  `value` text COLLATE utf8mb4_bin DEFAULT NULL,
  `created_at` timestamp NULL DEFAULT NULL,
  `updated_at` timestamp NULL DEFAULT NULL,
  PRIMARY KEY (`id`)
) ENGINE=InnoDB AUTO_INCREMENT=764 DEFAULT CHARSET=utf8mb4 COLLATE=utf8mb4_bin;
/*!40101 SET character_set_client = @saved_cs_client */;

LOCK TABLES `ltm_translations` WRITE;
/*!40000 ALTER TABLE `ltm_translations` DISABLE KEYS */;
INSERT INTO `ltm_translations` VALUES (1,1,'ru','admin','user.index','Пользователи','2021-02-23 10:44:41','2021-02-23 10:44:41'),(2,1,'ru','admin','role.index','Роли пользователей','2021-02-23 10:44:41','2021-02-23 10:44:41'),(3,1,'ru','admin','language.index','Языки сайта','2021-02-23 10:44:41','2021-02-23 10:44:41'),(4,1,'ru','admin','backend_menu.index','Меню админки','2021-02-23 10:44:41','2021-02-23 10:44:41'),(5,1,'ru','admin','currency.index','Валюты','2021-02-23 10:44:41','2021-02-23 10:44:41'),(6,1,'ru','admin','price_type.index','Типы цен','2021-02-23 10:44:41','2021-02-23 10:44:41'),(7,1,'ru','admin','settings.index','Настройки сайта','2021-02-23 10:44:41','2021-02-23 10:44:41'),(8,1,'ru','auth','failed','Неверное имя пользователя или пароль.','2021-02-23 10:44:41','2021-02-23 10:44:41'),(9,1,'ru','auth','throttle','Слишком много попыток входа. Пожалуйста, попробуйте еще раз через :seconds секунд.','2021-02-23 10:44:41','2021-02-23 10:44:41'),(10,1,'ru','auth','logout','Выйти','2021-02-23 10:44:41','2021-02-23 10:44:41'),(11,1,'ru','breadcrumbs','site_sections','Разделы сайта','2021-02-23 10:44:41','2021-02-23 10:44:41'),(12,1,'ru','catalog','product_category.index','Категории товаров','2021-02-23 10:44:41','2021-02-23 10:44:41'),(13,1,'ru','catalog','product.index','Товары','2021-02-23 10:44:41','2021-02-23 10:44:41'),(14,1,'ru','catalog','feature_kind.index','Типы характеристик','2021-02-23 10:44:41','2021-02-23 10:44:41'),(15,1,'ru','catalog','feature.index','Список характеристик','2021-02-23 10:44:41','2021-02-23 10:44:41'),(16,1,'ru','catalog','seo_catalog.index','Seo-каталог','2021-02-23 10:44:41','2021-02-23 10:44:41'),(17,1,'ru','catalog','seo_catalog.product_category','Категория','2021-02-23 10:44:41','2021-02-23 10:44:41'),(18,0,'ru','cms','home','кабинет','2021-02-23 10:44:41','2021-07-29 12:07:17'),(19,0,'ru','cms','user','{0} пользователи |[1] пользователь |[2,4] пользователя |[5] пользователей |[100] пользователи','2021-02-23 10:44:41','2021-07-29 12:07:17'),(20,0,'ru','cms','permission_rights','[1]Право доступа :i|[2] Права доступа :i|[100] Доступы :i','2021-02-23 10:44:41','2021-07-29 12:07:17'),(21,0,'ru','cms','language','{0} языки |[1]язык |[2] языки |[100] языков','2021-02-23 10:44:41','2021-07-29 12:07:17'),(22,0,'ru','cms','menu','{0} меню|[1] пункт меню |[100] меню','2021-02-23 10:44:41','2021-07-29 12:07:17'),(23,0,'ru','cms','breadcrumb','{0} Хлебные крошки','2021-02-23 10:44:41','2021-07-29 12:07:17'),(24,0,'ru','cms','description','Описание','2021-02-23 10:44:41','2021-07-29 12:07:17'),(25,0,'ru','cms','language_versions','Языковые версии','2021-02-23 10:44:41','2021-07-29 12:07:17'),(26,0,'ru','cms','for_example','например','2021-02-23 10:44:41','2021-07-29 12:07:17'),(27,0,'ru','cms','permission_list','Список доступов','2021-02-23 10:44:42','2021-07-29 12:07:17'),(28,0,'ru','cms','icon','Иконка','2021-02-23 10:44:42','2021-07-29 12:07:17'),(29,0,'ru','cms','buttons.edit','редактировать','2021-02-23 10:44:42','2021-07-29 12:07:17'),(30,0,'ru','cms','buttons.permission','доступ','2021-02-23 10:44:42','2021-07-29 12:07:17'),(31,0,'ru','cms','buttons.delete','удалить','2021-02-23 10:44:42','2021-07-29 12:07:17'),(32,0,'ru','cms','buttons.cancel','отмена','2021-02-23 10:44:42','2021-07-29 12:07:17'),(33,0,'ru','cms','buttons.create','создать','2021-02-23 10:44:42','2021-07-29 12:07:17'),(34,0,'ru','cms','buttons.list','список','2021-02-23 10:44:42','2021-07-29 12:07:17'),(35,0,'ru','cms','buttons.save','сохранить','2021-02-23 10:44:42','2021-07-29 12:07:17'),(36,0,'ru','cms','buttons.enabled','включен','2021-02-23 10:44:42','2021-07-29 12:07:17'),(37,0,'ru','cms','buttons.disabled','отключен','2021-02-23 10:44:42','2021-07-29 12:07:17'),(38,0,'ru','cms','buttons.active','Контент опубликован','2021-02-23 10:44:42','2021-07-29 12:07:17'),(39,0,'ru','cms','buttons.not_active','Опубликовать контент','2021-02-23 10:44:42','2021-07-29 12:07:17'),(40,0,'ru','cms','buttons.publish','опубликовать','2021-02-23 10:44:42','2021-07-29 12:07:17'),(41,0,'ru','cms','buttons.publish all','опубликовать все','2021-02-23 10:44:42','2021-07-29 12:07:17'),(42,0,'ru','cms','buttons.demo','демонстрация','2021-02-23 10:44:42','2021-07-29 12:07:17'),(43,0,'ru','cms','buttons.back','назад','2021-02-23 10:44:42','2021-07-29 12:07:17'),(44,0,'ru','cms','buttons.close','закрыть','2021-02-23 10:44:42','2021-07-29 12:07:17'),(45,0,'ru','cms','buttons.select','выбрать','2021-02-23 10:44:42','2021-07-29 12:07:17'),(46,0,'ru','cms','buttons.deleted','Удаленные','2021-02-23 10:44:42','2021-07-29 12:07:17'),(47,0,'ru','cms','buttons.add_video','видео','2021-02-23 10:44:42','2021-07-29 12:07:17'),(48,0,'ru','cms','buttons.add_photo','фото','2021-02-23 10:44:42','2021-07-29 12:07:17'),(49,0,'ru','cms','buttons.add','Добавить','2021-02-23 10:44:42','2021-07-29 12:07:17'),(50,0,'ru','cms','search','Поиск','2021-02-23 10:44:42','2021-07-29 12:07:17'),(51,0,'ru','cms','select.default','Выберите из списка ...','2021-02-23 10:44:42','2021-07-29 12:07:17'),(52,0,'ru','cms','list','список','2021-02-23 10:44:42','2021-07-29 12:07:17'),(53,0,'ru','cms','create','создать','2021-02-23 10:44:42','2021-07-29 12:07:17'),(54,0,'ru','cms','edit','редактировать','2021-02-23 10:44:42','2021-07-29 12:07:17'),(55,0,'ru','cms','Find translations in files','Найти переводы в файлах','2021-02-23 10:44:42','2021-07-29 12:07:17'),(56,0,'ru','cms','filemanager','Файловый менеджер','2021-02-23 10:44:42','2021-07-29 12:07:17'),(57,0,'ru','cms','publish','контент опубликован','2021-02-23 10:44:42','2021-07-29 12:07:17'),(58,0,'ru','cms','information','Информация','2021-02-23 10:44:42','2021-07-29 12:07:17'),(59,0,'ru','cms','articles','Статьи','2021-02-23 10:44:42','2021-07-29 12:07:17'),(60,0,'ru','cms','gallery','Галерея','2021-02-23 10:44:43','2021-07-29 12:07:17'),(61,0,'ru','cms','page_menu','Меню страницы','2021-02-23 10:44:43','2021-07-29 12:07:17'),(62,0,'ru','cms','article.categories','Категории статей','2021-02-23 10:44:43','2021-07-29 12:07:17'),(63,0,'ru','cms','restore','восстановить','2021-02-23 10:44:43','2021-07-29 12:07:17'),(64,0,'ru','cms','feature','Характеристики','2021-02-23 10:44:43','2021-07-29 12:07:17'),(65,0,'ru','cms','new_record','Новая запись','2021-02-23 10:44:43','2021-07-29 12:07:17'),(66,0,'ru','cms','catalog','Каталог товаров','2021-02-23 10:44:43','2021-07-29 12:07:17'),(67,0,'ru','cms','section','Разделы сайта','2021-02-23 10:44:43','2021-07-29 12:07:17'),(68,0,'ru','cms','administration','Администрирование','2021-02-23 10:44:43','2021-07-29 12:07:17'),(69,0,'ru','cms','used','Используемые','2021-02-23 10:44:43','2021-07-29 12:07:17'),(70,0,'ru','cms','available','Доступные','2021-02-23 10:44:43','2021-07-29 12:07:17'),(71,0,'ru','cms','permission_home','Cms главная','2021-02-23 10:44:43','2021-07-29 12:07:17'),(72,0,'ru','cms','permission_frontend_menu','Меню сайта','2021-02-23 10:44:43','2021-07-29 12:07:17'),(73,0,'ru','cms','permission_translation','Переводы','2021-02-23 10:44:43','2021-07-29 12:07:17'),(74,0,'ru','cms','permission_filemanager','Файловый менеджер','2021-02-23 10:44:43','2021-07-29 12:07:17'),(75,0,'ru','cms','permission_user_permissions','Доступы пользователей','2021-02-23 10:44:43','2021-07-29 12:07:17'),(76,0,'ru','cms','permission_user','Пользователи','2021-02-23 10:44:43','2021-07-29 12:07:17'),(77,0,'ru','cms','permission_role_permissions','Доступы ролей','2021-02-23 10:44:43','2021-07-29 12:07:17'),(78,0,'ru','cms','permission_role','Роли пользователей','2021-02-23 10:44:43','2021-07-29 12:07:17'),(79,0,'ru','cms','permission_language','Языки сайта','2021-02-23 10:44:43','2021-07-29 12:07:17'),(80,0,'ru','cms','permission_backend_menu','Меню админки','2021-02-23 10:44:43','2021-07-29 12:07:17'),(81,0,'ru','cms','permission_currency','Валюты','2021-02-23 10:44:43','2021-07-29 12:07:17'),(82,0,'ru','cms','permission_price_type','Типы цен','2021-02-23 10:44:43','2021-07-29 12:07:17'),(83,0,'ru','cms','permission_section','Список страниц','2021-02-23 10:44:43','2021-07-29 12:07:17'),(84,0,'ru','cms','permission_article','Статьи','2021-02-23 10:44:43','2021-07-29 12:07:17'),(85,0,'ru','cms','permission_article_category','Категории статей','2021-02-23 10:44:43','2021-07-29 12:07:17'),(86,0,'ru','cms','permission_banner','Баннер','2021-02-23 10:44:43','2021-07-29 12:07:17'),(87,0,'ru','cms','permission_feature_value','Значение характеристики','2021-02-23 10:44:43','2021-07-29 12:07:17'),(88,0,'ru','cms','permission_category_feature','Характеристики категории','2021-02-23 10:44:43','2021-07-29 12:07:17'),(89,0,'ru','cms','permission_product_feature','Характеристики товара','2021-02-23 10:44:43','2021-07-29 12:07:17'),(90,0,'ru','cms','permission_gallery','Галерея','2021-02-23 10:44:43','2021-07-29 12:07:17'),(91,0,'ru','cms','permission_entity_gallery','Галерея записи','2021-02-23 10:44:43','2021-07-29 12:07:17'),(92,0,'ru','cms','permission_product_category','Категории товаров','2021-02-23 10:44:43','2021-07-29 12:07:17'),(93,0,'ru','cms','permission_product','Товары','2021-02-23 10:44:44','2021-07-29 12:07:17'),(94,0,'ru','cms','permission_feature_kind','Типы характеристик','2021-02-23 10:44:44','2021-07-29 12:07:17'),(95,0,'ru','cms','permission_feature','Список характеристик','2021-02-23 10:44:44','2021-07-29 12:07:17'),(96,0,'ru','cms','permission_template','Шаблоны страниц','2021-02-23 10:44:44','2021-07-29 12:07:17'),(97,0,'ru','cms','permission_route','Роутинг','2021-02-23 10:44:44','2021-07-29 12:07:17'),(98,0,'ru','cms','permission_module','Модули и виджеты','2021-02-23 10:44:44','2021-07-29 12:07:17'),(99,0,'ru','cms','permission_entity_component','Компонент записи','2021-02-23 10:44:44','2021-07-29 12:07:17'),(100,0,'ru','cms','permission_main','Главная страница','2021-02-23 10:44:44','2021-07-29 12:07:17'),(101,0,'ru','cms','permission_catalog','Страница каталог','2021-02-23 10:44:44','2021-07-29 12:07:17'),(102,0,'ru','cms','permission_blog','Страница блог','2021-02-23 10:44:44','2021-07-29 12:07:17'),(103,0,'ru','cms','select_category_feature_to_modify','Выберите характеристику категории для модификации','2021-02-23 10:44:44','2021-07-29 12:07:17'),(104,0,'ru','cms','hint_select_category_feature_to_modify','Внимание! После выбора характеристики категории для модификации, изменить ее уже нельзя.','2021-02-23 10:44:44','2021-07-29 12:07:17'),(105,0,'ru','cms','category_feature_to_modify','Характеристика категории для модификации','2021-02-23 10:44:44','2021-07-29 12:07:17'),(106,0,'ru','cms','change_order','Изменить  порядок','2021-02-23 10:44:44','2021-07-29 12:07:17'),(107,0,'ru','cms','product_categories','Категории товаров','2021-02-23 10:44:44','2021-07-29 12:07:17'),(108,0,'ru','cms','Adding_characteristics_of_this_category_is_not_possible','Добавление характеристик к этой категории не возможно.','2021-02-23 10:44:44','2021-07-29 12:07:17'),(109,0,'ru','cms','modification','Модификация','2021-02-23 10:44:44','2021-07-29 12:07:17'),(110,0,'ru','cms','feature_modification_in_category_not_installed','Модификация характеристики в категории не установлена','2021-02-23 10:44:44','2021-07-29 12:07:17'),(111,0,'ru','cms','set_modification_value_to_default','установите значение модификации по умолчанию','2021-02-23 10:44:44','2021-07-29 12:07:17'),(112,0,'ru','cms','copy_features_to_children','Скопировать характеристики в дочерние','2021-02-23 10:44:44','2021-07-29 12:07:17'),(113,0,'ru','cms','join_to_exit_modification','Присоединится к модификации','2021-02-23 10:44:44','2021-07-29 12:07:17'),(114,0,'ru','cms','copy_features_from_parent','Скопировать характеристики у основного товара','2021-02-23 10:44:44','2021-07-29 12:07:17'),(115,0,'ru','cms','select_parent_product','Выберите основной товар','2021-02-23 10:44:44','2021-07-29 12:07:17'),(116,0,'ru','cms','banners','Баннер','2021-02-23 10:44:44','2021-07-29 12:07:17'),(117,0,'ru','cms','select_feature_from_list','Выберите характеристику','2021-02-23 10:44:44','2021-07-29 12:07:17'),(118,0,'ru','cms','select_feature_value','Выберите значение характеристики','2021-02-23 10:44:44','2021-07-29 12:07:17'),(119,0,'ru','cms','go_to_directory','Перейти в справочник','2021-02-23 10:44:44','2021-07-29 12:07:17'),(120,0,'ru','cms','Enter_the_address_to_search','Введите адрес для поиска','2021-02-23 10:44:44','2021-07-29 12:07:17'),(121,0,'ru','cms','set_marker_to_map','установить маркер на карту','2021-02-23 10:44:44','2021-07-29 12:07:17'),(122,0,'ru','cms','shop_address','Адрес','2021-02-23 10:44:44','2021-07-29 12:07:17'),(123,0,'ru','cms','A page with such characteristics has not been created in the Seo-catalog! Go back to :link and create','В Сео-каталоге страница с такими характеристиками не создана! Вернитесь на :link и создайте.','2021-02-23 10:44:44','2021-07-29 12:07:17'),(124,0,'ru','cms','the_page','страницу','2021-02-23 10:44:44','2021-07-29 12:07:17'),(125,0,'ru','cms','product_list','Список товаров','2021-02-23 10:44:45','2021-07-29 12:07:17'),(126,0,'ru','cms','product_category','Категория товара','2021-02-23 10:44:45','2021-07-29 12:07:17'),(127,0,'ru','cms','use_exist_page','Использовать существующую','2021-02-23 10:44:45','2021-07-29 12:07:17'),(128,0,'ru','cms','create_link','Создать ссылку','2021-02-23 10:44:45','2021-07-29 12:07:17'),(129,0,'ru','cms','add_link_to_page','Добавить ссылку на страницу','2021-02-23 10:44:45','2021-07-29 12:07:17'),(130,0,'ru','cms','advertising_text','Рекламный текст','2021-02-23 10:44:45','2021-07-29 12:07:17'),(131,0,'ru','cms','hits','Бестселлеры','2021-02-23 10:44:45','2021-07-29 12:07:17'),(132,0,'ru','cms','novelty','Новинки','2021-02-23 10:44:45','2021-07-29 12:07:17'),(133,0,'ru','cms','page_created','Страница на текущем языке создана','2021-02-23 10:44:45','2021-07-29 12:07:17'),(134,0,'ru','cms','category_belongs_to_page','Привязана к странице','2021-02-23 10:44:45','2021-07-29 12:07:17'),(135,0,'ru','cms','category_name','Название','2021-02-23 10:44:45','2021-07-29 12:07:17'),(136,0,'ru','cms','category_products_count','Кол-во товаров','2021-02-23 10:44:45','2021-07-29 12:07:17'),(137,0,'ru','cms','product_photo','Фото','2021-02-23 10:44:45','2021-07-29 12:07:17'),(138,0,'ru','cms','product_vendor_code','Артикул','2021-02-23 10:44:45','2021-07-29 12:07:17'),(139,0,'ru','cms','product_code','Код товара','2021-02-23 10:44:45','2021-07-29 12:07:17'),(140,0,'ru','cms','product_name','Название','2021-02-23 10:44:45','2021-07-29 12:07:17'),(141,0,'ru','cms','product_price','Цена','2021-02-23 10:44:45','2021-07-29 12:07:17'),(142,0,'ru','cms','to_apply','применить','2021-02-23 10:44:45','2021-07-29 12:07:17'),(143,0,'ru','cms','reset','сбросить','2021-02-23 10:44:45','2021-07-29 12:07:17'),(144,0,'ru','cms','advanced-filter','Расширенный поиск','2021-02-23 10:44:45','2021-07-29 12:07:17'),(145,0,'ru','cms','seo_catalog_brand','Бренды','2021-02-23 10:44:45','2021-07-29 12:07:17'),(146,0,'ru','cms','feature_kind_values','Значение характеристики','2021-02-23 10:44:45','2021-07-29 12:07:17'),(147,0,'ru','cms','select_color','Выберите цвет','2021-02-23 10:44:45','2021-07-29 12:07:17'),(148,0,'ru','cms','feature_value_name','Название','2021-02-23 10:44:45','2021-07-29 12:07:17'),(149,0,'ru','cms','feature_kind_in_filter','Показывать в фильтре','2021-02-23 10:44:45','2021-07-29 12:07:17'),(150,0,'ru','cms','feature_kind_in_preview','Показывать в превью','2021-02-23 10:44:45','2021-07-29 12:07:17'),(151,0,'ru','cms','feature_kind_in_page','Показывать на странице','2021-02-23 10:44:45','2021-07-29 12:07:17'),(152,0,'ru','cms','feature_name','Название характеристики','2021-02-23 10:44:45','2021-07-29 12:07:17'),(153,0,'ru','cms','slider_main','Основной слайдер','2021-02-23 10:44:45','2021-07-29 12:07:17'),(154,0,'ru','cms','banner_image','Фото','2021-02-23 10:44:45','2021-07-29 12:07:17'),(155,0,'ru','cms','banner_title','Основной заголовок','2021-02-23 10:44:45','2021-07-29 12:07:17'),(156,0,'ru','cms','banner_subtitle','Подзаголовок','2021-02-23 10:44:45','2021-07-29 12:07:17'),(157,0,'ru','cms','banner_link','Ссылка','2021-02-23 10:44:45','2021-07-29 12:07:17'),(158,0,'ru','cms','banner_button_name','Текст ссылки','2021-02-23 10:44:46','2021-07-29 12:07:17'),(159,0,'ru','cms','banner_description','Текстовый блок','2021-02-23 10:44:46','2021-07-29 12:07:17'),(160,0,'ru','cms','discount_banner','Баннер скидок','2021-02-23 10:44:46','2021-07-29 12:07:17'),(161,0,'ru','cms','select_brand','Выберите бренд','2021-02-23 10:44:46','2021-07-29 12:07:17'),(162,0,'ru','cms','select_country','Выберите страну','2021-02-23 10:44:46','2021-07-29 12:07:17'),(163,0,'ru','cms','brand_list','Список брендов','2021-02-23 10:44:46','2021-07-29 12:07:17'),(164,0,'ru','cms','brand_name','Название','2021-02-23 10:44:46','2021-07-29 12:07:17'),(165,0,'ru','cms','brand_country','Страна','2021-02-23 10:44:46','2021-07-29 12:07:17'),(166,0,'ru','cms','use_in_main_menu','показывать в основном меню','2021-02-23 10:44:46','2021-07-29 12:07:17'),(167,0,'ru','cms','brands','Бренды','2021-02-23 10:44:46','2021-07-29 12:07:17'),(168,0,'ru','cms','brand-slider','Слайдер брендов','2021-02-23 10:44:46','2021-07-29 12:07:17'),(169,0,'ru','cms','unlimited_discount','Неограниченная по времени','2021-02-23 10:44:46','2021-07-29 12:07:17'),(170,0,'ru','cms','add_products','Добавить товары','2021-02-23 10:44:46','2021-07-29 12:07:17'),(171,0,'ru','cms','Discount','[1] Скидка |[2,*] Скидки','2021-02-23 10:44:46','2021-07-29 12:07:17'),(172,0,'ru','cms','Discount_list','Список скидок','2021-02-23 10:44:46','2021-07-29 12:07:17'),(173,0,'ru','cms','Product','[1] Продукт |[2] Продукты |[3,*] Продуктов','2021-02-23 10:44:46','2021-07-29 12:07:17'),(174,0,'ru','cms','widget','[1]виджет|[2]виджеты|[3,*]виджетов','2021-02-23 10:44:46','2021-07-29 12:07:17'),(175,0,'ru','cms','discount_actual','статус','2021-02-23 10:44:46','2021-07-29 12:07:17'),(176,0,'ru','cms','discount_name','Название','2021-02-23 10:44:46','2021-07-29 12:07:17'),(177,0,'ru','cms','discount_amount','Процент скидки','2021-02-23 10:44:46','2021-07-29 12:07:17'),(178,0,'ru','cms','discount_start','Скидка начала действовать','2021-02-23 10:44:46','2021-07-29 12:07:17'),(179,0,'ru','cms','discount_end','Закончит свое действие','2021-02-23 10:44:46','2021-07-29 12:07:17'),(180,1,'ru','datatable','delete.title','Вы уверены?','2021-02-23 10:44:46','2021-02-23 10:44:46'),(181,1,'ru','datatable','delete.text','Вы не сможете вернуть это!','2021-02-23 10:44:46','2021-02-23 10:44:46'),(182,1,'ru','datatable','delete.confirmButtonText','Да, уверен','2021-02-23 10:44:46','2021-02-23 10:44:46'),(183,1,'ru','datatable','delete.cancelButtonText','Отмена','2021-02-23 10:44:46','2021-02-23 10:44:46'),(184,1,'ru','developer','module.index','Модули и виджеты','2021-02-23 10:44:46','2021-02-23 10:44:46'),(185,1,'ru','developer','route.index','Роутинг','2021-02-23 10:44:46','2021-02-23 10:44:46'),(186,1,'ru','developer','template.index','Шаблоны страниц','2021-02-23 10:44:46','2021-02-23 10:44:46'),(187,1,'ru','developer','entity_component.index','Компоненты записей','2021-02-23 10:44:46','2021-02-23 10:44:46'),(188,1,'ru','developer','seo_page.index','Сео-страницы','2021-02-23 10:44:46','2021-02-23 10:44:46'),(189,1,'ru','filemanager','Select image','Выберите картинку','2021-02-23 10:44:46','2021-02-23 10:44:46'),(190,1,'ru','filemanager','Select images','Выберите картинки','2021-02-23 10:44:46','2021-02-23 10:44:46'),(191,1,'ru','kind','directory','Справочник','2021-02-23 10:44:47','2021-02-23 10:44:47'),(192,1,'ru','kind','goto_directory','Перейти в справочник','2021-02-23 10:44:47','2021-02-23 10:44:47'),(193,1,'ru','kind','values','Значения характеристики','2021-02-23 10:44:47','2021-02-23 10:44:47'),(194,1,'ru','kind','value','Значение характеристики','2021-02-23 10:44:47','2021-02-23 10:44:47'),(195,1,'ru','kind','name','Название','2021-02-23 10:44:47','2021-02-23 10:44:47'),(196,1,'ru','kind','type','Тип характеристики','2021-02-23 10:44:47','2021-02-23 10:44:47'),(197,1,'ru','kind','values_count','Количество значений','2021-02-23 10:44:47','2021-02-23 10:44:47'),(198,1,'ru','kind','key','ключ','2021-02-23 10:44:47','2021-02-23 10:44:47'),(199,1,'ru','kind','use_in_filter','Использовать в фильтре','2021-02-23 10:44:47','2021-02-23 10:44:47'),(200,1,'ru','kind','use_in_preview','Использовать в превью','2021-02-23 10:44:47','2021-02-23 10:44:47'),(201,1,'ru','kind','use_in_page','Использовать на странице','2021-02-23 10:44:47','2021-02-23 10:44:47'),(202,1,'ru','kind','in_filter','В фильтре','2021-02-23 10:44:47','2021-02-23 10:44:47'),(203,1,'ru','kind','in_preview','В превью','2021-02-23 10:44:47','2021-02-23 10:44:47'),(204,1,'ru','kind','in_page','На странице','2021-02-23 10:44:47','2021-02-23 10:44:47'),(205,1,'ru','language','name','Название','2021-02-23 10:44:47','2021-02-23 10:44:47'),(206,1,'ru','language','short_name','Краткое название','2021-02-23 10:44:47','2021-02-23 10:44:47'),(207,1,'ru','language','short_code','Код языка','2021-02-23 10:44:47','2021-02-23 10:44:47'),(208,1,'ru','menu','name','Название пункта меню','2021-02-23 10:44:47','2021-02-23 10:44:47'),(209,1,'ru','menu','names :name',':name','2021-02-23 10:44:47','2021-02-23 10:44:47'),(210,1,'ru','page','name','название','2021-02-23 10:44:47','2021-02-23 10:44:47'),(211,1,'ru','page','slug','Url','2021-02-23 10:44:47','2021-02-23 10:44:47'),(212,1,'ru','page','description','описание','2021-02-23 10:44:47','2021-02-23 10:44:47'),(213,1,'ru','page','text','содержание','2021-02-23 10:44:47','2021-02-23 10:44:47'),(214,1,'ru','page','template','шаблон','2021-02-23 10:44:47','2021-02-23 10:44:47'),(215,1,'ru','pagination','previous','&laquo; Назад','2021-02-23 10:44:47','2021-02-23 10:44:47'),(216,1,'ru','pagination','next','Вперёд &raquo;','2021-02-23 10:44:47','2021-02-23 10:44:47'),(217,1,'ru','passwords','reset','Ваш пароль был сброшен!','2021-02-23 10:44:47','2021-02-23 10:44:47'),(218,1,'ru','passwords','sent','Ссылка на сброс пароля была отправлена!','2021-02-23 10:44:47','2021-02-23 10:44:47'),(219,1,'ru','passwords','throttled','Пожалуйста, подождите перед повторной попыткой.','2021-02-23 10:44:47','2021-02-23 10:44:47'),(220,1,'ru','passwords','token','Ошибочный код сброса пароля.','2021-02-23 10:44:47','2021-02-23 10:44:47'),(221,1,'ru','passwords','user','Не удалось найти пользователя с указанным электронным адресом.','2021-02-23 10:44:47','2021-02-23 10:44:47'),(222,1,'ru','permission','actions.list','список','2021-02-23 10:44:47','2021-02-23 10:44:47'),(223,1,'ru','permission','actions.index','список','2021-02-23 10:44:48','2021-02-23 10:44:48'),(224,1,'ru','permission','actions.create','создать','2021-02-23 10:44:48','2021-02-23 10:44:48'),(225,1,'ru','permission','actions.destroy','удалить','2021-02-23 10:44:48','2021-02-23 10:44:48'),(226,1,'ru','permission','actions.store','сохранять','2021-02-23 10:44:48','2021-02-23 10:44:48'),(227,1,'ru','permission','actions.edit','редактировать','2021-02-23 10:44:48','2021-02-23 10:44:48'),(228,1,'ru','permission','actions.update','обновлять','2021-02-23 10:44:48','2021-02-23 10:44:48'),(229,1,'ru','permission','actions.show','просматривать','2021-02-23 10:44:48','2021-02-23 10:44:48'),(230,1,'ru','permission','actions.active','вкл/выкл','2021-02-23 10:44:48','2021-02-23 10:44:48'),(231,1,'ru','permission','actions.publish','опубликовать','2021-02-23 10:44:48','2021-02-23 10:44:48'),(232,1,'ru','permission','controller.home','Кабинет','2021-02-23 10:44:48','2021-02-23 10:44:48'),(233,1,'ru','permission','controller.user_permissions','Права пользователя','2021-02-23 10:44:48','2021-02-23 10:44:48'),(234,1,'ru','permission','controller.user','Пользователи','2021-02-23 10:44:48','2021-02-23 10:44:48'),(235,1,'ru','permission','controller.role_permissions','Права ролей','2021-02-23 10:44:48','2021-02-23 10:44:48'),(236,1,'ru','permission','controller.role','Роли','2021-02-23 10:44:48','2021-02-23 10:44:48'),(237,1,'ru','permission','controller.language','Языки','2021-02-23 10:44:48','2021-02-23 10:44:48'),(238,1,'ru','permission','controller.menu','Меню','2021-02-23 10:44:48','2021-02-23 10:44:48'),(239,1,'ru','permission','controller.breadcrumb','Хлебные крошки','2021-02-23 10:44:48','2021-02-23 10:44:48'),(240,1,'ru','permission','controller.translation','Переводы','2021-02-23 10:44:48','2021-02-23 10:44:48'),(241,1,'ru','permission','controller.filemanager','Файл менеджер','2021-02-23 10:44:48','2021-02-23 10:44:48'),(242,1,'ru','permission','controller.section','Разделы сайта','2021-02-23 10:44:48','2021-02-23 10:44:48'),(243,1,'ru','permission','controller.backend_menu','Меню админки','2021-02-23 10:44:48','2021-02-23 10:44:48'),(244,1,'ru','permission','controller.main','Главная страница','2021-02-23 10:44:48','2021-02-23 10:44:48'),(245,1,'ru','product','photo','Фото','2021-02-23 10:44:48','2021-02-23 10:44:48'),(246,1,'ru','product','vendor_code','Артикул','2021-02-23 10:44:48','2021-02-23 10:44:48'),(247,1,'ru','product','product_code','Код товара','2021-02-23 10:44:48','2021-02-23 10:44:48'),(248,1,'ru','product','name','Название','2021-02-23 10:44:48','2021-02-23 10:44:48'),(249,1,'ru','role','name','название','2021-02-23 10:44:48','2021-02-23 10:44:48'),(250,1,'ru','role','created_at','создана','2021-02-23 10:44:48','2021-02-23 10:44:48'),(251,1,'ru','role','users','пользователей','2021-02-23 10:44:48','2021-02-23 10:44:48'),(252,1,'ru','role','slug','псевдоним','2021-02-23 10:44:48','2021-02-23 10:44:48'),(253,1,'ru','root','frontend_menu.index','Меню сайта','2021-02-23 10:44:48','2021-02-23 10:44:48'),(254,1,'ru','root','translation.index','Переводы','2021-02-23 10:44:48','2021-02-23 10:44:48'),(255,1,'ru','root','filemanager.index','Файловый менеджер','2021-02-23 10:44:48','2021-02-23 10:44:48'),(256,1,'ru','root','settings.index','Настройки сайта','2021-02-23 10:44:49','2021-02-23 10:44:49'),(257,1,'ru','section','section.index','Список страниц','2021-02-23 10:44:49','2021-02-23 10:44:49'),(258,1,'ru','section','main.index','Главная','2021-02-23 10:44:49','2021-02-23 10:44:49'),(259,1,'ru','toastr','validation_error.message','Проверьте поля','2021-02-23 10:44:49','2021-02-23 10:44:49'),(260,1,'ru','toastr','validation_error.title','Не сохранено','2021-02-23 10:44:49','2021-02-23 10:44:49'),(261,1,'ru','toastr','created.message','Запись успешно добавлена','2021-02-23 10:44:49','2021-02-23 10:44:49'),(262,1,'ru','toastr','updated.message','Изменения сохранены','2021-02-23 10:44:49','2021-02-23 10:44:49'),(263,1,'ru','toastr','deleted.message','Успешно удалено','2021-02-23 10:44:49','2021-02-23 10:44:49'),(264,1,'ru','translation','Note: translations are not available until they are exported back to the file using the :code command or the import button.','Примечание: переводы недоступны, пока они не будут экспортированы обратно в файл с помощью команды :code или кнопки импорта.','2021-02-23 10:44:49','2021-02-23 10:44:49'),(265,1,'ru','translation','Note: translations are not displayed until they are imported into the database using the :code command or the publish button.','Примечание: переводы не отображаются, пока они не будут импортированы в базу данных с помощью команды :code или кнопки публикации.','2021-02-23 10:44:49','2021-02-23 10:44:49'),(266,1,'ru','translation','import','Импортировать','2021-02-23 10:44:49','2021-02-23 10:44:49'),(267,1,'ru','translation','create new group','Создать группу','2021-02-23 10:44:49','2021-02-23 10:44:49'),(268,1,'ru','translation','choose a group to display the group translations','выберите группу для отображения переводов','2021-02-23 10:44:49','2021-02-23 10:44:49'),(269,1,'ru','translation','Add 1 key per line, without the group prefix','Добавьте по 1 ключу в строку без префикса группы','2021-02-23 10:44:49','2021-02-23 10:44:49'),(270,1,'ru','translation','Done importing!','Импорт выполнен!','2021-02-23 10:44:49','2021-02-23 10:44:49'),(271,1,'ru','translation','add key','добавить ключ','2021-02-23 10:44:49','2021-02-23 10:44:49'),(272,1,'ru','translation','keys','ключи','2021-02-23 10:44:49','2021-02-23 10:44:49'),(273,1,'ru','translation','Are you sure you want to scan you app folder? All found translation keys will be added to the database.','Вы уверены, что хотите просканировать папку с приложением? Все найденные ключи перевода будут добавлены в базу данных.','2021-02-23 10:44:49','2021-02-23 10:44:49'),(274,1,'ru','translation','Find translations in files','Найти переводы в файлах','2021-02-23 10:44:49','2021-02-23 10:44:49'),(275,1,'ru','translation','Are you sure you want to delete the translations for','Вы уверены, что хотите удалить переводы для','2021-02-23 10:44:49','2021-02-23 10:44:49'),(276,1,'ru','translation','Create group','Создать группу','2021-02-23 10:44:49','2021-02-23 10:44:49'),(277,1,'ru','user','name','имя','2021-02-23 10:44:49','2021-02-23 10:44:49'),(278,1,'ru','user','roles','роль','2021-02-23 10:44:49','2021-02-23 10:44:49'),(279,1,'ru','user','email','email','2021-02-23 10:44:49','2021-02-23 10:44:49'),(280,1,'ru','user','created_at','добавлен','2021-02-23 10:44:49','2021-02-23 10:44:49'),(281,1,'ru','user','password','пароль','2021-02-23 10:44:49','2021-02-23 10:44:49'),(282,1,'ru','user','confirm_password','подтвердите пароль','2021-02-23 10:44:49','2021-02-23 10:44:49'),(283,1,'ru','validation','accepted','Вы должны принять :attribute.','2021-02-23 10:44:49','2021-02-23 10:44:49'),(284,1,'ru','validation','active_url','Поле :attribute содержит недействительный URL.','2021-02-23 10:44:49','2021-02-23 10:44:49'),(285,1,'ru','validation','after','В поле :attribute должна быть дата после :date.','2021-02-23 10:44:49','2021-02-23 10:44:49'),(286,1,'ru','validation','after_or_equal','В поле :attribute должна быть дата после или равняться :date.','2021-02-23 10:44:49','2021-02-23 10:44:49'),(287,1,'ru','validation','alpha','Поле :attribute может содержать только буквы.','2021-02-23 10:44:49','2021-02-23 10:44:49'),(288,1,'ru','validation','alpha_dash','Поле :attribute может содержать только буквы, цифры, дефис и нижнее подчеркивание.','2021-02-23 10:44:50','2021-02-23 10:44:50'),(289,1,'ru','validation','alpha_num','Поле :attribute может содержать только буквы и цифры.','2021-02-23 10:44:50','2021-02-23 10:44:50'),(290,1,'ru','validation','array','Поле :attribute должно быть массивом.','2021-02-23 10:44:50','2021-02-23 10:44:50'),(291,1,'ru','validation','before','В поле :attribute должна быть дата до :date.','2021-02-23 10:44:50','2021-02-23 10:44:50'),(292,1,'ru','validation','before_or_equal','В поле :attribute должна быть дата до или равняться :date.','2021-02-23 10:44:50','2021-02-23 10:44:50'),(293,1,'ru','validation','between.numeric','Поле :attribute должно быть между :min и :max.','2021-02-23 10:44:50','2021-02-23 10:44:50'),(294,1,'ru','validation','between.file','Размер файла в поле :attribute должен быть между :min и :max Килобайт(а).','2021-02-23 10:44:50','2021-02-23 10:44:50'),(295,1,'ru','validation','between.string','Количество символов в поле :attribute должно быть между :min и :max.','2021-02-23 10:44:50','2021-02-23 10:44:50'),(296,1,'ru','validation','between.array','Количество элементов в поле :attribute должно быть между :min и :max.','2021-02-23 10:44:50','2021-02-23 10:44:50'),(297,1,'ru','validation','boolean','Поле :attribute должно иметь значение логического типа.','2021-02-23 10:44:50','2021-02-23 10:44:50'),(298,1,'ru','validation','confirmed','Поле :attribute не совпадает с подтверждением.','2021-02-23 10:44:50','2021-02-23 10:44:50'),(299,1,'ru','validation','date','Поле :attribute не является датой.','2021-02-23 10:44:50','2021-02-23 10:44:50'),(300,1,'ru','validation','date_equals','Поле :attribute должно быть датой равной :date.','2021-02-23 10:44:50','2021-02-23 10:44:50'),(301,1,'ru','validation','date_format','Поле :attribute не соответствует формату :format.','2021-02-23 10:44:50','2021-02-23 10:44:50'),(302,1,'ru','validation','different','Поля :attribute и :other должны различаться.','2021-02-23 10:44:50','2021-02-23 10:44:50'),(303,1,'ru','validation','digits','Длина цифрового поля :attribute должна быть :digits.','2021-02-23 10:44:50','2021-02-23 10:44:50'),(304,1,'ru','validation','digits_between','Длина цифрового поля :attribute должна быть между :min и :max.','2021-02-23 10:44:50','2021-02-23 10:44:50'),(305,1,'ru','validation','dimensions','Поле :attribute имеет недопустимые размеры изображения.','2021-02-23 10:44:50','2021-02-23 10:44:50'),(306,1,'ru','validation','distinct','Поле :attribute содержит повторяющееся значение.','2021-02-23 10:44:50','2021-02-23 10:44:50'),(307,1,'ru','validation','email','Поле :attribute должно быть действительным электронным адресом.','2021-02-23 10:44:50','2021-02-23 10:44:50'),(308,1,'ru','validation','ends_with','Поле :attribute должно заканчиваться одним из следующих значений: :values','2021-02-23 10:44:50','2021-02-23 10:44:50'),(309,1,'ru','validation','exists','Выбранное значение для :attribute некорректно.','2021-02-23 10:44:50','2021-02-23 10:44:50'),(310,1,'ru','validation','file','Поле :attribute должно быть файлом.','2021-02-23 10:44:50','2021-02-23 10:44:50'),(311,1,'ru','validation','filled','Поле :attribute обязательно тест !!! для заполнения.','2021-02-23 10:44:50','2021-02-23 10:44:50'),(312,1,'ru','validation','gt.numeric','Поле :attribute должно быть больше :value.','2021-02-23 10:44:50','2021-02-23 10:44:50'),(313,1,'ru','validation','gt.file','Размер файла в поле :attribute должен быть больше :value Килобайт(а).','2021-02-23 10:44:50','2021-02-23 10:44:50'),(314,1,'ru','validation','gt.string','Количество символов в поле :attribute должно быть больше :value.','2021-02-23 10:44:50','2021-02-23 10:44:50'),(315,1,'ru','validation','gt.array','Количество элементов в поле :attribute должно быть больше :value.','2021-02-23 10:44:50','2021-02-23 10:44:50'),(316,1,'ru','validation','gte.numeric','Поле :attribute должно быть больше или равно :value.','2021-02-23 10:44:50','2021-02-23 10:44:50'),(317,1,'ru','validation','gte.file','Размер файла в поле :attribute должен быть больше или равен :value Килобайт(а).','2021-02-23 10:44:50','2021-02-23 10:44:50'),(318,1,'ru','validation','gte.string','Количество символов в поле :attribute должно быть больше или равно :value.','2021-02-23 10:44:50','2021-02-23 10:44:50'),(319,1,'ru','validation','gte.array','Количество элементов в поле :attribute должно быть больше или равно :value.','2021-02-23 10:44:50','2021-02-23 10:44:50'),(320,1,'ru','validation','image','Поле :attribute должно быть изображением.','2021-02-23 10:44:51','2021-02-23 10:44:51'),(321,1,'ru','validation','in','Выбранное значение для :attribute ошибочно.','2021-02-23 10:44:51','2021-02-23 10:44:51'),(322,1,'ru','validation','in_array','Поле :attribute не существует в :other.','2021-02-23 10:44:51','2021-02-23 10:44:51'),(323,1,'ru','validation','integer','Поле :attribute должно быть целым числом.','2021-02-23 10:44:51','2021-02-23 10:44:51'),(324,1,'ru','validation','ip','Поле :attribute должно быть действительным IP-адресом.','2021-02-23 10:44:51','2021-02-23 10:44:51'),(325,1,'ru','validation','ipv4','Поле :attribute должно быть действительным IPv4-адресом.','2021-02-23 10:44:51','2021-02-23 10:44:51'),(326,1,'ru','validation','ipv6','Поле :attribute должно быть действительным IPv6-адресом.','2021-02-23 10:44:51','2021-02-23 10:44:51'),(327,1,'ru','validation','json','Поле :attribute должно быть JSON строкой.','2021-02-23 10:44:51','2021-02-23 10:44:51'),(328,1,'ru','validation','lt.numeric','Поле :attribute должно быть меньше :value.','2021-02-23 10:44:51','2021-02-23 10:44:51'),(329,1,'ru','validation','lt.file','Размер файла в поле :attribute должен быть меньше :value Килобайт(а).','2021-02-23 10:44:51','2021-02-23 10:44:51'),(330,1,'ru','validation','lt.string','Количество символов в поле :attribute должно быть меньше :value.','2021-02-23 10:44:51','2021-02-23 10:44:51'),(331,1,'ru','validation','lt.array','Количество элементов в поле :attribute должно быть меньше :value.','2021-02-23 10:44:51','2021-02-23 10:44:51'),(332,1,'ru','validation','lte.numeric','Поле :attribute должно быть меньше или равно :value.','2021-02-23 10:44:51','2021-02-23 10:44:51'),(333,1,'ru','validation','lte.file','Размер файла в поле :attribute должен быть меньше или равен :value Килобайт(а).','2021-02-23 10:44:51','2021-02-23 10:44:51'),(334,1,'ru','validation','lte.string','Количество символов в поле :attribute должно быть меньше или равно :value.','2021-02-23 10:44:51','2021-02-23 10:44:51'),(335,1,'ru','validation','lte.array','Количество элементов в поле :attribute должно быть меньше или равно :value.','2021-02-23 10:44:51','2021-02-23 10:44:51'),(336,1,'ru','validation','max.numeric','Поле :attribute не может быть более :max.','2021-02-23 10:44:51','2021-02-23 10:44:51'),(337,1,'ru','validation','max.file','Размер файла в поле :attribute не может быть более :max Килобайт(а).','2021-02-23 10:44:51','2021-02-23 10:44:51'),(338,1,'ru','validation','max.string','Количество символов в поле :attribute не может превышать :max.','2021-02-23 10:44:51','2021-02-23 10:44:51'),(339,1,'ru','validation','max.array','Количество элементов в поле :attribute не может превышать :max.','2021-02-23 10:44:51','2021-02-23 10:44:51'),(340,1,'ru','validation','mimes','Поле :attribute должно быть файлом одного из следующих типов: :values.','2021-02-23 10:44:51','2021-02-23 10:44:51'),(341,1,'ru','validation','mimetypes','Поле :attribute должно быть файлом одного из следующих типов: :values.','2021-02-23 10:44:51','2021-02-23 10:44:51'),(342,1,'ru','validation','min.numeric','Поле :attribute должно быть не менее :min.','2021-02-23 10:44:51','2021-02-23 10:44:51'),(343,1,'ru','validation','min.file','Размер файла в поле :attribute должен быть не менее :min Килобайт(а).','2021-02-23 10:44:51','2021-02-23 10:44:51'),(344,1,'ru','validation','min.string','Количество символов в поле :attribute должно быть не менее :min.','2021-02-23 10:44:51','2021-02-23 10:44:51'),(345,1,'ru','validation','min.array','Количество элементов в поле :attribute должно быть не менее :min.','2021-02-23 10:44:51','2021-02-23 10:44:51'),(346,1,'ru','validation','not_in','Выбранное значение для :attribute ошибочно.','2021-02-23 10:44:51','2021-02-23 10:44:51'),(347,1,'ru','validation','not_regex','Выбранный формат для :attribute ошибочный.','2021-02-23 10:44:51','2021-02-23 10:44:51'),(348,1,'ru','validation','numeric','Поле :attribute должно быть числом.','2021-02-23 10:44:51','2021-02-23 10:44:51'),(349,1,'ru','validation','password','Неверный пароль.','2021-02-23 10:44:51','2021-02-23 10:44:51'),(350,1,'ru','validation','present','Поле :attribute должно присутствовать.','2021-02-23 10:44:51','2021-02-23 10:44:51'),(351,1,'ru','validation','regex','Поле :attribute имеет ошибочный формат.','2021-02-23 10:44:52','2021-02-23 10:44:52'),(352,1,'ru','validation','required','Поле обязательно для заполнения.','2021-02-23 10:44:52','2021-02-23 10:44:52'),(353,1,'ru','validation','required_if','Поле :attribute обязательно для заполнения, когда :other равно :value.','2021-02-23 10:44:52','2021-02-23 10:44:52'),(354,1,'ru','validation','required_unless','Поле :attribute обязательно для заполнения, когда :other не равно :values.','2021-02-23 10:44:52','2021-02-23 10:44:52'),(355,1,'ru','validation','required_with','Поле :attribute обязательно для заполнения, когда :values указано.','2021-02-23 10:44:52','2021-02-23 10:44:52'),(356,1,'ru','validation','required_with_all','Поле :attribute обязательно для заполнения, когда :values указано.','2021-02-23 10:44:52','2021-02-23 10:44:52'),(357,1,'ru','validation','required_without','Поле :attribute обязательно для заполнения, когда :values не указано.','2021-02-23 10:44:52','2021-02-23 10:44:52'),(358,1,'ru','validation','required_without_all','Поле :attribute обязательно для заполнения, когда ни одно из :values не указано.','2021-02-23 10:44:52','2021-02-23 10:44:52'),(359,1,'ru','validation','same','Значения полей :attribute и :other должны совпадать.','2021-02-23 10:44:52','2021-02-23 10:44:52'),(360,1,'ru','validation','size.numeric','Поле :attribute должно быть равным :size.','2021-02-23 10:44:52','2021-02-23 10:44:52'),(361,1,'ru','validation','size.file','Размер файла в поле :attribute должен быть равен :size Килобайт(а).','2021-02-23 10:44:52','2021-02-23 10:44:52'),(362,1,'ru','validation','size.string','Количество символов в поле :attribute должно быть равным :size.','2021-02-23 10:44:52','2021-02-23 10:44:52'),(363,1,'ru','validation','size.array','Количество элементов в поле :attribute должно быть равным :size.','2021-02-23 10:44:52','2021-02-23 10:44:52'),(364,1,'ru','validation','starts_with','Поле :attribute должно начинаться из одного из следующих значений: :values','2021-02-23 10:44:52','2021-02-23 10:44:52'),(365,1,'ru','validation','string','Поле :attribute должно быть строкой.','2021-02-23 10:44:52','2021-02-23 10:44:52'),(366,1,'ru','validation','timezone','Поле :attribute должно быть действительным часовым поясом.','2021-02-23 10:44:52','2021-02-23 10:44:52'),(367,1,'ru','validation','unique','Такое значение поля уже существует.','2021-02-23 10:44:52','2021-02-23 10:44:52'),(368,1,'ru','validation','uploaded','Загрузка поля :attribute не удалась.','2021-02-23 10:44:52','2021-02-23 10:44:52'),(369,1,'ru','validation','url','Поле :attribute имеет ошибочный формат.','2021-02-23 10:44:52','2021-02-23 10:44:52'),(370,1,'ru','validation','uuid','Поле :attribute должно быть корректным UUID.','2021-02-23 10:44:52','2021-02-23 10:44:52'),(371,1,'ru','validation','custom.attribute-name.rule-name','custom-message','2021-02-23 10:44:52','2021-02-23 10:44:52'),(372,1,'ru','validation','attributes.name','Имя','2021-02-23 10:44:52','2021-02-23 10:44:52'),(373,1,'ru','validation','attributes.username','Никнейм','2021-02-23 10:44:52','2021-02-23 10:44:52'),(374,1,'ru','validation','attributes.email','E-Mail адрес','2021-02-23 10:44:52','2021-02-23 10:44:52'),(375,1,'ru','validation','attributes.first_name','Имя','2021-02-23 10:44:52','2021-02-23 10:44:52'),(376,1,'ru','validation','attributes.last_name','Фамилия','2021-02-23 10:44:52','2021-02-23 10:44:52'),(377,1,'ru','validation','attributes.password','Пароль','2021-02-23 10:44:52','2021-02-23 10:44:52'),(378,1,'ru','validation','attributes.password_confirmation','Подтверждение пароля','2021-02-23 10:44:52','2021-02-23 10:44:52'),(379,1,'ru','validation','attributes.city','Город','2021-02-23 10:44:52','2021-02-23 10:44:52'),(380,1,'ru','validation','attributes.country','Страна','2021-02-23 10:44:52','2021-02-23 10:44:52'),(381,1,'ru','validation','attributes.address','Адрес','2021-02-23 10:44:52','2021-02-23 10:44:52'),(382,1,'ru','validation','attributes.phone','Телефон','2021-02-23 10:44:52','2021-02-23 10:44:52'),(383,1,'ru','validation','attributes.mobile','Моб. номер','2021-02-23 10:44:52','2021-02-23 10:44:52'),(384,1,'ru','validation','attributes.age','Возраст','2021-02-23 10:44:53','2021-02-23 10:44:53'),(385,1,'ru','validation','attributes.sex','Пол','2021-02-23 10:44:53','2021-02-23 10:44:53'),(386,1,'ru','validation','attributes.gender','Пол','2021-02-23 10:44:53','2021-02-23 10:44:53'),(387,1,'ru','validation','attributes.day','День','2021-02-23 10:44:53','2021-02-23 10:44:53'),(388,1,'ru','validation','attributes.month','Месяц','2021-02-23 10:44:53','2021-02-23 10:44:53'),(389,1,'ru','validation','attributes.year','Год','2021-02-23 10:44:53','2021-02-23 10:44:53'),(390,1,'ru','validation','attributes.hour','Час','2021-02-23 10:44:53','2021-02-23 10:44:53'),(391,1,'ru','validation','attributes.minute','Минута','2021-02-23 10:44:53','2021-02-23 10:44:53'),(392,1,'ru','validation','attributes.second','Секунда','2021-02-23 10:44:53','2021-02-23 10:44:53'),(393,1,'ru','validation','attributes.title','Наименование','2021-02-23 10:44:53','2021-02-23 10:44:53'),(394,1,'ru','validation','attributes.content','Контент','2021-02-23 10:44:53','2021-02-23 10:44:53'),(395,1,'ru','validation','attributes.description','Описание','2021-02-23 10:44:53','2021-02-23 10:44:53'),(396,1,'ru','validation','attributes.excerpt','Выдержка','2021-02-23 10:44:53','2021-02-23 10:44:53'),(397,1,'ru','validation','attributes.date','Дата','2021-02-23 10:44:53','2021-02-23 10:44:53'),(398,1,'ru','validation','attributes.time','Время','2021-02-23 10:44:53','2021-02-23 10:44:53'),(399,1,'ru','validation','attributes.available','Доступно','2021-02-23 10:44:53','2021-02-23 10:44:53'),(400,1,'ru','validation','attributes.size','Размер','2021-02-23 10:44:53','2021-02-23 10:44:53'),(401,1,'ru','validation','attributes.role_id','Роль','2021-02-23 10:44:53','2021-02-23 10:44:53'),(402,1,'ru','validation','attributes.short_code','код языка','2021-02-23 10:44:53','2021-02-23 10:44:53'),(403,1,'ru','validation','slug_not_unique','Такой url уже существует.','2021-02-23 10:44:53','2021-02-23 10:44:53'),(406,1,'ua','auth','failed','Неверное имя пользователя или пароль.','2021-02-23 10:44:53','2021-02-23 10:44:53'),(407,1,'ua','auth','throttle','Слишком много попыток входа. Пожалуйста, попробуйте еще раз через :seconds секунд.','2021-02-23 10:44:53','2021-02-23 10:44:53'),(408,1,'ua','auth','logout','Выйти','2021-02-23 10:44:53','2021-02-23 10:44:53'),(409,1,'ua','breadcrumb','name','Название','2021-02-23 10:44:53','2021-02-23 10:44:53'),(410,1,'ua','breadcrumb','title','Заголовок','2021-02-23 10:44:53','2021-02-23 10:44:53'),(411,0,'ua','cms','home','кабинет','2021-02-23 10:44:53','2021-07-29 12:07:17'),(412,0,'ua','cms','user','{0} пользователи |[1] пользователь |[2,4] пользователя |[5] пользователей |[100] пользователи','2021-02-23 10:44:53','2021-07-29 12:07:17'),(413,0,'ua','cms','permission_rights','[1]Право доступа :i|[2] Права доступа :i|[100] Доступы :i','2021-02-23 10:44:53','2021-07-29 12:07:17'),(414,0,'ua','cms','language','{0} языки |[1]язык |[2] языки |[100] языков','2021-02-23 10:44:53','2021-07-29 12:07:17'),(415,0,'ua','cms','menu','{0} меню|[1] пункт меню |[100] меню','2021-02-23 10:44:53','2021-07-29 12:07:17'),(416,0,'ua','cms','breadcrumb','{0} Хлебные крошки','2021-02-23 10:44:53','2021-07-29 12:07:17'),(417,0,'ua','cms','description','Описание','2021-02-23 10:44:54','2021-07-29 12:07:17'),(418,0,'ua','cms','language_versions','Языковые версии','2021-02-23 10:44:54','2021-07-29 12:07:17'),(419,0,'ua','cms','for_example','например','2021-02-23 10:44:54','2021-07-29 12:07:17'),(420,0,'ua','cms','permission_list','Список доступов','2021-02-23 10:44:54','2021-07-29 12:07:17'),(421,0,'ua','cms','icon','Иконка','2021-02-23 10:44:54','2021-07-29 12:07:17'),(422,0,'ua','cms','buttons.edit','редактировать','2021-02-23 10:44:54','2021-07-29 12:07:17'),(423,0,'ua','cms','buttons.permission','доступ','2021-02-23 10:44:54','2021-07-29 12:07:17'),(424,0,'ua','cms','buttons.delete','удалить','2021-02-23 10:44:54','2021-07-29 12:07:17'),(425,0,'ua','cms','buttons.cancel','отмена','2021-02-23 10:44:54','2021-07-29 12:07:17'),(426,0,'ua','cms','buttons.create','создать','2021-02-23 10:44:54','2021-07-29 12:07:17'),(427,0,'ua','cms','buttons.list','список','2021-02-23 10:44:54','2021-07-29 12:07:17'),(428,0,'ua','cms','buttons.save','сохранить','2021-02-23 10:44:54','2021-07-29 12:07:17'),(429,0,'ua','cms','buttons.enabled','включен','2021-02-23 10:44:54','2021-07-29 12:07:17'),(430,0,'ua','cms','buttons.disabled','отключен','2021-02-23 10:44:54','2021-07-29 12:07:17'),(431,0,'ua','cms','buttons.active','Контент опубликован','2021-02-23 10:44:54','2021-07-29 12:07:17'),(432,0,'ua','cms','buttons.not_active','Опубликовать контент','2021-02-23 10:44:54','2021-07-29 12:07:17'),(433,0,'ua','cms','buttons.publish','опубликовать','2021-02-23 10:44:54','2021-07-29 12:07:17'),(434,0,'ua','cms','buttons.publish all','опубликовать все','2021-02-23 10:44:54','2021-07-29 12:07:17'),(435,0,'ua','cms','buttons.demo','демонстрация','2021-02-23 10:44:54','2021-07-29 12:07:17'),(436,0,'ua','cms','buttons.back','назад','2021-02-23 10:44:54','2021-07-29 12:07:17'),(437,0,'ua','cms','buttons.close','закрыть','2021-02-23 10:44:54','2021-07-29 12:07:17'),(438,0,'ua','cms','buttons.select','выбрать','2021-02-23 10:44:54','2021-07-29 12:07:17'),(439,0,'ua','cms','buttons.deleted','Удаленные','2021-02-23 10:44:54','2021-07-29 12:07:17'),(440,0,'ua','cms','buttons.add_video','видео','2021-02-23 10:44:54','2021-07-29 12:07:17'),(441,0,'ua','cms','buttons.add_photo','фото','2021-02-23 10:44:54','2021-07-29 12:07:17'),(442,0,'ua','cms','search','Поиск','2021-02-23 10:44:54','2021-07-29 12:07:17'),(443,0,'ua','cms','select.default','Выберите из списка ...','2021-02-23 10:44:54','2021-07-29 12:07:17'),(444,0,'ua','cms','list','список','2021-02-23 10:44:54','2021-07-29 12:07:17'),(445,0,'ua','cms','create','создать','2021-02-23 10:44:54','2021-07-29 12:07:17'),(446,0,'ua','cms','edit','редактировать','2021-02-23 10:44:54','2021-07-29 12:07:17'),(447,0,'ua','cms','Find translations in files','Найти переводы в файлах','2021-02-23 10:44:54','2021-07-29 12:07:17'),(448,0,'ua','cms','filemanager','Файловый менеджер','2021-02-23 10:44:54','2021-07-29 12:07:17'),(449,0,'ua','cms','publish','контент опубликован','2021-02-23 10:44:54','2021-07-29 12:07:17'),(450,0,'ua','cms','information','Информация','2021-02-23 10:44:55','2021-07-29 12:07:17'),(451,1,'ua','datatable','delete.title','Вы уверены?','2021-02-23 10:44:55','2021-02-23 10:44:55'),(452,1,'ua','datatable','delete.text','Вы не сможете вернуть это!','2021-02-23 10:44:55','2021-02-23 10:44:55'),(453,1,'ua','datatable','delete.confirmButtonText','Да, уверен','2021-02-23 10:44:55','2021-02-23 10:44:55'),(454,1,'ua','datatable','delete.cancelButtonText','Отмена','2021-02-23 10:44:55','2021-02-23 10:44:55'),(455,1,'ua','filemanager','Select image','Выберите картинку','2021-02-23 10:44:55','2021-02-23 10:44:55'),(456,1,'ua','filemanager','Select images','Выберите картинки','2021-02-23 10:44:55','2021-02-23 10:44:55'),(457,1,'ua','language','name','Название','2021-02-23 10:44:55','2021-02-23 10:44:55'),(458,1,'ua','language','short_name','Краткое название','2021-02-23 10:44:55','2021-02-23 10:44:55'),(459,1,'ua','language','short_code','Код языка','2021-02-23 10:44:55','2021-02-23 10:44:55'),(460,1,'ua','menu','name','Название пункта меню','2021-02-23 10:44:55','2021-02-23 10:44:55'),(461,1,'ua','menu','names :name',':name','2021-02-23 10:44:55','2021-02-23 10:44:55'),(462,1,'ua','page','name','название','2021-02-23 10:44:55','2021-02-23 10:44:55'),(463,1,'ua','page','slug','Url','2021-02-23 10:44:55','2021-02-23 10:44:55'),(464,1,'ua','page','description','описание','2021-02-23 10:44:55','2021-02-23 10:44:55'),(465,1,'ua','page','text','содержание','2021-02-23 10:44:55','2021-02-23 10:44:55'),(466,1,'ua','page','template','шаблон','2021-02-23 10:44:55','2021-02-23 10:44:55'),(467,1,'ua','pagination','previous','&laquo; Назад','2021-02-23 10:44:55','2021-02-23 10:44:55'),(468,1,'ua','pagination','next','Вперёд &raquo;','2021-02-23 10:44:55','2021-02-23 10:44:55'),(469,1,'ua','passwords','reset','Ваш пароль был сброшен!','2021-02-23 10:44:55','2021-02-23 10:44:55'),(470,1,'ua','passwords','sent','Ссылка на сброс пароля была отправлена!','2021-02-23 10:44:55','2021-02-23 10:44:55'),(471,1,'ua','passwords','throttled','Пожалуйста, подождите перед повторной попыткой.','2021-02-23 10:44:55','2021-02-23 10:44:55'),(472,1,'ua','passwords','token','Ошибочный код сброса пароля.','2021-02-23 10:44:55','2021-02-23 10:44:55'),(473,1,'ua','passwords','user','Не удалось найти пользователя с указанным электронным адресом.','2021-02-23 10:44:55','2021-02-23 10:44:55'),(474,1,'ua','permission','actions.list','список','2021-02-23 10:44:55','2021-02-23 10:44:55'),(475,1,'ua','permission','actions.index','список','2021-02-23 10:44:55','2021-02-23 10:44:55'),(476,1,'ua','permission','actions.create','создать','2021-02-23 10:44:55','2021-02-23 10:44:55'),(477,1,'ua','permission','actions.destroy','удалить','2021-02-23 10:44:55','2021-02-23 10:44:55'),(478,1,'ua','permission','actions.store','сохранять','2021-02-23 10:44:55','2021-02-23 10:44:55'),(479,1,'ua','permission','actions.edit','редактировать','2021-02-23 10:44:55','2021-02-23 10:44:55'),(480,1,'ua','permission','actions.update','обновлять','2021-02-23 10:44:55','2021-02-23 10:44:55'),(481,1,'ua','permission','actions.show','просматривать','2021-02-23 10:44:55','2021-02-23 10:44:55'),(482,1,'ua','permission','actions.active','вкл/выкл','2021-02-23 10:44:56','2021-02-23 10:44:56'),(483,1,'ua','permission','actions.publish','опубликовать','2021-02-23 10:44:56','2021-02-23 10:44:56'),(484,1,'ua','permission','controller.home','Кабинет','2021-02-23 10:44:56','2021-02-23 10:44:56'),(485,1,'ua','permission','controller.user_permissions','Права пользователя','2021-02-23 10:44:56','2021-02-23 10:44:56'),(486,1,'ua','permission','controller.user','Пользователи','2021-02-23 10:44:56','2021-02-23 10:44:56'),(487,1,'ua','permission','controller.role_permissions','Права ролей','2021-02-23 10:44:56','2021-02-23 10:44:56'),(488,1,'ua','permission','controller.role','Роли','2021-02-23 10:44:56','2021-02-23 10:44:56'),(489,1,'ua','permission','controller.language','Языки','2021-02-23 10:44:56','2021-02-23 10:44:56'),(490,1,'ua','permission','controller.menu','Меню','2021-02-23 10:44:56','2021-02-23 10:44:56'),(491,1,'ua','permission','controller.breadcrumb','Хлебные крошки','2021-02-23 10:44:56','2021-02-23 10:44:56'),(492,1,'ua','permission','controller.translation','Переводы','2021-02-23 10:44:56','2021-02-23 10:44:56'),(493,1,'ua','permission','controller.filemanager','Файл менеджер','2021-02-23 10:44:56','2021-02-23 10:44:56'),(494,1,'ua','permission','controller.section','Разделы сайта','2021-02-23 10:44:56','2021-02-23 10:44:56'),(495,1,'ua','permission','controller.backend_menu','Меню админки','2021-02-23 10:44:56','2021-02-23 10:44:56'),(496,1,'ua','permission','controller.main','Главная страница','2021-02-23 10:44:56','2021-02-23 10:44:56'),(497,1,'ua','role','name','название','2021-02-23 10:44:56','2021-02-23 10:44:56'),(498,1,'ua','role','created_at','создана','2021-02-23 10:44:56','2021-02-23 10:44:56'),(499,1,'ua','role','users','пользователей','2021-02-23 10:44:56','2021-02-23 10:44:56'),(500,1,'ua','role','slug','псевдоним','2021-02-23 10:44:56','2021-02-23 10:44:56'),(501,1,'ua','toastr','validation_error.message','Проверьте поля','2021-02-23 10:44:56','2021-02-23 10:44:56'),(502,1,'ua','toastr','validation_error.title','Не сохранено','2021-02-23 10:44:56','2021-02-23 10:44:56'),(503,1,'ua','toastr','created.message','Запись успешно добавлена','2021-02-23 10:44:56','2021-02-23 10:44:56'),(504,1,'ua','toastr','updated.message','Изменения сохранены','2021-02-23 10:44:56','2021-02-23 10:44:56'),(505,1,'ua','toastr','deleted.message','Успешно удалено','2021-02-23 10:44:56','2021-02-23 10:44:56'),(506,1,'ua','translation','Note: translations are not available until they are exported back to the file using the :code command or the import button.','Примечание: переводы недоступны, пока они не будут экспортированы обратно в файл с помощью команды :code или кнопки импорта.','2021-02-23 10:44:56','2021-02-23 10:44:56'),(507,1,'ua','translation','Note: translations are not displayed until they are imported into the database using the :code command or the publish button.','Примечание: переводы не отображаются, пока они не будут импортированы в базу данных с помощью команды :code или кнопки публикации.','2021-02-23 10:44:56','2021-02-23 10:44:56'),(508,1,'ua','translation','import','Импортировать','2021-02-23 10:44:56','2021-02-23 10:44:56'),(509,1,'ua','translation','create new group','Создать группу','2021-02-23 10:44:56','2021-02-23 10:44:56'),(510,1,'ua','translation','choose a group to display the group translations','выберите группу для отображения переводов','2021-02-23 10:44:57','2021-02-23 10:44:57'),(511,1,'ua','translation','Add 1 key per line, without the group prefix','Добавьте по 1 ключу в строку без префикса группы','2021-02-23 10:44:57','2021-02-23 10:44:57'),(512,1,'ua','translation','Done importing!','Импорт выполнен!','2021-02-23 10:44:57','2021-02-23 10:44:57'),(513,1,'ua','translation','add key','добавить ключ','2021-02-23 10:44:57','2021-02-23 10:44:57'),(514,1,'ua','translation','keys','ключи','2021-02-23 10:44:57','2021-02-23 10:44:57'),(515,1,'ua','translation','Are you sure you want to scan you app folder? All found translation keys will be added to the database.','Вы уверены, что хотите просканировать папку с приложением? Все найденные ключи перевода будут добавлены в базу данных.','2021-02-23 10:44:57','2021-02-23 10:44:57'),(516,1,'ua','translation','Find translations in files','Найти переводы в файлах','2021-02-23 10:44:57','2021-02-23 10:44:57'),(517,1,'ua','translation','Are you sure you want to delete the translations for','Вы уверены, что хотите удалить переводы для','2021-02-23 10:44:57','2021-02-23 10:44:57'),(518,1,'ua','translation','Create group','Создать группу','2021-02-23 10:44:57','2021-02-23 10:44:57'),(519,1,'ua','user','name','имя','2021-02-23 10:44:57','2021-02-23 10:44:57'),(520,1,'ua','user','roles','роль','2021-02-23 10:44:57','2021-02-23 10:44:57'),(521,1,'ua','user','email','email','2021-02-23 10:44:57','2021-02-23 10:44:57'),(522,1,'ua','user','created_at','добавлен','2021-02-23 10:44:57','2021-02-23 10:44:57'),(523,1,'ua','user','password','пароль','2021-02-23 10:44:57','2021-02-23 10:44:57'),(524,1,'ua','user','confirm_password','подтвердите пароль','2021-02-23 10:44:57','2021-02-23 10:44:57'),(525,1,'ua','validation','accepted','Вы должны принять :attribute.','2021-02-23 10:44:57','2021-02-23 10:44:57'),(526,1,'ua','validation','active_url','Поле :attribute содержит недействительный URL.','2021-02-23 10:44:57','2021-02-23 10:44:57'),(527,1,'ua','validation','after','В поле :attribute должна быть дата после :date.','2021-02-23 10:44:57','2021-02-23 10:44:57'),(528,1,'ua','validation','after_or_equal','В поле :attribute должна быть дата после или равняться :date.','2021-02-23 10:44:57','2021-02-23 10:44:57'),(529,1,'ua','validation','alpha','Поле :attribute может содержать только буквы.','2021-02-23 10:44:57','2021-02-23 10:44:57'),(530,1,'ua','validation','alpha_dash','Поле :attribute может содержать только буквы, цифры, дефис и нижнее подчеркивание.','2021-02-23 10:44:57','2021-02-23 10:44:57'),(531,1,'ua','validation','alpha_num','Поле :attribute может содержать только буквы и цифры.','2021-02-23 10:44:57','2021-02-23 10:44:57'),(532,1,'ua','validation','array','Поле :attribute должно быть массивом.','2021-02-23 10:44:57','2021-02-23 10:44:57'),(533,1,'ua','validation','before','В поле :attribute должна быть дата до :date.','2021-02-23 10:44:57','2021-02-23 10:44:57'),(534,1,'ua','validation','before_or_equal','В поле :attribute должна быть дата до или равняться :date.','2021-02-23 10:44:57','2021-02-23 10:44:57'),(535,1,'ua','validation','between.numeric','Поле :attribute должно быть между :min и :max.','2021-02-23 10:44:57','2021-02-23 10:44:57'),(536,1,'ua','validation','between.file','Размер файла в поле :attribute должен быть между :min и :max Килобайт(а).','2021-02-23 10:44:57','2021-02-23 10:44:57'),(537,1,'ua','validation','between.string','Количество символов в поле :attribute должно быть между :min и :max.','2021-02-23 10:44:58','2021-02-23 10:44:58'),(538,1,'ua','validation','between.array','Количество элементов в поле :attribute должно быть между :min и :max.','2021-02-23 10:44:58','2021-02-23 10:44:58'),(539,1,'ua','validation','boolean','Поле :attribute должно иметь значение логического типа.','2021-02-23 10:44:58','2021-02-23 10:44:58'),(540,1,'ua','validation','confirmed','Поле :attribute не совпадает с подтверждением.','2021-02-23 10:44:58','2021-02-23 10:44:58'),(541,1,'ua','validation','date','Поле :attribute не является датой.','2021-02-23 10:44:58','2021-02-23 10:44:58'),(542,1,'ua','validation','date_equals','Поле :attribute должно быть датой равной :date.','2021-02-23 10:44:58','2021-02-23 10:44:58'),(543,1,'ua','validation','date_format','Поле :attribute не соответствует формату :format.','2021-02-23 10:44:58','2021-02-23 10:44:58'),(544,1,'ua','validation','different','Поля :attribute и :other должны различаться.','2021-02-23 10:44:58','2021-02-23 10:44:58'),(545,1,'ua','validation','digits','Длина цифрового поля :attribute должна быть :digits.','2021-02-23 10:44:58','2021-02-23 10:44:58'),(546,1,'ua','validation','digits_between','Длина цифрового поля :attribute должна быть между :min и :max.','2021-02-23 10:44:58','2021-02-23 10:44:58'),(547,1,'ua','validation','dimensions','Поле :attribute имеет недопустимые размеры изображения.','2021-02-23 10:44:58','2021-02-23 10:44:58'),(548,1,'ua','validation','distinct','Поле :attribute содержит повторяющееся значение.','2021-02-23 10:44:58','2021-02-23 10:44:58'),(549,1,'ua','validation','email','Поле :attribute должно быть действительным электронным адресом.','2021-02-23 10:44:58','2021-02-23 10:44:58'),(550,1,'ua','validation','ends_with','Поле :attribute должно заканчиваться одним из следующих значений: :values','2021-02-23 10:44:58','2021-02-23 10:44:58'),(551,1,'ua','validation','exists','Выбранное значение для :attribute некорректно.','2021-02-23 10:44:58','2021-02-23 10:44:58'),(552,1,'ua','validation','file','Поле :attribute должно быть файлом.','2021-02-23 10:44:58','2021-02-23 10:44:58'),(553,1,'ua','validation','filled','Поле :attribute обязательно тест !!! для заполнения.','2021-02-23 10:44:58','2021-02-23 10:44:58'),(554,1,'ua','validation','gt.numeric','Поле :attribute должно быть больше :value.','2021-02-23 10:44:58','2021-02-23 10:44:58'),(555,1,'ua','validation','gt.file','Размер файла в поле :attribute должен быть больше :value Килобайт(а).','2021-02-23 10:44:58','2021-02-23 10:44:58'),(556,1,'ua','validation','gt.string','Количество символов в поле :attribute должно быть больше :value.','2021-02-23 10:44:58','2021-02-23 10:44:58'),(557,1,'ua','validation','gt.array','Количество элементов в поле :attribute должно быть больше :value.','2021-02-23 10:44:58','2021-02-23 10:44:58'),(558,1,'ua','validation','gte.numeric','Поле :attribute должно быть больше или равно :value.','2021-02-23 10:44:58','2021-02-23 10:44:58'),(559,1,'ua','validation','gte.file','Размер файла в поле :attribute должен быть больше или равен :value Килобайт(а).','2021-02-23 10:44:58','2021-02-23 10:44:58'),(560,1,'ua','validation','gte.string','Количество символов в поле :attribute должно быть больше или равно :value.','2021-02-23 10:44:58','2021-02-23 10:44:58'),(561,1,'ua','validation','gte.array','Количество элементов в поле :attribute должно быть больше или равно :value.','2021-02-23 10:44:58','2021-02-23 10:44:58'),(562,1,'ua','validation','image','Поле :attribute должно быть изображением.','2021-02-23 10:44:58','2021-02-23 10:44:58'),(563,1,'ua','validation','in','Выбранное значение для :attribute ошибочно.','2021-02-23 10:44:58','2021-02-23 10:44:58'),(564,1,'ua','validation','in_array','Поле :attribute не существует в :other.','2021-02-23 10:44:58','2021-02-23 10:44:58'),(565,1,'ua','validation','integer','Поле :attribute должно быть целым числом.','2021-02-23 10:44:58','2021-02-23 10:44:58'),(566,1,'ua','validation','ip','Поле :attribute должно быть действительным IP-адресом.','2021-02-23 10:44:58','2021-02-23 10:44:58'),(567,1,'ua','validation','ipv4','Поле :attribute должно быть действительным IPv4-адресом.','2021-02-23 10:44:59','2021-02-23 10:44:59'),(568,1,'ua','validation','ipv6','Поле :attribute должно быть действительным IPv6-адресом.','2021-02-23 10:44:59','2021-02-23 10:44:59'),(569,1,'ua','validation','json','Поле :attribute должно быть JSON строкой.','2021-02-23 10:44:59','2021-02-23 10:44:59'),(570,1,'ua','validation','lt.numeric','Поле :attribute должно быть меньше :value.','2021-02-23 10:44:59','2021-02-23 10:44:59'),(571,1,'ua','validation','lt.file','Размер файла в поле :attribute должен быть меньше :value Килобайт(а).','2021-02-23 10:44:59','2021-02-23 10:44:59'),(572,1,'ua','validation','lt.string','Количество символов в поле :attribute должно быть меньше :value.','2021-02-23 10:44:59','2021-02-23 10:44:59'),(573,1,'ua','validation','lt.array','Количество элементов в поле :attribute должно быть меньше :value.','2021-02-23 10:44:59','2021-02-23 10:44:59'),(574,1,'ua','validation','lte.numeric','Поле :attribute должно быть меньше или равно :value.','2021-02-23 10:44:59','2021-02-23 10:44:59'),(575,1,'ua','validation','lte.file','Размер файла в поле :attribute должен быть меньше или равен :value Килобайт(а).','2021-02-23 10:44:59','2021-02-23 10:44:59'),(576,1,'ua','validation','lte.string','Количество символов в поле :attribute должно быть меньше или равно :value.','2021-02-23 10:44:59','2021-02-23 10:44:59'),(577,1,'ua','validation','lte.array','Количество элементов в поле :attribute должно быть меньше или равно :value.','2021-02-23 10:44:59','2021-02-23 10:44:59'),(578,1,'ua','validation','max.numeric','Поле :attribute не может быть более :max.','2021-02-23 10:44:59','2021-02-23 10:44:59'),(579,1,'ua','validation','max.file','Размер файла в поле :attribute не может быть более :max Килобайт(а).','2021-02-23 10:44:59','2021-02-23 10:44:59'),(580,1,'ua','validation','max.string','Количество символов в поле :attribute не может превышать :max.','2021-02-23 10:44:59','2021-02-23 10:44:59'),(581,1,'ua','validation','max.array','Количество элементов в поле :attribute не может превышать :max.','2021-02-23 10:44:59','2021-02-23 10:44:59'),(582,1,'ua','validation','mimes','Поле :attribute должно быть файлом одного из следующих типов: :values.','2021-02-23 10:44:59','2021-02-23 10:44:59'),(583,1,'ua','validation','mimetypes','Поле :attribute должно быть файлом одного из следующих типов: :values.','2021-02-23 10:44:59','2021-02-23 10:44:59'),(584,1,'ua','validation','min.numeric','Поле :attribute должно быть не менее :min.','2021-02-23 10:44:59','2021-02-23 10:44:59'),(585,1,'ua','validation','min.file','Размер файла в поле :attribute должен быть не менее :min Килобайт(а).','2021-02-23 10:44:59','2021-02-23 10:44:59'),(586,1,'ua','validation','min.string','Количество символов в поле :attribute должно быть не менее :min.','2021-02-23 10:44:59','2021-02-23 10:44:59'),(587,1,'ua','validation','min.array','Количество элементов в поле :attribute должно быть не менее :min.','2021-02-23 10:44:59','2021-02-23 10:44:59'),(588,1,'ua','validation','not_in','Выбранное значение для :attribute ошибочно.','2021-02-23 10:44:59','2021-02-23 10:44:59'),(589,1,'ua','validation','not_regex','Выбранный формат для :attribute ошибочный.','2021-02-23 10:44:59','2021-02-23 10:44:59'),(590,1,'ua','validation','numeric','Поле :attribute должно быть числом.','2021-02-23 10:44:59','2021-02-23 10:44:59'),(591,1,'ua','validation','password','Неверный пароль.','2021-02-23 10:44:59','2021-02-23 10:44:59'),(592,1,'ua','validation','present','Поле :attribute должно присутствовать.','2021-02-23 10:44:59','2021-02-23 10:44:59'),(593,1,'ua','validation','regex','Поле :attribute имеет ошибочный формат.','2021-02-23 10:44:59','2021-02-23 10:44:59'),(594,1,'ua','validation','required','Поле обязательно для заполнения.','2021-02-23 10:44:59','2021-02-23 10:44:59'),(595,1,'ua','validation','required_if','Поле :attribute обязательно для заполнения, когда :other равно :value.','2021-02-23 10:44:59','2021-02-23 10:44:59'),(596,1,'ua','validation','required_unless','Поле :attribute обязательно для заполнения, когда :other не равно :values.','2021-02-23 10:45:00','2021-02-23 10:45:00'),(597,1,'ua','validation','required_with','Поле :attribute обязательно для заполнения, когда :values указано.','2021-02-23 10:45:00','2021-02-23 10:45:00'),(598,1,'ua','validation','required_with_all','Поле :attribute обязательно для заполнения, когда :values указано.','2021-02-23 10:45:00','2021-02-23 10:45:00'),(599,1,'ua','validation','required_without','Поле :attribute обязательно для заполнения, когда :values не указано.','2021-02-23 10:45:00','2021-02-23 10:45:00'),(600,1,'ua','validation','required_without_all','Поле :attribute обязательно для заполнения, когда ни одно из :values не указано.','2021-02-23 10:45:00','2021-02-23 10:45:00'),(601,1,'ua','validation','same','Значения полей :attribute и :other должны совпадать.','2021-02-23 10:45:00','2021-02-23 10:45:00'),(602,1,'ua','validation','size.numeric','Поле :attribute должно быть равным :size.','2021-02-23 10:45:00','2021-02-23 10:45:00'),(603,1,'ua','validation','size.file','Размер файла в поле :attribute должен быть равен :size Килобайт(а).','2021-02-23 10:45:00','2021-02-23 10:45:00'),(604,1,'ua','validation','size.string','Количество символов в поле :attribute должно быть равным :size.','2021-02-23 10:45:00','2021-02-23 10:45:00'),(605,1,'ua','validation','size.array','Количество элементов в поле :attribute должно быть равным :size.','2021-02-23 10:45:00','2021-02-23 10:45:00'),(606,1,'ua','validation','starts_with','Поле :attribute должно начинаться из одного из следующих значений: :values','2021-02-23 10:45:00','2021-02-23 10:45:00'),(607,1,'ua','validation','string','Поле :attribute должно быть строкой.','2021-02-23 10:45:00','2021-02-23 10:45:00'),(608,1,'ua','validation','timezone','Поле :attribute должно быть действительным часовым поясом.','2021-02-23 10:45:00','2021-02-23 10:45:00'),(609,1,'ua','validation','unique','Такое значение поля уже существует.','2021-02-23 10:45:00','2021-02-23 10:45:00'),(610,1,'ua','validation','uploaded','Загрузка поля :attribute не удалась.','2021-02-23 10:45:00','2021-02-23 10:45:00'),(611,1,'ua','validation','url','Поле :attribute имеет ошибочный формат.','2021-02-23 10:45:00','2021-02-23 10:45:00'),(612,1,'ua','validation','uuid','Поле :attribute должно быть корректным UUID.','2021-02-23 10:45:00','2021-02-23 10:45:00'),(613,1,'ua','validation','custom.attribute-name.rule-name','custom-message','2021-02-23 10:45:00','2021-02-23 10:45:00'),(614,1,'ua','validation','attributes.name','Имя','2021-02-23 10:45:00','2021-02-23 10:45:00'),(615,1,'ua','validation','attributes.username','Никнейм','2021-02-23 10:45:00','2021-02-23 10:45:00'),(616,1,'ua','validation','attributes.email','E-Mail адрес','2021-02-23 10:45:00','2021-02-23 10:45:00'),(617,1,'ua','validation','attributes.first_name','Имя','2021-02-23 10:45:00','2021-02-23 10:45:00'),(618,1,'ua','validation','attributes.last_name','Фамилия','2021-02-23 10:45:00','2021-02-23 10:45:00'),(619,1,'ua','validation','attributes.password','Пароль','2021-02-23 10:45:00','2021-02-23 10:45:00'),(620,1,'ua','validation','attributes.password_confirmation','Подтверждение пароля','2021-02-23 10:45:00','2021-02-23 10:45:00'),(621,1,'ua','validation','attributes.city','Город','2021-02-23 10:45:00','2021-02-23 10:45:00'),(622,1,'ua','validation','attributes.country','Страна','2021-02-23 10:45:00','2021-02-23 10:45:00'),(623,1,'ua','validation','attributes.address','Адрес','2021-02-23 10:45:00','2021-02-23 10:45:00'),(624,1,'ua','validation','attributes.phone','Телефон','2021-02-23 10:45:00','2021-02-23 10:45:00'),(625,1,'ua','validation','attributes.mobile','Моб. номер','2021-02-23 10:45:00','2021-02-23 10:45:00'),(626,1,'ua','validation','attributes.age','Возраст','2021-02-23 10:45:01','2021-02-23 10:45:01'),(627,1,'ua','validation','attributes.sex','Пол','2021-02-23 10:45:01','2021-02-23 10:45:01'),(628,1,'ua','validation','attributes.gender','Пол','2021-02-23 10:45:01','2021-02-23 10:45:01'),(629,1,'ua','validation','attributes.day','День','2021-02-23 10:45:01','2021-02-23 10:45:01'),(630,1,'ua','validation','attributes.month','Месяц','2021-02-23 10:45:01','2021-02-23 10:45:01'),(631,1,'ua','validation','attributes.year','Год','2021-02-23 10:45:01','2021-02-23 10:45:01'),(632,1,'ua','validation','attributes.hour','Час','2021-02-23 10:45:01','2021-02-23 10:45:01'),(633,1,'ua','validation','attributes.minute','Минута','2021-02-23 10:45:01','2021-02-23 10:45:01'),(634,1,'ua','validation','attributes.second','Секунда','2021-02-23 10:45:01','2021-02-23 10:45:01'),(635,1,'ua','validation','attributes.title','Наименование','2021-02-23 10:45:01','2021-02-23 10:45:01'),(636,1,'ua','validation','attributes.content','Контент','2021-02-23 10:45:01','2021-02-23 10:45:01'),(637,1,'ua','validation','attributes.description','Описание','2021-02-23 10:45:01','2021-02-23 10:45:01'),(638,1,'ua','validation','attributes.excerpt','Выдержка','2021-02-23 10:45:01','2021-02-23 10:45:01'),(639,1,'ua','validation','attributes.date','Дата','2021-02-23 10:45:01','2021-02-23 10:45:01'),(640,1,'ua','validation','attributes.time','Время','2021-02-23 10:45:01','2021-02-23 10:45:01'),(641,1,'ua','validation','attributes.available','Доступно','2021-02-23 10:45:01','2021-02-23 10:45:01'),(642,1,'ua','validation','attributes.size','Размер','2021-02-23 10:45:01','2021-02-23 10:45:01'),(643,1,'ua','validation','attributes.role_id','Роль','2021-02-23 10:45:01','2021-02-23 10:45:01'),(644,1,'ua','validation','attributes.short_code','код языка','2021-02-23 10:45:01','2021-02-23 10:45:01'),(645,1,'ua','validation','slug_not_unique','Такой url уже существует.','2021-02-23 10:45:01','2021-02-23 10:45:01'),(647,0,'ru','cms','advantages','Преимущества','2021-02-23 10:46:09','2021-07-29 12:07:17'),(648,0,'ru','cms','catalog_banner_main','Каталог продукции','2021-02-23 10:46:39','2021-07-29 12:07:17'),(649,0,'ru','cms','slider-main','Основной слайдер','2021-02-23 10:47:36','2021-07-29 12:07:17'),(650,0,'ru','cms','other-products','Прочая продукция','2021-02-23 10:59:56','2021-07-29 12:07:17'),(651,0,'ru','cms','about-company','О компании','2021-02-23 11:05:36','2021-07-29 12:07:17'),(653,0,'ru','web','contact-phone-ua','Украина','2021-02-23 13:15:34','2021-10-21 14:06:11'),(654,0,'ru','web','contact-phone-ru','Россия','2021-02-23 13:15:42','2021-10-21 14:06:11'),(655,0,'ru','web','go_to_page','Перейти на страницу','2021-02-24 08:29:07','2021-10-21 14:06:11'),(656,0,'ru','web','Need_help_choosing','Нужна помощь с выбором?','2021-02-24 12:34:20','2021-10-21 14:06:11'),(657,0,'ua','web','Need_help_choosing','Потрібна допомога з вибором?','2021-02-24 12:34:40','2021-10-21 14:06:11'),(658,0,'ru','web','Request a call back and our managers will contact you as soon as possible time.','Закажите обратный звонок, и наши менеджеры свяжутся с Вами в самое ближайшее время.','2021-02-24 14:20:20','2021-10-21 14:06:11'),(659,0,'ua','web','Request a call back and our managers will contact you as soon as possible time.','Замовте зворотній дзвінок, і наші менеджери зв\'яжуться з Вами в самий найближчий\n                 час.','2021-02-24 14:20:46','2021-10-21 14:06:11'),(660,0,'ru','web','your_name','Ваше имя','2021-02-24 14:22:59','2021-10-21 14:06:11'),(661,0,'ru','web','your_phone','Ваш телефон','2021-02-24 14:23:07','2021-10-21 14:06:11'),(662,0,'ua','web','your_name','Ваше ім\'я','2021-02-24 14:23:34','2021-10-21 14:06:11'),(663,0,'ua','web','your_phone','Ваш телефон','2021-02-24 14:23:57','2021-10-21 14:06:11'),(665,0,'ru','web','about_company','о компании','2021-02-25 07:16:44','2021-10-21 14:06:11'),(666,0,'ua','web','about_company','про компанію','2021-02-25 07:17:03','2021-10-21 14:06:11'),(667,0,'ru','web','send_message','отправить','2021-02-25 07:18:52','2021-10-21 14:06:11'),(668,0,'ua','web','send_message','надіслати','2021-02-25 07:19:22','2021-10-21 14:06:11'),(669,0,'ua','web','contact-phone-ru','Росія','2021-02-25 07:20:17','2021-10-21 14:06:11'),(670,0,'ua','web','contact-phone-ua','Україна','2021-02-25 07:20:26','2021-10-21 14:06:11'),(671,0,'ua','web','go_to_page','Перейти на сторінку','2021-02-25 07:20:37','2021-10-21 14:06:11'),(672,0,'ru','web','product_catalog','Каталог продукции','2021-02-25 11:16:25','2021-10-21 14:06:11'),(673,0,'ua','web','product_catalog','Каталог продукції','2021-02-25 11:16:53','2021-10-21 14:06:11'),(674,0,'ru','web','latest_news','Последние новости','2021-02-25 11:20:23','2021-10-21 14:06:11'),(675,0,'ua','web','latest_news','Останні новини','2021-02-25 11:20:38','2021-10-21 14:06:11'),(676,0,'ru','web','read_more','читайте больше','2021-02-25 12:29:12','2021-10-21 14:06:11'),(677,0,'ua','web','read_more','читайте більше','2021-02-25 12:29:28','2021-10-21 14:06:11'),(678,0,'ru','web','see_all','смотреть все','2021-02-25 12:30:27','2021-10-21 14:06:11'),(679,0,'ua','web','see_all','дивитися все','2021-02-25 12:31:12','2021-10-21 14:06:11'),(680,0,'ru','web','we_are_in_social_networks','мы в социальных сетях','2021-02-25 13:04:40','2021-10-21 14:06:11'),(681,0,'ua','web','we_are_in_social_networks','ми в соціальних мережах','2021-02-25 13:05:01','2021-10-21 14:06:11'),(682,0,'ru','web','address','Адрес','2021-02-25 13:52:22','2021-10-21 14:06:11'),(683,0,'ua','web','address','Адреса','2021-02-25 13:52:42','2021-10-21 14:06:11'),(684,0,'ru','web','your_email','Ваш e-mail','2021-02-25 14:16:11','2021-10-21 14:06:11'),(685,0,'ua','web','your_email','Ваш e-mail','2021-02-25 14:16:37','2021-10-21 14:06:11'),(686,0,'ru','web','subscribe','подписаться','2021-02-25 14:16:51','2021-10-21 14:06:11'),(687,0,'ua','web','subscribe','підписатися','2021-02-25 14:17:19','2021-10-21 14:06:11'),(688,0,'ru','web','read_article','Читать статью','2021-02-26 14:29:14','2021-10-21 14:06:11'),(689,0,'ua','web','read_article','Читати статтю','2021-02-26 14:29:33','2021-10-21 14:06:11'),(690,0,'ru','web','enter_your_name','Введите имя','2021-03-01 15:20:01','2021-10-21 14:06:11'),(691,0,'ru','web','enter_the_number','Введите номер','2021-03-01 15:20:30','2021-10-21 14:06:11'),(692,0,'ru','web','In the near future, our manager will contact you','В ближайшее время наш менеджер свяжется с Вами.','2021-03-01 15:20:43','2021-10-21 14:06:11'),(693,0,'ua','web','enter_your_name','Введіть ім\'я','2021-03-01 15:23:19','2021-10-21 14:06:11'),(694,0,'ua','web','enter_the_number','Введіть номер','2021-03-01 15:23:33','2021-10-21 14:06:11'),(695,0,'ua','web','In the near future, our manager will contact you','Найближчим часом наш менеджер зв\'яжеться з Вами.','2021-03-01 15:23:44','2021-10-21 14:06:11'),(696,0,'ru','web','enter_your_email','Введите email','2021-03-01 15:29:07','2021-10-21 14:06:11'),(697,0,'ua','web','enter_your_email','Введіть email','2021-03-01 15:29:43','2021-10-21 14:06:11'),(698,0,'ru','web','You have successfully subscribed to the newsletter','Вы успешно подписались на рассылку','2021-03-01 15:31:11','2021-10-21 14:06:11'),(699,0,'ua','web','You have successfully subscribed to the newsletter','Ви успішно підписалися на розсилку','2021-03-01 15:31:30','2021-10-21 14:06:11'),(700,0,'ru','cms','country_name','Страна','2021-03-02 11:17:34','2021-07-29 12:07:17'),(701,0,'ru','cms','shops_count','Кол-во магазинов','2021-03-02 11:18:10','2021-07-29 12:07:17'),(702,0,'ru','cms','shop_name','Магазин','2021-03-02 11:45:45','2021-07-29 12:07:17'),(703,0,'ru','cms','The specified address was not found, please try to refine your search','Указанный адрес не найден, попробуйте уточнить поиск','2021-03-03 10:48:16','2021-07-29 12:07:17'),(704,0,'ru','cms','country_list','Список стран','2021-03-03 12:13:28','2021-07-29 12:07:17'),(705,0,'ru','cms','google_map','Google карта','2021-03-03 12:14:16','2021-07-29 12:07:17'),(706,0,'ru','cms','shop_address_decription','Описание к адресу','2021-03-03 14:01:17','2021-07-29 12:07:17'),(707,0,'ru','cms','entity_contact','Контактная информация','2021-03-03 17:04:20','2021-07-29 12:07:17'),(708,0,'ru','cms','value','значение','2021-03-04 07:59:12','2021-07-29 12:07:17'),(709,0,'ru','cms','entity_contact_description','описание','2021-03-04 07:59:37','2021-07-29 12:07:17'),(710,0,'ru','cms','central_shop','Главный магазин','2021-03-04 08:02:48','2021-07-29 12:07:17'),(711,0,'ru','cms','currency_name','Название валюты','2021-03-10 10:57:44','2021-07-29 12:07:17'),(712,0,'ru','cms','currency_short_name','Краткое название','2021-03-10 10:58:21','2021-07-29 12:07:17'),(713,0,'ru','cms','currency_iso','Код валюты','2021-03-10 10:58:50','2021-07-29 12:07:17'),(717,0,'ru','cms','card_code','Код 1C','2021-03-12 14:04:05','2021-07-29 12:07:17'),(720,0,'ru','cms','product_type','Тип','2021-03-12 14:19:47','2021-07-29 12:07:17'),(721,0,'ru','cms','price_type_key','серия','2021-03-12 14:50:20','2021-07-29 12:07:17'),(722,0,'ru','web','product_series :series :series_name','Цена (:series_name) серии :series','2021-03-19 10:51:30','2021-10-21 14:06:11'),(723,0,'ua','web','product_series :series :series_name','Ціна (:series_name) серії :series','2021-03-19 10:54:12','2021-10-21 14:06:11'),(724,0,'ru','web','product_name','Наименование','2021-03-19 11:57:20','2021-10-21 14:06:11'),(725,0,'ua','web','product_name','Найменування','2021-03-19 11:57:43','2021-10-21 14:06:11'),(726,0,'ru','web','product_code','Номер','2021-03-19 11:57:58','2021-10-21 14:06:11'),(727,0,'ua','web','product_code','Номер','2021-03-19 11:58:15','2021-10-21 14:06:11'),(728,0,'ru','web','product_flavor_type','Тип аромата','2021-03-19 11:58:27','2021-10-21 14:06:11'),(729,0,'ua','web','product_flavor_type','Тип аромату','2021-03-19 11:59:01','2021-10-21 14:06:11'),(730,0,'ru','web','product_documentation','документация','2021-03-19 12:45:33','2021-10-21 14:06:11'),(731,0,'ua','web','product_documentation','документація','2021-03-19 12:45:52','2021-10-21 14:06:11'),(732,0,'ru','web','search_by_product','Поиск по продукции','2021-03-22 07:10:01','2021-10-21 14:06:11'),(733,0,'ua','web','search_by_product','Пошук по продукції','2021-03-22 07:10:25','2021-10-21 14:06:11'),(734,0,'ru','web','apply','Применить','2021-03-22 07:10:53','2021-10-21 14:06:11'),(735,0,'ua','web','apply','застосувати','2021-03-22 07:11:08','2021-10-21 14:06:11'),(736,0,'ru','web','Search in all prices','Искать во всех прайсах','2021-03-22 07:19:32','2021-10-21 14:06:11'),(737,0,'ua','web','Search in all prices','Шукати у всіх прайсах','2021-03-22 07:19:52','2021-10-21 14:06:11'),(738,0,'ru','web','to_find','Найти','2021-03-22 07:20:04','2021-10-21 14:06:11'),(739,0,'ua','web','to_find','знайти','2021-03-22 07:20:25','2021-10-21 14:06:11'),(740,0,'ru','web','search','Поиск','2021-03-22 07:22:18','2021-10-21 14:06:11'),(741,0,'ua','web','search','Пошук','2021-03-22 07:22:55','2021-10-21 14:06:11'),(743,0,'ru','web','product_type','тип','2021-03-22 07:48:21','2021-10-21 14:06:11'),(744,0,'ua','web','product_type','тип','2021-03-22 07:48:43','2021-10-21 14:06:11'),(745,0,'ru','web','product_price','цена','2021-03-22 07:48:51','2021-10-21 14:06:11'),(746,0,'ua','web','product_price','ціна','2021-03-22 07:49:15','2021-10-21 14:06:11'),(747,0,'ru','web','Perfume','Отдушки','2021-06-03 09:08:47','2021-10-21 14:06:11'),(748,0,'ua','web','Perfume','Отдушки','2021-06-03 09:09:04','2021-10-21 14:06:11'),(749,0,'ru','web','Food_flavors','Пищевые ароматизаторы','2021-06-03 09:09:16','2021-10-21 14:06:11'),(750,0,'ua','web','Food_flavors','Пищевые ароматизаторы','2021-06-03 09:09:32','2021-10-21 14:06:11'),(751,0,'ru','web','aroma_direction','Направление аромата','2021-06-03 09:15:35','2021-10-21 14:06:11'),(752,0,'ua','web','aroma_direction','Направление аромата','2021-06-03 09:15:52','2021-10-21 14:06:11'),(753,0,'ru','web','application_area','Область применения','2021-06-03 09:16:03','2021-10-21 14:06:11'),(754,0,'ua','web','application_area','Область применения','2021-06-03 09:16:16','2021-10-21 14:06:11'),(755,0,'ru','web','Sign up to our newsletter','подпишитесь на наши новости','2021-06-03 09:19:36','2021-10-21 14:06:11'),(756,0,'ua','web','Sign up to our newsletter','подпишитесь на наши новости','2021-06-03 09:20:31','2021-10-21 14:06:11'),(757,0,'ru','cms','log_date','Дата синхронизации','2021-07-29 12:05:47','2021-07-29 12:07:17'),(758,0,'ru','cms','log_message','Ошибки','2021-07-29 12:06:06','2021-07-29 12:07:17'),(759,0,'ru','cms','log_destroy_all','Очистить логи','2021-07-29 12:06:29','2021-07-29 12:07:17'),(760,0,'en','web','product_documentation','documents','2021-10-21 13:59:05','2021-10-21 14:06:11'),(761,0,'ru','web','Series','Серия','2021-10-21 14:05:24','2021-10-21 14:06:11'),(762,0,'en','web','Series','Series','2021-10-21 14:05:51','2021-10-21 14:06:11'),(763,0,'ua','web','Series','Серія','2021-10-21 14:06:08','2021-10-21 14:06:11');
/*!40000 ALTER TABLE `ltm_translations` ENABLE KEYS */;
UNLOCK TABLES;
DROP TABLE IF EXISTS `menu_translations`;
/*!40101 SET @saved_cs_client     = @@character_set_client */;
/*!40101 SET character_set_client = utf8 */;
CREATE TABLE `menu_translations` (
  `id` bigint(20) unsigned NOT NULL AUTO_INCREMENT,
  `menu_id` bigint(20) unsigned NOT NULL,
  `locale` varchar(3) COLLATE utf8mb4_unicode_ci NOT NULL,
  `name` varchar(255) COLLATE utf8mb4_unicode_ci NOT NULL,
  `publish` tinyint(1) NOT NULL DEFAULT 0,
  `created_at` timestamp NULL DEFAULT NULL,
  `updated_at` timestamp NULL DEFAULT NULL,
  PRIMARY KEY (`id`),
  UNIQUE KEY `menu_translations_menu_id_locale_unique` (`menu_id`,`locale`),
  KEY `menu_translations_locale_index` (`locale`),
  CONSTRAINT `menu_translations_menu_id_foreign` FOREIGN KEY (`menu_id`) REFERENCES `menus` (`id`) ON DELETE CASCADE
) ENGINE=InnoDB AUTO_INCREMENT=17827 DEFAULT CHARSET=utf8mb4 COLLATE=utf8mb4_unicode_ci;
/*!40101 SET character_set_client = @saved_cs_client */;

LOCK TABLES `menu_translations` WRITE;
/*!40000 ALTER TABLE `menu_translations` DISABLE KEYS */;
INSERT INTO `menu_translations` VALUES (1,1,'ru','Страницы сайта',0,NULL,NULL),(2,1,'ua','Страницы сайта',0,NULL,NULL),(3,2,'ru','Каталог товаров',0,NULL,NULL),(4,2,'ua','Каталог товаров',0,NULL,NULL),(5,3,'ru','Администрирование',0,NULL,NULL),(6,3,'ua','Администрирование',0,NULL,NULL),(7,4,'ru','Разработка',0,NULL,NULL),(8,4,'ua','Разработка',0,NULL,NULL),(9,5,'ru','Верхнее меню',0,NULL,NULL),(10,5,'ua','Основное меню',0,NULL,NULL),(11,6,'ru','Настройки сайта',0,NULL,NULL),(12,6,'ua','Настройки сайта',0,NULL,NULL),(13,7,'ru','Меню сайта',0,NULL,NULL),(14,7,'ua','Меню сайта',0,NULL,NULL),(15,8,'ru','Переводы',0,NULL,NULL),(16,8,'ua','Переводы',0,NULL,NULL),(17,9,'ru','Файловый менеджер',0,NULL,NULL),(18,9,'ua','Файловый менеджер',0,NULL,NULL),(19,10,'ru','Администрация',0,NULL,NULL),(20,10,'ua','Администрация',0,NULL,NULL),(23,12,'ru','Роли пользователей',0,NULL,NULL),(24,12,'ua','Роли пользователей',0,NULL,NULL),(25,13,'ru','Языки сайта',0,NULL,NULL),(26,13,'ua','Языки сайта',0,NULL,NULL),(27,14,'ru','Меню админки',0,NULL,NULL),(28,14,'ua','Меню админки',0,NULL,NULL),(33,17,'ru','Страницы',0,NULL,NULL),(34,17,'ua','Страницы',0,NULL,NULL),(35,18,'ru','Сео-страницы',0,NULL,NULL),(36,18,'ua','Сео-страницы',0,NULL,NULL),(37,19,'ru','Шаблоны страниц',0,NULL,NULL),(38,19,'ua','Шаблоны страниц',0,NULL,NULL),(39,20,'ru','Роутинг',0,NULL,NULL),(40,20,'ua','Роутинг',0,NULL,NULL),(41,21,'ru','Модули и виджеты',0,NULL,NULL),(42,21,'ua','Модули и виджеты',0,NULL,NULL),(43,22,'ru','Компоненты записей',0,NULL,NULL),(44,22,'ua','Компоненты записей',0,NULL,NULL),(45,23,'ru','developer.frontend_menu_root.index',0,NULL,NULL),(46,23,'ua','developer.frontend_menu_root.index',0,NULL,NULL),(47,24,'ru','Фронт-меню инициализация',0,NULL,NULL),(48,24,'ua','Фронт-меню инициализация',0,NULL,NULL),(53,27,'ru','Список страниц',0,NULL,NULL),(54,27,'ua','Список страниц',0,NULL,NULL),(55,28,'ru','Главная',0,NULL,NULL),(56,28,'ua','Главная',0,NULL,NULL),(57,29,'ru','Категории товаров',0,NULL,NULL),(58,29,'ua','Категории товаров',0,NULL,NULL),(59,30,'ru','Товары',0,NULL,NULL),(60,30,'ua','Товары',0,NULL,NULL),(61,31,'ru','Seo-каталог',0,NULL,NULL),(62,31,'ua','Seo-каталог',0,NULL,NULL),(63,32,'ru','Типы характеристик',0,NULL,NULL),(64,32,'ua','Типы характеристик',0,NULL,NULL),(65,33,'ru','Список характеристик',0,NULL,NULL),(66,33,'ua','Список характеристик',0,NULL,NULL),(67,34,'ru','Каталог',0,NULL,NULL),(68,35,'ru','Основное меню',0,NULL,NULL),(69,36,'ru','Меню футер',0,NULL,NULL),(70,37,'ru','Новости',0,NULL,NULL),(71,38,'ru','футер меню первый блок',0,NULL,NULL),(72,39,'ru','футер меню второй блок',0,NULL,NULL),(73,40,'ru','Главная',1,NULL,NULL),(74,40,'ua','Главная',1,NULL,NULL),(76,42,'ru','Новости',1,NULL,NULL),(77,42,'ua','Новини',1,NULL,NULL),(78,43,'ru','Каталог',1,NULL,NULL),(79,44,'ru','Новости',1,NULL,NULL),(80,44,'ua','Новини',1,NULL,NULL),(82,46,'ru','О компании',0,NULL,NULL),(83,46,'ua','Про компанію',0,NULL,NULL),(84,47,'ru','О компании',1,NULL,NULL),(85,47,'ua','Про компанію',1,NULL,NULL),(86,48,'ru','О компании',1,NULL,NULL),(87,48,'ua','Про компанію',1,NULL,NULL),(88,49,'ru','Страны',0,NULL,NULL),(89,49,'ua','Страны',0,NULL,NULL),(90,50,'ru','Магазины',0,NULL,NULL),(91,50,'ua','Магазины',0,NULL,NULL),(94,52,'ru','Контакты',0,NULL,NULL),(95,52,'ua','Контакты',0,NULL,NULL),(96,53,'ru','Контакты',0,NULL,NULL),(97,53,'ua','Контакти',0,NULL,NULL),(98,54,'ru','Контакты',0,NULL,NULL),(99,54,'ua','Контакти',0,NULL,NULL),(100,55,'ru','Контакты',0,NULL,NULL),(101,55,'ua','Контакти',0,NULL,NULL),(102,56,'ru','Сервис',0,NULL,NULL),(103,56,'ua','Сервіс',0,NULL,NULL),(104,57,'ru','Контроль качества',0,NULL,NULL),(105,57,'ua','Контроль якості',0,NULL,NULL),(106,58,'ru','Иследование и развитие',0,NULL,NULL),(107,58,'ua','Дослідження і розвиток',0,NULL,NULL),(108,59,'ru','Производство',0,NULL,NULL),(109,59,'ua','Виробництво',0,NULL,NULL),(110,60,'ru','Парфюмерный бренд',0,NULL,NULL),(111,60,'ua','Парфумерний бренд',0,NULL,NULL),(112,61,'ru','Политика конфиденциальности',0,NULL,NULL),(113,61,'ua','Політика конфіденційності',0,NULL,NULL),(114,62,'ru','Сервис',1,NULL,NULL),(115,62,'ua','Сервіс',1,NULL,NULL),(116,63,'ru','Контроль качества',1,NULL,NULL),(117,63,'ua','Контроль якості',1,NULL,NULL),(118,64,'ru','Иследование и развитие',1,NULL,NULL),(119,64,'ua','Дослідження і розвиток',1,NULL,NULL),(120,65,'ru','Производство',1,NULL,NULL),(121,65,'ua','Виробництво',1,NULL,NULL),(122,66,'ru','Парфюмерный бренд',1,NULL,NULL),(123,66,'ua','Парфумерний бренд',1,NULL,NULL),(124,67,'ru','Сервис',1,NULL,NULL),(125,67,'ua','Сервіс',1,NULL,NULL),(126,68,'ru','Контроль качества',1,NULL,NULL),(127,68,'ua','Контроль якості',1,NULL,NULL),(128,69,'ru','Производство',1,NULL,NULL),(129,69,'ua','Виробництво',1,NULL,NULL),(130,70,'ru','Политика конфиденциальности',1,NULL,NULL),(131,70,'ua','Політика конфіденційності',1,NULL,NULL),(670,71,'ru','Каталог',1,NULL,NULL),(671,71,'ua','Каталог',1,NULL,NULL),(887,37,'ua','Новини',0,NULL,NULL),(888,34,'ua','Каталог',0,NULL,NULL),(3083,1100,'ru','Подписка на рассылку',0,NULL,NULL),(3084,1100,'ua','Подписка на рассылку',0,NULL,NULL),(3085,1100,'en','root.newsletter.index',0,NULL,NULL),(3086,1100,'tr','root.newsletter.index',0,NULL,NULL),(3087,1100,'pl','root.newsletter.index',0,NULL,NULL),(3088,1100,'gr','root.newsletter.index',0,NULL,NULL),(3089,1100,'lv','root.newsletter.index',0,NULL,NULL),(16529,3164,'ru','Логи синхронизации',0,NULL,NULL),(16530,3164,'ua','Логи синхронизации',0,NULL,NULL),(16531,3164,'en','root.log.index',0,NULL,NULL),(16532,3164,'tr','root.log.index',0,NULL,NULL),(16533,3164,'pl','root.log.index',0,NULL,NULL),(16534,3164,'gr','root.log.index',0,NULL,NULL),(16535,3164,'lv','root.log.index',0,NULL,NULL),(17750,4183,'ru','Автоароматизаторы, Новая коллекция',1,NULL,NULL),(17751,4184,'ru','10 Отдушки для авто ароматизаторов',1,NULL,NULL),(17752,4185,'ru','12 Отдушки для автоароматизаторов типа \"Бочонок\" (cерия CAF)',1,NULL,NULL),(17753,4186,'ru','Полимерная гранула для Саше',1,NULL,NULL),(17754,4187,'ru','Отдушки для Бытовой химии',1,NULL,NULL),(17755,4188,'ru','30 Отдушки для кислородного отбеливателя',1,NULL,NULL),(17756,4189,'ru','Средства для стирки',1,NULL,NULL),(17757,4190,'ru','1 Стиральный порошок',1,NULL,NULL),(17758,4191,'ru','1.1 Отдушки для стирального порошка. Контратипы известных брендовых ароматов',1,NULL,NULL),(17759,4192,'ru','2  Отдушки для жидких средств для стирки (жидкий стиральный порошок)',1,NULL,NULL),(17760,4193,'ru','7 Отдушки для кондиционеров для белья ',1,NULL,NULL),(17761,4194,'ru','Отдушки для агрессивных сред',1,NULL,NULL),(17762,4195,'ru','5 Отдушки для щелочной среды',1,NULL,NULL),(17763,4196,'ru','6 Отдушки для гипохлорита (серия 10 IPA)',1,NULL,NULL),(17764,4197,'ru','4 Отдушки для кислой среды',1,NULL,NULL),(17765,4198,'ru','26 Отдушки для средств для мытья полов',1,NULL,NULL),(17766,4199,'ru','Отдушки для маскировки запахов растворителей',1,NULL,NULL),(17767,4200,'ru','3 Отдушки для маскировки запаха изопропилового спирта (От 20% Массовых), Серия PLI',1,NULL,NULL),(17768,4201,'ru','14 Отдушки для маскировки запаха растворителей Уайт-спирит и прочие (серия БАЗА)',1,NULL,NULL),(17769,4202,'ru','Отдушки для косметики',1,NULL,NULL),(17770,4203,'ru','Отдушки для детской косметики',1,NULL,NULL),(17771,4204,'ru','20 Отдушки Безаллергенные (гипоаллергенные) отдушки - Серия HPA',1,NULL,NULL),(17772,4205,'ru','19 Отдушки для зубных паст и ополаскивателей полости рта',1,NULL,NULL),(17773,4206,'ru','Отдушки для шампуней и кондиционеров для волос',1,NULL,NULL),(17774,4206,'ua','Запашки для шампуню та кондиціонерів для волосся',1,NULL,NULL),(17775,4206,'en','Fragrances for shampoos and hair conditioners',1,NULL,NULL),(17776,4207,'ru','25 Отдушки для гелей для душа',1,NULL,NULL),(17777,4208,'ru','23 Отдушки в косметические крема',1,NULL,NULL),(17778,4209,'ru','34 Порошкообразные отдушки на основе талька для косметической пудры  (Версия PDT)',1,NULL,NULL),(17779,4210,'ru','27 Отдушки для репеллентов на основе натуральных эфирных масел',1,NULL,NULL),(17780,4211,'ru','Отдушки парфюмерные',1,NULL,NULL),(17781,4212,'ru','8. Парфюмерное направление.Отдушки для одеколонов и туалетных вод',1,NULL,NULL),(17782,4213,'ru','8.1 Парфюмерное направление. Контратипы известных брендовых ароматов',1,NULL,NULL),(17783,4214,'ru','8.2 Парфюмерное направление. Советская винтажная парфюмерия',1,NULL,NULL),(17784,4215,'ru','Отдушки для туалетного мыла',1,NULL,NULL),(17785,4216,'ru','17 Отдушки для туалетного мыла',1,NULL,NULL),(17786,4217,'ru','18 Отдушки для туалетного мыла  класса\"Люкс\"',1,NULL,NULL),(17787,4218,'ru','Отдушки для освежителей воздуха',1,NULL,NULL),(17788,4219,'ru','11 Отдушки для освежителей воздуха в аэрозольной упаковке, серия MDB',1,NULL,NULL),(17789,4220,'ru','13 Отдушки для освежителей воздуха на водной основе (тригерные, серия EGD)',1,NULL,NULL),(17790,4221,'ru','Специальные продукты для парфюмерии и ароматизаторов',1,NULL,NULL),(17791,4222,'ru','Тематический прайс пищевих ароматизаторов',1,NULL,NULL),(17792,4223,'ru','Кондитерские изделия - мучные изделия',1,NULL,NULL),(17793,4224,'ru','Кондитерские изделия - мармелад',1,NULL,NULL),(17794,4225,'ru','Сухие кисели, желе, мусы',1,NULL,NULL),(17795,4226,'ru','Прочие направления',1,NULL,NULL),(17796,4227,'ru','Майонезы, соусы',1,NULL,NULL),(17797,4228,'ru','Ароматизаторы для рыбных прикормок',1,NULL,NULL),(17798,4229,'ru','Кондитерские изделия - карамель, леденцы',1,NULL,NULL),(17799,4230,'ru','Кондитерские изделия - начинки для конфет',1,NULL,NULL),(17800,4231,'ru','Для безалькоголных напитков',1,NULL,NULL),(17801,4231,'ua','Для безалкогольних напоїв',1,NULL,NULL),(17802,4231,'en','For non alcohol beverages',1,NULL,NULL),(17803,4232,'ru','Ароматизаторы сухие',1,NULL,NULL),(17804,4233,'ru','Для масла и маргарина',1,NULL,NULL),(17805,4233,'ua','Для масла та  маргарину',1,NULL,NULL),(17806,4233,'en','For  butter and margarine',1,NULL,NULL),(17807,4234,'ru','Для молочных изделий',1,NULL,NULL),(17808,4234,'ua','Для молочних виробів',1,NULL,NULL),(17809,4234,'en','For milk',1,NULL,NULL),(17810,4235,'ru','Для алкогольных напитков',1,NULL,NULL),(17811,4235,'ua','Для алкогольних напоїв',1,NULL,NULL),(17812,4235,'en','For wine ',1,NULL,NULL),(17813,4236,'ru','9 Отдушки водорастворимые (серия PLI)',1,NULL,NULL),(17814,4237,'ru','Отдушки для мыла ручной работы',1,NULL,NULL),(17815,4238,'ru','29 Отдушки для дезинфицирующих средств и антисептиков',1,NULL,NULL),(17816,4239,'ru','16 Отдушки для свечей (Серия MMH)',1,NULL,NULL),(17817,4240,'ru','35. Отдушки для производства Ладана и Благовоний',1,NULL,NULL),(17818,4241,'ru','Абсолюты эфирных масел',1,NULL,NULL),(17819,4242,'ru','Душистые вещества',1,NULL,NULL),(17820,4243,'ru','Общий прайс на жидкие отдушки',1,NULL,NULL),(17821,4244,'ru','Отдушки серии \"ЭКОНОМ\"',1,NULL,NULL),(17822,4244,'gr','',1,NULL,NULL),(17823,4245,'ru','Общий прайс Пищевых Ароматизаторов',1,NULL,NULL),(17824,4245,'ua','Загальний прайс харчові ароматизатори',1,NULL,NULL),(17825,4245,'en','Общий прайс Пищевых Ароматизаторов',1,NULL,NULL),(17826,4246,'ru','Общий прайс на порошкообразные ароматизаторы',1,NULL,NULL);
/*!40000 ALTER TABLE `menu_translations` ENABLE KEYS */;
UNLOCK TABLES;
DROP TABLE IF EXISTS `menus`;
/*!40101 SET @saved_cs_client     = @@character_set_client */;
/*!40101 SET character_set_client = utf8 */;
CREATE TABLE `menus` (
  `id` bigint(20) unsigned NOT NULL AUTO_INCREMENT,
  `permission_id` bigint(20) unsigned DEFAULT NULL,
  `page_id` bigint(20) unsigned DEFAULT NULL,
  `icon` varchar(255) COLLATE utf8mb4_unicode_ci DEFAULT NULL,
  `active` tinyint(1) NOT NULL DEFAULT 1,
  `_lft` int(10) unsigned NOT NULL DEFAULT 0,
  `_rgt` int(10) unsigned NOT NULL DEFAULT 0,
  `parent_id` int(10) unsigned DEFAULT NULL,
  `type` varchar(255) COLLATE utf8mb4_unicode_ci DEFAULT NULL,
  `data` longtext CHARACTER SET utf8mb4 COLLATE utf8mb4_bin NOT NULL DEFAULT '',
  `from` varchar(255) COLLATE utf8mb4_unicode_ci NOT NULL DEFAULT 'backend',
  `deleted_at` timestamp NULL DEFAULT NULL,
  PRIMARY KEY (`id`),
  KEY `menus__lft__rgt_parent_id_index` (`_lft`,`_rgt`,`parent_id`),
  KEY `menus_permission_id_foreign` (`permission_id`),
  KEY `menus_page_id_foreign` (`page_id`),
  CONSTRAINT `menus_page_id_foreign` FOREIGN KEY (`page_id`) REFERENCES `pages` (`id`) ON DELETE CASCADE,
  CONSTRAINT `menus_permission_id_foreign` FOREIGN KEY (`permission_id`) REFERENCES `permissions` (`id`) ON DELETE CASCADE
) ENGINE=InnoDB AUTO_INCREMENT=4247 DEFAULT CHARSET=utf8mb4 COLLATE=utf8mb4_unicode_ci;
/*!40101 SET character_set_client = @saved_cs_client */;

LOCK TABLES `menus` WRITE;
/*!40000 ALTER TABLE `menus` DISABLE KEYS */;
INSERT INTO `menus` VALUES (1,NULL,NULL,'fas fa-sitemap',1,1,26,NULL,'section','','backend',NULL),(2,NULL,NULL,'fa fa-dolly-flatbed',1,27,42,NULL,'catalog','','backend',NULL),(3,NULL,NULL,'fas fa-user-shield',1,49,62,NULL,'admin','','backend',NULL),(4,NULL,NULL,'fas fa-tools',1,63,78,NULL,'developer','','backend',NULL),(5,NULL,NULL,'fas fa-folder',1,79,88,NULL,'top-menu','','frontend',NULL),(6,2,NULL,'far fa-file',1,89,90,NULL,NULL,'','backend',NULL),(7,8,NULL,'far fa-file',1,91,92,NULL,NULL,'','backend',NULL),(8,15,NULL,'far fa-file',1,93,94,NULL,NULL,'','backend',NULL),(9,22,NULL,'far fa-file',1,95,96,NULL,NULL,'','backend',NULL),(10,25,NULL,'far fa-file',1,50,51,3,NULL,'','backend',NULL),(12,39,NULL,'far fa-file',1,54,55,3,NULL,'','backend',NULL),(13,46,NULL,'far fa-file',1,56,57,3,NULL,'','backend',NULL),(14,52,NULL,'far fa-file',1,58,59,3,NULL,'','backend',NULL),(17,228,NULL,'far fa-file',1,64,65,4,NULL,'','backend',NULL),(18,235,NULL,'far fa-file',0,76,77,4,NULL,'','backend',NULL),(19,242,NULL,'far fa-file',1,66,67,4,NULL,'','backend',NULL),(20,247,NULL,'far fa-file',1,68,69,4,NULL,'','backend',NULL),(21,248,NULL,'far fa-file',1,70,71,4,NULL,'','backend',NULL),(22,253,NULL,'far fa-file',1,72,73,4,NULL,'','backend',NULL),(23,259,NULL,'far fa-file',1,97,98,NULL,NULL,'','backend','2021-02-26 10:53:50'),(24,259,NULL,'far fa-file',1,74,75,4,NULL,'','backend',NULL),(27,74,NULL,'far fa-file',1,2,3,1,NULL,'','backend',NULL),(28,281,NULL,'far fa-file',1,4,5,1,NULL,'','backend',NULL),(29,187,NULL,'far fa-file',1,28,29,2,NULL,'','backend',NULL),(30,196,NULL,'far fa-file',1,30,31,2,NULL,'','backend',NULL),(31,204,NULL,'far fa-file',1,36,37,2,NULL,'','backend',NULL),(32,212,NULL,'far fa-file',1,38,39,2,NULL,'','backend',NULL),(33,220,NULL,'far fa-file',1,40,41,2,NULL,'','backend',NULL),(34,283,NULL,'far fa-file',1,6,7,1,NULL,'','backend',NULL),(35,NULL,NULL,'fas fa-folder',1,99,8458,NULL,'main-menu','','frontend',NULL),(36,NULL,NULL,'fas fa-folder',1,8459,8480,NULL,'footer-menu','','frontend',NULL),(37,288,NULL,'far fa-file',1,8,9,1,NULL,'','backend',NULL),(38,NULL,NULL,'fas fa-folder',1,8460,8469,36,'footer-block-1','','frontend',NULL),(39,NULL,NULL,'fas fa-folder',1,8470,8479,36,'footer-block-2','','frontend',NULL),(40,NULL,1,'fas fa-folder',1,80,81,5,NULL,'','frontend',NULL),(42,NULL,3,'fas fa-folder',1,84,85,5,NULL,'','frontend',NULL),(43,NULL,2,'fas fa-folder',1,8461,8462,38,NULL,'','frontend',NULL),(44,NULL,3,'fas fa-folder',1,8465,8466,38,NULL,'','frontend',NULL),(46,298,NULL,'far fa-file',1,10,11,1,NULL,'','backend',NULL),(47,NULL,67,'fas fa-folder',1,82,83,5,NULL,'','frontend',NULL),(48,NULL,67,'fas fa-folder',1,8463,8464,38,NULL,'','frontend',NULL),(49,300,NULL,'far fa-file',1,46,47,52,NULL,'','backend',NULL),(50,301,NULL,'far fa-file',1,44,45,52,NULL,'','backend',NULL),(52,NULL,NULL,'fas fa-store-alt',1,43,48,NULL,NULL,'','backend',NULL),(53,320,NULL,'far fa-file',1,12,13,1,NULL,'','backend',NULL),(54,NULL,68,'fas fa-folder',1,86,87,5,NULL,'','frontend',NULL),(55,NULL,68,'fas fa-folder',1,8467,8468,38,NULL,'','frontend',NULL),(56,335,NULL,'far fa-file',1,14,15,1,NULL,'','backend',NULL),(57,337,NULL,'far fa-file',1,16,17,1,NULL,'','backend',NULL),(58,339,NULL,'far fa-file',1,18,19,1,NULL,'','backend',NULL),(59,341,NULL,'far fa-file',1,20,21,1,NULL,'','backend',NULL),(60,343,NULL,'far fa-file',1,22,23,1,NULL,'','backend',NULL),(61,345,NULL,'far fa-file',1,24,25,1,NULL,'','backend',NULL),(62,NULL,69,'fas fa-folder',1,8448,8449,35,NULL,'','frontend',NULL),(63,NULL,70,'fas fa-folder',1,8450,8451,35,NULL,'','frontend',NULL),(64,NULL,71,'fas fa-folder',1,8452,8453,35,NULL,'','frontend',NULL),(65,NULL,72,'fas fa-folder',1,8454,8455,35,NULL,'','frontend',NULL),(66,NULL,73,'fas fa-folder',1,8456,8457,35,NULL,'','frontend',NULL),(67,NULL,69,'fas fa-folder',1,8471,8472,39,NULL,'','frontend',NULL),(68,NULL,70,'fas fa-folder',1,8473,8474,39,NULL,'','frontend',NULL),(69,NULL,72,'fas fa-folder',1,8475,8476,39,NULL,'','frontend',NULL),(70,NULL,74,'fas fa-folder',1,8477,8478,39,NULL,'','frontend',NULL),(71,NULL,2,'fas fa-folder',1,188,8447,35,NULL,'','frontend',NULL),(1100,353,NULL,'far fa-file',1,8481,8482,NULL,NULL,'','backend',NULL),(3164,371,NULL,'far fa-file',1,8483,8484,NULL,NULL,'','backend',NULL),(4183,NULL,102800,'fas fa-folder',1,8319,8326,71,NULL,'','frontend',NULL),(4184,NULL,102820,'fas fa-folder',1,8320,8321,4183,NULL,'','frontend',NULL),(4185,NULL,102821,'fas fa-folder',1,8322,8323,4183,NULL,'','frontend',NULL),(4186,NULL,102822,'fas fa-folder',1,8324,8325,4183,NULL,'','frontend',NULL),(4187,NULL,102801,'fas fa-folder',1,8327,8350,71,NULL,'','frontend',NULL),(4188,NULL,102823,'fas fa-folder',1,8328,8329,4187,NULL,'','frontend',NULL),(4189,NULL,102824,'fas fa-folder',1,8330,8339,4187,NULL,'','frontend',NULL),(4190,NULL,102827,'fas fa-folder',1,8331,8332,4189,NULL,'','frontend',NULL),(4191,NULL,102828,'fas fa-folder',1,8333,8334,4189,NULL,'','frontend',NULL),(4192,NULL,102829,'fas fa-folder',1,8335,8336,4189,NULL,'','frontend',NULL),(4193,NULL,102830,'fas fa-folder',1,8337,8338,4189,NULL,'','frontend',NULL),(4194,NULL,102825,'fas fa-folder',1,8340,8347,4187,NULL,'','frontend',NULL),(4195,NULL,102843,'fas fa-folder',1,8341,8342,4194,NULL,'','frontend',NULL),(4196,NULL,102844,'fas fa-folder',1,8343,8344,4194,NULL,'','frontend',NULL),(4197,NULL,102845,'fas fa-folder',1,8345,8346,4194,NULL,'','frontend',NULL),(4198,NULL,102826,'fas fa-folder',1,8348,8349,4187,NULL,'','frontend',NULL),(4199,NULL,102802,'fas fa-folder',1,8351,8356,71,NULL,'','frontend',NULL),(4200,NULL,102831,'fas fa-folder',1,8352,8353,4199,NULL,'','frontend',NULL),(4201,NULL,102832,'fas fa-folder',1,8354,8355,4199,NULL,'','frontend',NULL),(4202,NULL,102803,'fas fa-folder',1,8357,8374,71,NULL,'','frontend',NULL),(4203,NULL,102833,'fas fa-folder',1,8358,8361,4202,NULL,'','frontend',NULL),(4204,NULL,102846,'fas fa-folder',1,8359,8360,4203,NULL,'','frontend',NULL),(4205,NULL,102834,'fas fa-folder',1,8362,8363,4202,NULL,'','frontend',NULL),(4206,NULL,102835,'fas fa-folder',1,8364,8365,4202,NULL,'','frontend',NULL),(4207,NULL,102836,'fas fa-folder',1,8366,8367,4202,NULL,'','frontend',NULL),(4208,NULL,102837,'fas fa-folder',1,8368,8369,4202,NULL,'','frontend',NULL),(4209,NULL,102838,'fas fa-folder',1,8370,8371,4202,NULL,'','frontend',NULL),(4210,NULL,102839,'fas fa-folder',1,8372,8373,4202,NULL,'','frontend',NULL),(4211,NULL,102804,'fas fa-folder',1,8375,8382,71,NULL,'','frontend',NULL),(4212,NULL,102840,'fas fa-folder',1,8376,8377,4211,NULL,'','frontend',NULL),(4213,NULL,102841,'fas fa-folder',1,8378,8379,4211,NULL,'','frontend',NULL),(4214,NULL,102842,'fas fa-folder',1,8380,8381,4211,NULL,'','frontend',NULL),(4215,NULL,102805,'fas fa-folder',1,8383,8388,71,NULL,'','frontend',NULL),(4216,NULL,102847,'fas fa-folder',1,8384,8385,4215,NULL,'','frontend',NULL),(4217,NULL,102848,'fas fa-folder',1,8386,8387,4215,NULL,'','frontend',NULL),(4218,NULL,102806,'fas fa-folder',1,8389,8394,71,NULL,'','frontend',NULL),(4219,NULL,102849,'fas fa-folder',1,8390,8391,4218,NULL,'','frontend',NULL),(4220,NULL,102850,'fas fa-folder',1,8392,8393,4218,NULL,'','frontend',NULL),(4221,NULL,102807,'fas fa-folder',1,8395,8396,71,NULL,'','frontend',NULL),(4222,NULL,102808,'fas fa-folder',1,8397,8424,71,NULL,'','frontend',NULL),(4223,NULL,102851,'fas fa-folder',1,8398,8399,4222,NULL,'','frontend',NULL),(4224,NULL,102852,'fas fa-folder',1,8400,8401,4222,NULL,'','frontend',NULL),(4225,NULL,102853,'fas fa-folder',1,8402,8403,4222,NULL,'','frontend',NULL),(4226,NULL,102854,'fas fa-folder',1,8404,8405,4222,NULL,'','frontend',NULL),(4227,NULL,102855,'fas fa-folder',1,8406,8407,4222,NULL,'','frontend',NULL),(4228,NULL,102856,'fas fa-folder',1,8408,8409,4222,NULL,'','frontend',NULL),(4229,NULL,102857,'fas fa-folder',1,8410,8411,4222,NULL,'','frontend',NULL),(4230,NULL,102858,'fas fa-folder',1,8412,8413,4222,NULL,'','frontend',NULL),(4231,NULL,102859,'fas fa-folder',1,8414,8415,4222,NULL,'','frontend',NULL),(4232,NULL,102860,'fas fa-folder',1,8416,8417,4222,NULL,'','frontend',NULL),(4233,NULL,102861,'fas fa-folder',1,8418,8419,4222,NULL,'','frontend',NULL),(4234,NULL,102862,'fas fa-folder',1,8420,8421,4222,NULL,'','frontend',NULL),(4235,NULL,102863,'fas fa-folder',1,8422,8423,4222,NULL,'','frontend',NULL),(4236,NULL,102809,'fas fa-folder',1,8425,8426,71,NULL,'','frontend',NULL),(4237,NULL,102810,'fas fa-folder',1,8427,8428,71,NULL,'','frontend',NULL),(4238,NULL,102811,'fas fa-folder',1,8429,8430,71,NULL,'','frontend',NULL),(4239,NULL,102812,'fas fa-folder',1,8431,8432,71,NULL,'','frontend',NULL),(4240,NULL,102813,'fas fa-folder',1,8433,8434,71,NULL,'','frontend',NULL),(4241,NULL,102814,'fas fa-folder',1,8435,8436,71,NULL,'','frontend',NULL),(4242,NULL,102815,'fas fa-folder',1,8437,8438,71,NULL,'','frontend',NULL),(4243,NULL,102816,'fas fa-folder',1,8439,8440,71,NULL,'','frontend',NULL),(4244,NULL,102817,'fas fa-folder',1,8441,8442,71,NULL,'','frontend',NULL),(4245,NULL,102818,'fas fa-folder',1,8443,8444,71,NULL,'','frontend',NULL),(4246,NULL,102819,'fas fa-folder',1,8445,8446,71,NULL,'','frontend',NULL);
/*!40000 ALTER TABLE `menus` ENABLE KEYS */;
UNLOCK TABLES;
DROP TABLE IF EXISTS `migrations`;
/*!40101 SET @saved_cs_client     = @@character_set_client */;
/*!40101 SET character_set_client = utf8 */;
CREATE TABLE `migrations` (
  `id` int(10) unsigned NOT NULL AUTO_INCREMENT,
  `migration` varchar(255) COLLATE utf8mb4_unicode_ci NOT NULL,
  `batch` int(11) NOT NULL,
  PRIMARY KEY (`id`)
) ENGINE=InnoDB AUTO_INCREMENT=548 DEFAULT CHARSET=utf8mb4 COLLATE=utf8mb4_unicode_ci;
/*!40101 SET character_set_client = @saved_cs_client */;

LOCK TABLES `migrations` WRITE;
/*!40000 ALTER TABLE `migrations` DISABLE KEYS */;
INSERT INTO `migrations` VALUES (434,'2013_04_09_062329_create_revisions_table',1),(435,'2014_04_02_193005_create_translations_table',1),(436,'2014_10_12_000000_create_users_table',1),(437,'2014_10_12_100000_create_password_resets_table',1),(438,'2019_08_19_000000_create_failed_jobs_table',1),(439,'2020_06_03_084742_create_permissions_table',1),(440,'2020_06_03_084938_create_roles_table',1),(441,'2020_06_03_085202_create_users_permissions_table',1),(442,'2020_06_03_085253_create_users_roles_table',1),(443,'2020_06_03_085345_create_roles_permissions_table',1),(444,'2020_06_12_133050_add_description_to_roles_table',1),(445,'2020_06_15_110209_add_soft_delete_to_users_table',1),(446,'2020_06_16_130107_create_languages_table',1),(447,'2020_06_16_142647_create_language_translations_table',1),(448,'2020_06_16_150000_create_components_table',1),(449,'2020_06_16_160640_create_templates_table',1),(450,'2020_06_17_00000_create_pages_table',1),(451,'2020_06_17_00001_create_page_translations_table',1),(452,'2020_06_18_00000_create_page_components_table',1),(453,'2020_07_07_123907_create_menus_table',1),(454,'2020_07_07_123948_create_menu_translations_table',1),(455,'2020_10_12_122520_create_articles_table',1),(456,'2020_10_16_135702_create_article_categories_table',1),(457,'2020_10_16_164429_create_article_article_category_table',1),(458,'2020_10_20_141628_create_banners_table',1),(459,'2020_10_20_141728_create_banner_translations_table',1),(460,'2020_11_06_101801_create_product_categories_table',1),(461,'2020_11_06_101818_create_products_table',1),(462,'2020_11_09_112525_create_galleries_table',1),(463,'2020_11_09_112616_create_gallery_translations_table',1),(464,'2020_11_10_165035_create_entity_components_table',1),(465,'2020_11_17_094852_create_feature_kinds_table',1),(466,'2020_11_17_094947_create_feature_kind_translations_table',1),(467,'2020_11_17_095006_create_features_table',1),(468,'2020_11_17_095018_create_feature_translations_table',1),(469,'2020_11_17_095039_create_feature_values_table',1),(470,'2020_11_17_095051_create_feature_value_translations_table',1),(471,'2020_11_24_113007_create_currencies_table',1),(472,'2020_11_24_113346_create_price_types_table',1),(473,'2020_11_24_113546_create_product_prices_table',1),(474,'2020_11_24_114340_create_exchanges_table',1),(475,'2020_11_24_114740_create_currency_translations_table',1),(476,'2020_12_15_145045_create_seo_catalogs_table',1),(477,'2020_12_16_091025_create_entity_features_table',1),(478,'2020_12_22_133022_add_type_field_to_banners_table',1),(479,'2020_12_22_133048_add_fields_to_banner_translations_table',1),(480,'2020_12_22_153756_create_settings_table',1),(481,'2020_12_22_153904_create_settings_translations_table',1),(482,'2020_12_28_111932_create_information_table',1),(483,'2020_12_28_111939_create_information_translations_table',1),(488,'2021_01_29_170437_create_entities_on_pages_table',1),(489,'2021_02_08_144427_add_flag_to_languages_table',1),(490,'2021_02_10_105323_create_entities_on_menus_table',1),(491,'2020_12_29_151601_create_cities_table',2),(492,'2020_12_29_151639_create_city_translations_table',2),(493,'2020_12_29_151701_create_countries_table',2),(494,'2020_12_29_151703_create_country_translations_table',2),(495,'2020_12_29_152645_create_shops_table',2),(496,'2020_12_29_152850_create_shop_translations_table',2),(499,'2021_03_02_132257_add_field_show_country_table',3),(500,'2021_03_02_143801_create_entities_map_table',4),(505,'2021_03_03_153421_create_entity_contacts_table',5),(506,'2021_03_03_153443_create_entity_contact_translations_table',5),(511,'2021_03_09_100639_add_field_kod_katochki_price_to_product_categories',6),(512,'2021_03_09_101206_add_field_kod_kartochki_nomenklature_to_products',6),(518,'2021_03_23_132809_add_field_is_flavoring_to_products',8),(522,'2016_06_01_000001_create_oauth_auth_codes_table',12),(523,'2016_06_01_000002_create_oauth_access_tokens_table',12),(524,'2016_06_01_000003_create_oauth_refresh_tokens_table',12),(525,'2016_06_01_000004_create_oauth_clients_table',12),(526,'2016_06_01_000005_create_oauth_personal_access_clients_table',12),(531,'2021_05_28_132101_product_product_category_prices_table',13),(532,'2021_05_28_132231_product_product_category_price_translations_table',13),(533,'2021_06_01_092143_add_group_field_to_products_table',14),(534,'2021_06_25_122927_create_newsletters_table',15),(535,'2021_06_30_150832_create_jobs_table',15),(536,'2021_07_01_105652_add_parent_code_1c_to_product_categories_table',15),(537,'2021_07_05_160711_add_token_field_to_newsletters_table',15),(538,'2021_07_23_130035_add_min_max_field_to_product_product_category_prices_table',16),(539,'2021_07_23_130531_add_text_price_field_to_product_product_category_price_translations_table',16),(540,'2021_07_23_151916_add_data_field_to_product_product_category_price_translations_table',16),(541,'2021_07_23_164043_create_product_documents_table',16),(542,'2021_07_23_164101_create_product_document_translations_table',16),(543,'2018_08_11_003343_create_log_table',17),(546,'2021_10_21_110404_change_column_number_to_product_documents',18),(547,'2021_10_21_111644_change_type_column_number_to_product_documents',18);
/*!40000 ALTER TABLE `migrations` ENABLE KEYS */;
UNLOCK TABLES;
DROP TABLE IF EXISTS `newsletters`;
/*!40101 SET @saved_cs_client     = @@character_set_client */;
/*!40101 SET character_set_client = utf8 */;
CREATE TABLE `newsletters` (
  `id` bigint(20) unsigned NOT NULL AUTO_INCREMENT,
  `email` varchar(255) COLLATE utf8mb4_unicode_ci NOT NULL,
  `token` varchar(255) COLLATE utf8mb4_unicode_ci NOT NULL,
  `created_at` timestamp NULL DEFAULT NULL,
  `updated_at` timestamp NULL DEFAULT NULL,
  `deleted_at` timestamp NULL DEFAULT NULL,
  PRIMARY KEY (`id`),
  UNIQUE KEY `newsletters_email_unique` (`email`),
  UNIQUE KEY `newsletters_token_unique` (`token`)
) ENGINE=InnoDB AUTO_INCREMENT=2 DEFAULT CHARSET=utf8mb4 COLLATE=utf8mb4_unicode_ci;
/*!40101 SET character_set_client = @saved_cs_client */;

LOCK TABLES `newsletters` WRITE;
/*!40000 ALTER TABLE `newsletters` DISABLE KEYS */;
INSERT INTO `newsletters` VALUES (1,'test@test.com','7465737440746573742e636f6d','2021-09-09 12:10:49','2021-09-09 12:10:49',NULL);
/*!40000 ALTER TABLE `newsletters` ENABLE KEYS */;
UNLOCK TABLES;
DROP TABLE IF EXISTS `oauth_access_tokens`;
/*!40101 SET @saved_cs_client     = @@character_set_client */;
/*!40101 SET character_set_client = utf8 */;
CREATE TABLE `oauth_access_tokens` (
  `id` varchar(100) COLLATE utf8mb4_unicode_ci NOT NULL,
  `user_id` bigint(20) unsigned DEFAULT NULL,
  `client_id` bigint(20) unsigned NOT NULL,
  `name` varchar(255) COLLATE utf8mb4_unicode_ci DEFAULT NULL,
  `scopes` text COLLATE utf8mb4_unicode_ci DEFAULT NULL,
  `revoked` tinyint(1) NOT NULL,
  `created_at` timestamp NULL DEFAULT NULL,
  `updated_at` timestamp NULL DEFAULT NULL,
  `expires_at` datetime DEFAULT NULL,
  PRIMARY KEY (`id`),
  KEY `oauth_access_tokens_user_id_index` (`user_id`)
) ENGINE=InnoDB DEFAULT CHARSET=utf8mb4 COLLATE=utf8mb4_unicode_ci;
/*!40101 SET character_set_client = @saved_cs_client */;

LOCK TABLES `oauth_access_tokens` WRITE;
/*!40000 ALTER TABLE `oauth_access_tokens` DISABLE KEYS */;
INSERT INTO `oauth_access_tokens` VALUES ('0832de6a3ccf88c96035a2e1f23f27ed86813519d210bb5c44f1f9b6a09efc7c97696601d4865ee5',3,7,'synchronize_api','[]',0,'2021-06-02 08:10:00','2021-06-02 08:10:00',NULL);
/*!40000 ALTER TABLE `oauth_access_tokens` ENABLE KEYS */;
UNLOCK TABLES;
DROP TABLE IF EXISTS `oauth_auth_codes`;
/*!40101 SET @saved_cs_client     = @@character_set_client */;
/*!40101 SET character_set_client = utf8 */;
CREATE TABLE `oauth_auth_codes` (
  `id` varchar(100) COLLATE utf8mb4_unicode_ci NOT NULL,
  `user_id` bigint(20) unsigned NOT NULL,
  `client_id` bigint(20) unsigned NOT NULL,
  `scopes` text COLLATE utf8mb4_unicode_ci DEFAULT NULL,
  `revoked` tinyint(1) NOT NULL,
  `expires_at` datetime DEFAULT NULL,
  PRIMARY KEY (`id`),
  KEY `oauth_auth_codes_user_id_index` (`user_id`)
) ENGINE=InnoDB DEFAULT CHARSET=utf8mb4 COLLATE=utf8mb4_unicode_ci;
/*!40101 SET character_set_client = @saved_cs_client */;

LOCK TABLES `oauth_auth_codes` WRITE;
/*!40000 ALTER TABLE `oauth_auth_codes` DISABLE KEYS */;
/*!40000 ALTER TABLE `oauth_auth_codes` ENABLE KEYS */;
UNLOCK TABLES;
DROP TABLE IF EXISTS `oauth_clients`;
/*!40101 SET @saved_cs_client     = @@character_set_client */;
/*!40101 SET character_set_client = utf8 */;
CREATE TABLE `oauth_clients` (
  `id` bigint(20) unsigned NOT NULL AUTO_INCREMENT,
  `user_id` bigint(20) unsigned DEFAULT NULL,
  `name` varchar(255) COLLATE utf8mb4_unicode_ci NOT NULL,
  `secret` varchar(100) COLLATE utf8mb4_unicode_ci DEFAULT NULL,
  `provider` varchar(255) COLLATE utf8mb4_unicode_ci DEFAULT NULL,
  `redirect` text COLLATE utf8mb4_unicode_ci NOT NULL,
  `personal_access_client` tinyint(1) NOT NULL,
  `password_client` tinyint(1) NOT NULL,
  `revoked` tinyint(1) NOT NULL,
  `created_at` timestamp NULL DEFAULT NULL,
  `updated_at` timestamp NULL DEFAULT NULL,
  PRIMARY KEY (`id`),
  KEY `oauth_clients_user_id_index` (`user_id`)
) ENGINE=InnoDB AUTO_INCREMENT=8 DEFAULT CHARSET=utf8mb4 COLLATE=utf8mb4_unicode_ci;
/*!40101 SET character_set_client = @saved_cs_client */;

LOCK TABLES `oauth_clients` WRITE;
/*!40000 ALTER TABLE `oauth_clients` DISABLE KEYS */;
INSERT INTO `oauth_clients` VALUES (4,NULL,'synchronize_api','HJAmp1REXh5Nzxtcgy9L47tTI2AqcaVpQ8oZVoYq',NULL,'http://localhost',1,0,0,'2021-05-07 09:53:22','2021-05-07 09:53:22'),(5,NULL,'American Car Personal Access Client','B5ff9kDlQVVnVfK4zddTKH67LxJw1Hkhew5GxV1n',NULL,'http://localhost',1,0,0,'2021-05-28 17:18:23','2021-05-28 17:18:23'),(6,NULL,'American Car Password Grant Client','YwQOVtRKYJHcrw40rtfEwJHHE1OajSBB1DUlVAnR','users','http://localhost',0,1,0,'2021-05-28 17:18:23','2021-05-28 17:18:23'),(7,NULL,'synchronize_api','85Ia19utHFcrwn9pT1gGYgE476hZOyl5fHiaNYAM',NULL,'http://localhost',1,0,0,'2021-05-28 17:21:14','2021-05-28 17:21:14');
/*!40000 ALTER TABLE `oauth_clients` ENABLE KEYS */;
UNLOCK TABLES;
DROP TABLE IF EXISTS `oauth_personal_access_clients`;
/*!40101 SET @saved_cs_client     = @@character_set_client */;
/*!40101 SET character_set_client = utf8 */;
CREATE TABLE `oauth_personal_access_clients` (
  `id` bigint(20) unsigned NOT NULL AUTO_INCREMENT,
  `client_id` bigint(20) unsigned NOT NULL,
  `created_at` timestamp NULL DEFAULT NULL,
  `updated_at` timestamp NULL DEFAULT NULL,
  PRIMARY KEY (`id`)
) ENGINE=InnoDB AUTO_INCREMENT=6 DEFAULT CHARSET=utf8mb4 COLLATE=utf8mb4_unicode_ci;
/*!40101 SET character_set_client = @saved_cs_client */;

LOCK TABLES `oauth_personal_access_clients` WRITE;
/*!40000 ALTER TABLE `oauth_personal_access_clients` DISABLE KEYS */;
INSERT INTO `oauth_personal_access_clients` VALUES (1,1,'2021-05-07 09:37:40','2021-05-07 09:37:40'),(2,3,'2021-05-07 09:47:07','2021-05-07 09:47:07'),(3,4,'2021-05-07 09:53:22','2021-05-07 09:53:22'),(4,5,'2021-05-28 17:18:23','2021-05-28 17:18:23'),(5,7,'2021-05-28 17:21:14','2021-05-28 17:21:14');
/*!40000 ALTER TABLE `oauth_personal_access_clients` ENABLE KEYS */;
UNLOCK TABLES;
DROP TABLE IF EXISTS `oauth_refresh_tokens`;
/*!40101 SET @saved_cs_client     = @@character_set_client */;
/*!40101 SET character_set_client = utf8 */;
CREATE TABLE `oauth_refresh_tokens` (
  `id` varchar(100) COLLATE utf8mb4_unicode_ci NOT NULL,
  `access_token_id` varchar(100) COLLATE utf8mb4_unicode_ci NOT NULL,
  `revoked` tinyint(1) NOT NULL,
  `expires_at` datetime DEFAULT NULL,
  PRIMARY KEY (`id`),
  KEY `oauth_refresh_tokens_access_token_id_index` (`access_token_id`)
) ENGINE=InnoDB DEFAULT CHARSET=utf8mb4 COLLATE=utf8mb4_unicode_ci;
/*!40101 SET character_set_client = @saved_cs_client */;

LOCK TABLES `oauth_refresh_tokens` WRITE;
/*!40000 ALTER TABLE `oauth_refresh_tokens` DISABLE KEYS */;
/*!40000 ALTER TABLE `oauth_refresh_tokens` ENABLE KEYS */;
UNLOCK TABLES;
DROP TABLE IF EXISTS `page_components`;
/*!40101 SET @saved_cs_client     = @@character_set_client */;
/*!40101 SET character_set_client = utf8 */;
CREATE TABLE `page_components` (
  `id` bigint(20) unsigned NOT NULL AUTO_INCREMENT,
  `page_id` bigint(20) unsigned NOT NULL,
  `name` varchar(255) COLLATE utf8mb4_unicode_ci NOT NULL COMMENT 'название модуля',
  `alias` varchar(255) COLLATE utf8mb4_unicode_ci NOT NULL COMMENT 'уникальный ключ',
  `description` varchar(255) COLLATE utf8mb4_unicode_ci DEFAULT NULL COMMENT 'описание работы модуля, что у него имеется',
  `type` varchar(255) COLLATE utf8mb4_unicode_ci NOT NULL COMMENT 'тип модуля',
  `data` longtext CHARACTER SET utf8mb4 COLLATE utf8mb4_bin NOT NULL DEFAULT '' COMMENT 'json данные',
  `order` int(11) NOT NULL DEFAULT 0 COMMENT 'сортировка',
  `active` tinyint(1) NOT NULL DEFAULT 1 COMMENT 'Включение/выключение модуля',
  `created_at` timestamp NULL DEFAULT NULL,
  `updated_at` timestamp NULL DEFAULT NULL,
  PRIMARY KEY (`id`),
  KEY `page_components_page_id_foreign` (`page_id`),
  CONSTRAINT `page_components_page_id_foreign` FOREIGN KEY (`page_id`) REFERENCES `pages` (`id`) ON DELETE CASCADE
) ENGINE=InnoDB AUTO_INCREMENT=25 DEFAULT CHARSET=utf8mb4 COLLATE=utf8mb4_unicode_ci;
/*!40101 SET character_set_client = @saved_cs_client */;

LOCK TABLES `page_components` WRITE;
/*!40000 ALTER TABLE `page_components` DISABLE KEYS */;
INSERT INTO `page_components` VALUES (2,1,'Преимущества','advantages','Информационный блок','widget','{\"cms_navigation\":[{\"label\":\"cms.advantages\",\"icon\":\"\",\"slug\":\"module.page_info.index\"}]}',2,1,'2021-02-23 10:00:30','2021-02-23 10:37:09'),(3,2,'Catalog','catalog','catalog','module','{\"routes\":{\"cms\":[{\"method\":\"get\",\"uri\":\"page\\/{page}\\/{name}\",\"type\":\"section\",\"controller\":\"PagesController\",\"action\":\"index\"},{\"method\":\"patch\",\"uri\":\"page\\/{page}\\/{name}\",\"type\":\"section\",\"controller\":\"PagesController\",\"action\":\"update\"}],\"web\":[{\"method\":\"get\",\"controller\":\"App\\\\Http\\\\Controllers\\\\Web\\\\CatalogController\",\"action\":\"index\"}]}}',3,1,'2021-02-23 10:02:17','2021-02-23 10:02:17'),(5,1,'Основной слайдер на главной','slider-main','Создание баннеров, слайдеров','widget','{\"cms_navigation\":[{\"label\":\"cms.slider-main\",\"icon\":\"\",\"slug\":\"module.page_banner.index\"}]}',1,1,'2021-02-23 10:36:41','2021-02-23 10:37:09'),(6,1,'Каталог продукции','catalog-banner-main','Создание баннеров, слайдеров','widget','{\"cms_navigation\":[{\"label\":\"cms.catalog_banner_main\",\"icon\":\"\",\"slug\":\"module.page_banner.index\"}]}',4,1,'2021-02-23 10:44:12','2021-02-23 10:44:12'),(7,1,'Прочая продукция','other-products','Создание баннеров, слайдеров','widget','{\"cms_navigation\":[{\"label\":\"cms.other-products\",\"icon\":\"\",\"slug\":\"module.page_banner.index\"}]}',5,1,'2021-02-23 10:58:12','2021-02-23 10:58:12'),(8,1,'О компании на главной','about-company-main','Создание баннеров, слайдеров','widget','{\"cms_navigation\":[{\"label\":\"cms.about-company\",\"icon\":\"\",\"slug\":\"module.page_banner.index\"}]}',6,1,'2021-02-23 11:05:17','2021-02-23 11:05:17'),(9,3,'Модуль статей','articles','Статьи','module','{\"routes\":{\"web\":[{\"method\":\"get\",\"controller\":\"App\\\\Http\\\\Controllers\\\\Web\\\\ArticleController\",\"action\":\"index\"}],\"cms\":[{\"method\":\"get\",\"uri\":\"page\\/{page}\\/{name}\",\"type\":\"section\",\"controller\":\"PagesController\",\"action\":\"index\"},{\"method\":\"patch\",\"uri\":\"page\\/{page}\\/{name}\",\"type\":\"section\",\"controller\":\"PagesController\",\"action\":\"update\"}]},\"cms_navigation\":[{\"label\":\"cms.articles\",\"icon\":\"\",\"slug\":\"module.article.index\"}]}',7,1,'2021-02-25 07:25:51','2021-02-25 07:25:51'),(10,67,'Модуль текстовой страницы','text-page','Модуль текстовых страниц','module','{\"routes\":{\"web\":[{\"method\":\"get\",\"controller\":\"App\\\\Http\\\\Controllers\\\\Web\\\\TextPageController\",\"action\":\"index\"}],\"cms\":[{\"method\":\"get\",\"uri\":\"page\\/{page}\\/{name}\",\"type\":\"section\",\"controller\":\"PagesController\",\"action\":\"index\"},{\"method\":\"patch\",\"uri\":\"page\\/{page}\\/{name}\",\"type\":\"section\",\"controller\":\"PagesController\",\"action\":\"update\"}]}}',8,1,'2021-03-01 15:57:43','2021-03-01 15:57:43'),(11,67,'Галерея на странице','page-gallery','Создание галлереи, фото-видео','widget','{\"cms_navigation\":[{\"label\":\"cms.gallery\",\"icon\":\"\",\"slug\":\"module.page_gallery.index\"}]}',9,1,'2021-03-01 15:58:33','2021-03-01 15:58:33'),(12,68,'модуль контакты','contact','Страница контактов','module','{\"routes\":{\"web\":[{\"method\":\"get\",\"controller\":\"App\\\\Http\\\\Controllers\\\\Web\\\\ContactController\",\"action\":\"index\"}],\"cms\":[{\"method\":\"get\",\"uri\":\"page\\/{page}\\/{name}\",\"type\":\"section\",\"controller\":\"PagesController\",\"action\":\"index\"},{\"method\":\"patch\",\"uri\":\"page\\/{page}\\/{name}\",\"type\":\"section\",\"controller\":\"PagesController\",\"action\":\"update\"}]}}',10,1,'2021-03-02 14:03:15','2021-03-02 14:03:15'),(13,69,'Галерея на странице','page-gallery','Создание галлереи, фото-видео','widget','{\"cms_navigation\":[{\"label\":\"cms.gallery\",\"icon\":\"\",\"slug\":\"module.page_gallery.index\"}]}',11,1,'2021-03-05 11:52:44','2021-03-05 11:52:44'),(14,69,'Модуль текстовой страницы','text-page','Модуль текстовых страниц','module','{\"routes\":{\"web\":[{\"method\":\"get\",\"controller\":\"App\\\\Http\\\\Controllers\\\\Web\\\\TextPageController\",\"action\":\"index\"}],\"cms\":[{\"method\":\"get\",\"uri\":\"page\\/{page}\\/{name}\",\"type\":\"section\",\"controller\":\"PagesController\",\"action\":\"index\"},{\"method\":\"patch\",\"uri\":\"page\\/{page}\\/{name}\",\"type\":\"section\",\"controller\":\"PagesController\",\"action\":\"update\"}]}}',12,1,'2021-03-05 11:52:44','2021-03-05 11:52:44'),(15,70,'Галерея на странице','page-gallery','Создание галлереи, фото-видео','widget','{\"cms_navigation\":[{\"label\":\"cms.gallery\",\"icon\":\"\",\"slug\":\"module.page_gallery.index\"}]}',13,1,'2021-03-05 11:53:25','2021-03-05 11:53:25'),(16,70,'Модуль текстовой страницы','text-page','Модуль текстовых страниц','module','{\"routes\":{\"web\":[{\"method\":\"get\",\"controller\":\"App\\\\Http\\\\Controllers\\\\Web\\\\TextPageController\",\"action\":\"index\"}],\"cms\":[{\"method\":\"get\",\"uri\":\"page\\/{page}\\/{name}\",\"type\":\"section\",\"controller\":\"PagesController\",\"action\":\"index\"},{\"method\":\"patch\",\"uri\":\"page\\/{page}\\/{name}\",\"type\":\"section\",\"controller\":\"PagesController\",\"action\":\"update\"}]}}',14,1,'2021-03-05 11:53:25','2021-03-05 11:53:25'),(17,71,'Галерея на странице','page-gallery','Создание галлереи, фото-видео','widget','{\"cms_navigation\":[{\"label\":\"cms.gallery\",\"icon\":\"\",\"slug\":\"module.page_gallery.index\"}]}',15,1,'2021-03-05 11:54:00','2021-03-05 11:54:00'),(18,71,'Модуль текстовой страницы','text-page','Модуль текстовых страниц','module','{\"routes\":{\"web\":[{\"method\":\"get\",\"controller\":\"App\\\\Http\\\\Controllers\\\\Web\\\\TextPageController\",\"action\":\"index\"}],\"cms\":[{\"method\":\"get\",\"uri\":\"page\\/{page}\\/{name}\",\"type\":\"section\",\"controller\":\"PagesController\",\"action\":\"index\"},{\"method\":\"patch\",\"uri\":\"page\\/{page}\\/{name}\",\"type\":\"section\",\"controller\":\"PagesController\",\"action\":\"update\"}]}}',16,1,'2021-03-05 11:54:00','2021-03-05 11:54:00'),(19,72,'Галерея на странице','page-gallery','Создание галлереи, фото-видео','widget','{\"cms_navigation\":[{\"label\":\"cms.gallery\",\"icon\":\"\",\"slug\":\"module.page_gallery.index\"}]}',17,1,'2021-03-05 11:54:35','2021-03-05 11:54:35'),(20,72,'Модуль текстовой страницы','text-page','Модуль текстовых страниц','module','{\"routes\":{\"web\":[{\"method\":\"get\",\"controller\":\"App\\\\Http\\\\Controllers\\\\Web\\\\TextPageController\",\"action\":\"index\"}],\"cms\":[{\"method\":\"get\",\"uri\":\"page\\/{page}\\/{name}\",\"type\":\"section\",\"controller\":\"PagesController\",\"action\":\"index\"},{\"method\":\"patch\",\"uri\":\"page\\/{page}\\/{name}\",\"type\":\"section\",\"controller\":\"PagesController\",\"action\":\"update\"}]}}',18,1,'2021-03-05 11:54:35','2021-03-05 11:54:35'),(21,73,'Галерея на странице','page-gallery','Создание галлереи, фото-видео','widget','{\"cms_navigation\":[{\"label\":\"cms.gallery\",\"icon\":\"\",\"slug\":\"module.page_gallery.index\"}]}',19,1,'2021-03-05 11:55:10','2021-03-05 11:55:10'),(22,73,'Модуль текстовой страницы','text-page','Модуль текстовых страниц','module','{\"routes\":{\"web\":[{\"method\":\"get\",\"controller\":\"App\\\\Http\\\\Controllers\\\\Web\\\\TextPageController\",\"action\":\"index\"}],\"cms\":[{\"method\":\"get\",\"uri\":\"page\\/{page}\\/{name}\",\"type\":\"section\",\"controller\":\"PagesController\",\"action\":\"index\"},{\"method\":\"patch\",\"uri\":\"page\\/{page}\\/{name}\",\"type\":\"section\",\"controller\":\"PagesController\",\"action\":\"update\"}]}}',20,1,'2021-03-05 11:55:10','2021-03-05 11:55:10'),(23,74,'Галерея на странице','page-gallery','Создание галлереи, фото-видео','widget','{\"cms_navigation\":[{\"label\":\"cms.gallery\",\"icon\":\"\",\"slug\":\"module.page_gallery.index\"}]}',21,1,'2021-03-05 11:56:40','2021-03-05 11:56:40'),(24,74,'Модуль текстовой страницы','text-page','Модуль текстовых страниц','module','{\"routes\":{\"web\":[{\"method\":\"get\",\"controller\":\"App\\\\Http\\\\Controllers\\\\Web\\\\TextPageController\",\"action\":\"index\"}],\"cms\":[{\"method\":\"get\",\"uri\":\"page\\/{page}\\/{name}\",\"type\":\"section\",\"controller\":\"PagesController\",\"action\":\"index\"},{\"method\":\"patch\",\"uri\":\"page\\/{page}\\/{name}\",\"type\":\"section\",\"controller\":\"PagesController\",\"action\":\"update\"}]}}',22,1,'2021-03-05 11:56:41','2021-03-05 11:56:41');
/*!40000 ALTER TABLE `page_components` ENABLE KEYS */;
UNLOCK TABLES;
DROP TABLE IF EXISTS `page_translations`;
/*!40101 SET @saved_cs_client     = @@character_set_client */;
/*!40101 SET character_set_client = utf8 */;
CREATE TABLE `page_translations` (
  `id` bigint(20) unsigned NOT NULL AUTO_INCREMENT,
  `page_id` bigint(20) unsigned NOT NULL,
  `locale` varchar(3) COLLATE utf8mb4_unicode_ci NOT NULL,
  `name` varchar(255) COLLATE utf8mb4_unicode_ci NOT NULL,
  `slug` varchar(255) COLLATE utf8mb4_unicode_ci NOT NULL COMMENT 'url-страницы',
  `description` text COLLATE utf8mb4_unicode_ci DEFAULT NULL,
  `text` text COLLATE utf8mb4_unicode_ci DEFAULT NULL,
  `h1` varchar(255) COLLATE utf8mb4_unicode_ci DEFAULT NULL,
  `title` varchar(255) COLLATE utf8mb4_unicode_ci DEFAULT NULL,
  `meta_description` varchar(255) COLLATE utf8mb4_unicode_ci DEFAULT NULL,
  `meta_keywords` varchar(255) COLLATE utf8mb4_unicode_ci DEFAULT NULL,
  `breadcrumbs` varchar(255) COLLATE utf8mb4_unicode_ci DEFAULT NULL,
  `anchor` varchar(255) COLLATE utf8mb4_unicode_ci DEFAULT NULL,
  `publish` tinyint(1) NOT NULL DEFAULT 0,
  `created_at` timestamp NULL DEFAULT NULL,
  `updated_at` timestamp NULL DEFAULT NULL,
  PRIMARY KEY (`id`),
  KEY `page_translations_page_id_foreign` (`page_id`),
  KEY `page_translations_locale_index` (`locale`),
  CONSTRAINT `page_translations_page_id_foreign` FOREIGN KEY (`page_id`) REFERENCES `pages` (`id`) ON DELETE CASCADE
) ENGINE=InnoDB AUTO_INCREMENT=608732 DEFAULT CHARSET=utf8mb4 COLLATE=utf8mb4_unicode_ci;
/*!40101 SET character_set_client = @saved_cs_client */;

LOCK TABLES `page_translations` WRITE;
/*!40000 ALTER TABLE `page_translations` DISABLE KEYS */;
INSERT INTO `page_translations` VALUES (1,1,'ru','Главная','main',NULL,NULL,NULL,NULL,NULL,NULL,NULL,NULL,1,'2021-02-23 10:22:34','2021-02-23 10:22:34'),(2,1,'ua','Главная','main',NULL,NULL,NULL,NULL,NULL,NULL,NULL,NULL,1,'2021-02-23 10:22:34','2021-02-23 10:22:34'),(3,2,'ru','Каталог','catalog',NULL,'<p>Равным образом рамки и место обучения кадров влечет за собой процесс внедрения и модернизации новых предложений. Идейные соображения высшего порядка, а также дальнейшее развитие различных форм деятельности играет важную роль в формировании соответствующий условий активизации. Товарищи! рамки и место обучения кадров играет важную роль в формировании дальнейших направлений развития. Таким образом сложившаяся структура организации требуют от нас анализа существенных финансовых и административных условий. Задача организации, в особенности же постоянное информационно-пропагандистское обеспечение нашей деятельности позволяет оценить значение позиций, занимаемых участниками в отношении поставленных задач. Товарищи! реализация намеченных плановых заданий способствует подготовки и реализации форм развития.</p>\r\n<p>С другой стороны постоянный количественный рост и сфера нашей активности в значительной степени обуславливает создание соответствующий условий активизации. Значимость этих проблем настолько очевидна, что консультация с широким активом обеспечивает широкому кругу (специалистов) участие в формировании позиций, занимаемых участниками в отношении поставленных задач. Задача организации, в особенности же рамки и место обучения кадров требуют определения и уточнения направлений прогрессивного развития. Таким образом рамки и место обучения кадров требуют определения и уточнения системы обучения кадров, соответствует насущным потребностям. Идейные соображения высшего порядка, а также консультация с широким активом требуют определения и уточнения позиций, занимаемых участниками в отношении поставленных задач. Идейные соображения высшего порядка, а также рамки и место обучения кадров представляет собой интересный эксперимент проверки систем массового участия. Повседневная практика показывает, что постоянное информационно-пропагандистское обеспечение нашей деятельности позволяет выполнять важные задания по разработке позиций, занимаемых участниками в отношении поставленных задач. Повседневная практика показывает, что постоянное информационно-пропагандистское обеспечение нашей деятельности требуют определения и уточнения новых предложений.</p>\r\n<p>Равным образом сложившаяся структура организации в значительной степени обуславливает создание систем массового участия. Таким образом дальнейшее развитие различных форм деятельности требуют от нас анализа дальнейших направлений развития.</p>',NULL,NULL,NULL,NULL,NULL,NULL,1,'2021-02-23 10:02:17','2021-03-01 15:40:13'),(4,3,'ru','Новости','news',NULL,NULL,NULL,NULL,NULL,NULL,NULL,NULL,1,'2021-02-25 07:25:50','2021-02-26 16:53:24'),(5,3,'ua','Новини','news',NULL,NULL,NULL,NULL,NULL,NULL,NULL,NULL,1,'2021-02-25 07:26:29','2021-02-26 16:53:45'),(6,4,'ru','Косметические отдушки: что это такое и зачем они нужны','kosmeticheskie-otdushki-chto-eto-takoe-i-zachem-oni-nuzhni','Косметические отдушки – особая группа ароматических веществ разного происхождения, которые придают запах косметическим средствам, подавляют специфический аромат основы некоторых продуктов. В нее входят природные и синтетического происхождения вещества. Ранее для решения рассматриваемых задач применяли именно природные ингредиенты – это эфирные масла, экстракты растений, амбру, мускус. С развитием науки привычная отдушка в косметике получила более широкое значение, появились не токсичные синтетические компоненты. Они представляют собой чистые вещества, полученные чисто химическим путем и имеющие приятный аромат. В косметике сегодня чаще всего применяют смеси натуральных и искусственных компонентов. Это позволяет получать ароматы с заданными характеристиками.','<h2>Области применения</h2>\r\n<section>\r\n<p>Косметическая отдушка для подавления резкого, специфического аромата основы применяется в таких областях:</p>\r\n<ul class=\"unordered-list\">\r\n<li>парфюмерия;</li>\r\n<li>мыловарение;</li>\r\n<li>приготовление косметических средств.</li>\r\n</ul>\r\n<p>В составе парфюмерной композиции они позволяют корректировать интенсивность определенных ноток, создавать неповторимые ароматы духов, туалетной воды. Мыловар с применением отдушек воплощает в жизнь любые творческие замыслы. В ходе создания шампуней, гелей для душа, кремов, тоников, пен для ванн вкусовые ароматизаторы и отдушки тоже незаменимы.</p>\r\n<p>С учетом назначения косметических средств, желаемого эффекта производитель добавляет разное количество отдушек. Для сравнения &ndash; в креме их стандартно около 1%, геле для душа не более &ndash; 0.5%, в освежителе воздуха до 20%. Многое зависит от политики работы конкретного бренда &ndash; есть экомарки, минимизирующие содержание отдушек, красителей и других искусственных добавок, есть те, которые применяют их по максимуму.</p>\r\n</section>\r\n<section>\r\n<h2>Что учитывать при выборе</h2>\r\n<p>Выбирая косметическую отдушку, нужно смотреть на такие моменты:</p>\r\n<ul class=\"unordered-list\">\r\n<li>чистота, стойкость аромата;</li>\r\n<li>качество;</li>\r\n<li>экологичность;</li>\r\n<li>гипоаллергенность;</li>\r\n<li>удобство в применении;</li>\r\n<li>личное восприятие.</li>\r\n</ul>\r\n</section>\r\n<section>\r\n<h3>Вывод:</h3>\r\n<p>У каждого запаха свое настроение &ndash; один пробуждает, другой дает энергию, третий создает ореол таинственности, четвертый успокаивает. Интенсивность будет зависеть от количества добавок.</p>\r\n<p>В целом отдушки безопасны, но у людей, склонных к аллергическим реакциям, индивидуальную непереносимость они вызывают нередко. Поэтому нужен баланс между красотой, запахом и его стойкостью, безопасностью.</p>\r\n</section>',NULL,NULL,NULL,NULL,NULL,NULL,1,'2021-02-25 07:56:45','2021-02-25 07:56:45'),(7,4,'ua','Косметичні віддушки: що це таке і навіщо вони потрібні','kosmetichni-viddushki-shho-ce-take-i-navishho-voni-potribni','Косметичні віддушки - особлива група ароматичних речовин різного походження, які надають запах косметичних засобів, пригнічують специфічний аромат основи деяких продуктів. У неї входять природні і синтетичного походження речовини. Раніше для вирішення розглянутих завдань застосовували саме природні інгредієнти - це ефірні масла, екстракти рослин, амбру, мускус. З розвитком науки звична віддушка у косметиці отримала більш широке значення, з\'явилися не токсичні синтетичні компоненти. Вони являють собою чисті речовини, отримані чисто хімічним шляхом і мають приємний аромат. У косметиці сьогодні найчастіше застосовують суміші натуральних і штучних компонентів. Це дозволяє отримувати аромати з заданими характеристиками.','<h2>Області застосування</h2>\r\n<p>Косметична аромат для придушення різкого, специфічного аромату основи застосовується в таких областях:</p>\r\n<ul>\r\n<li>парфумерія;</li>\r\n<li>миловаріння;</li>\r\n<li>приготування косметичних засобів.</li>\r\n</ul>\r\n<p>У складі парфумерної композиції вони дозволяють коригувати інтенсивність певних ноток, створювати неповторні аромати парфумів, туалетної води. Миловар із застосуванням ароматизаторів втілює в життя будь-які творчі задуми. В ході створення шампунів, гелів для душу, кремів, тоніків, пен для ванн смакові ароматизатори і аромату теж незамінні.</p>\r\n<p>З урахуванням призначення косметичних засобів, бажаного ефекту виробник додає різну кількість ароматів. Для порівняння - в кремі їх стандартно близько 1%, гелі для душу не більше - 0.5%, в освіжувачі повітря до 20%. Багато що залежить від політики роботи конкретного бренду - є екомаркі, що мінімізують зміст ароматизаторів, барвників та інших штучних добавок, є ті, які застосовують їх по максимуму.</p>\r\n<h2>Що враховувати при виборі</h2>\r\n<p>Вибираючи косметичну отдушку, потрібно дивитися на такі моменти:</p>\r\n<ul>\r\n<li>чистота, стійкість аромату;</li>\r\n<li>якість;</li>\r\n<li>екологічність;</li>\r\n<li>гипоаллергенность;</li>\r\n<li>зручність в застосуванні;</li>\r\n<li>особисте сприйняття.</li>\r\n<li>висновок:</li>\r\n</ul>\r\n<h2>Висновок:</h2>\r\n<p>У кожного запаху свій настрій - один пробуджує, інший дає енергію, третій створює ореол таємничості, четвертий заспокоює. Інтенсивність буде залежати від кількості добавок.</p>\r\n<p>В цілому аромати безпечні, але у людей, схильних до алергічних реакцій, індивідуальну непереносимість вони викликають нерідко. Тому потрібен баланс між красою, запахом і його стійкістю, безпекою.</p>',NULL,NULL,NULL,NULL,NULL,NULL,1,'2021-02-25 07:56:45','2021-02-25 07:56:45'),(8,5,'ru','В чем отличие отдушки от ароматизатора','v-chem-otlichie-otdushki-ot-aromatizatora','Рассматривая составляющие компоненты любого продукта, все сталкиваются с названиями «отдушка», либо «ароматизатор». Очевидно, что они оба связаны с ароматами продукта. Но какие же все-таки они имеют отличия?','<p>Давно выяснено, что при оценке дизайна и композиции читаемый текст мешает сосредоточиться. Lorem Ipsum используют потому, что тот обеспечивает более или менее стандартное заполнение шаблона, а также реальное распределение букв и пробелов в абзацах, которое не получается при простой дубликации \"Здесь ваш текст.. Здесь ваш текст.. Здесь ваш текст..\" Многие программы электронной вёрстки и редакторы HTML используют Lorem Ipsum в качестве текста по умолчанию, так что поиск по ключевым словам \"lorem ipsum\" сразу показывает, как много веб-страниц всё ещё дожидаются своего настоящего рождения. За прошедшие годы текст Lorem Ipsum получил много версий. Некоторые версии появились по ошибке, некоторые - намеренно (например, юмористические варианты).</p>',NULL,NULL,NULL,NULL,NULL,NULL,1,'2021-02-25 10:31:48','2021-02-25 10:32:14'),(9,5,'ua','У чому відмінність аромати від ароматизатора','u-chomu-vidminnist-aromati-vid-aromatizatora','Розглядаючи складові компоненти будь-якого продукту, все стикаються з назвами «аромат», або «ароматизатор». Очевидно, що вони обидва пов\'язані з ароматами продукту. Але які ж все-таки вони мають відмінності?','<p>Давно з\'ясовано, що при оцінці дизайну і композиції читається текст заважає зосередитися. Lorem Ipsum використовують тому, що той забезпечує більш-менш стандартний заповнення шаблону, а також реальний розподіл букв і пробілів в абзацах, яке не виходить за простій дублікації \"Тут ваш текст .. Тут ваш текст .. Тут ваш текст ..\" Багато програм електронної верстки та редактори HTML використовують Lorem Ipsum як текст за замовчуванням, так що пошук за ключовими словами \"lorem ipsum\" відразу показує, як багато веб-сторінок все ще чекають свого справжнього народження. За минулі роки текст Lorem Ipsum отримав багато версій. Деякі версії з\'явилися помилково, деякі - навмисно (наприклад, гумористичні варіанти).</p>',NULL,NULL,NULL,NULL,NULL,NULL,1,'2021-02-25 10:31:48','2021-02-25 10:32:14'),(10,6,'ru','Где его взять?','gde-ego-vzyat','Есть много вариантов Lorem Ipsum, но большинство из них имеет не всегда приемлемые модификации, например, юмористические вставки или слова, которые даже отдалённо не напоминают латынь. Если вам нужен Lorem Ipsum для серьёзного проекта, вы наверняка не хотите какой-нибудь шутки, скрытой в середине абзаца. Также все другие известные генераторы Lorem Ipsum используют один и тот же текст, который они просто повторяют, пока не достигнут нужный объём.','<p>Есть много вариантов Lorem Ipsum, но большинство из них имеет не всегда приемлемые модификации, например, юмористические вставки или слова, которые даже отдалённо не напоминают латынь. Если вам нужен Lorem Ipsum для серьёзного проекта, вы наверняка не хотите какой-нибудь шутки, скрытой в середине абзаца. Также все другие известные генераторы Lorem Ipsum используют один и тот же текст, который они просто повторяют, пока не достигнут нужный объём. Это делает предлагаемый здесь генератор единственным настоящим Lorem Ipsum генератором. Он использует словарь из более чем 200 латинских слов, а также набор моделей предложений. В результате сгенерированный Lorem Ipsum выглядит правдоподобно, не имеет повторяющихся абзацей или \"невозможных\" слов.</p>',NULL,NULL,NULL,NULL,NULL,NULL,1,'2021-02-25 10:35:08','2021-02-25 10:35:08'),(11,6,'ua','Де його взяти?','de-yogo-vzyati','Есть много вариантов Lorem Ipsum, но большинство из них имеет не всегда приемлемые модификации, например, юмористические вставки или слова, которые даже отдалённо не напоминают латынь. Если вам нужен Lorem Ipsum для серьёзного проекта, вы наверняка не хотите какой-нибудь шутки, скрытой в середине абзаца. Также все другие известные генераторы Lorem Ipsum используют один и тот же текст, который они просто повторяют, пока не достигнут нужный объём.','<p>Есть много вариантов Lorem Ipsum, но большинство из них имеет не всегда приемлемые модификации, например, юмористические вставки или слова, которые даже отдалённо не напоминают латынь. Если вам нужен Lorem Ipsum для серьёзного проекта, вы наверняка не хотите какой-нибудь шутки, скрытой в середине абзаца. Также все другие известные генераторы Lorem Ipsum используют один и тот же текст, который они просто повторяют, пока не достигнут нужный объём. Это делает предлагаемый здесь генератор единственным настоящим Lorem Ipsum генератором. Он использует словарь из более чем 200 латинских слов, а также набор моделей предложений. В результате сгенерированный Lorem Ipsum выглядит правдоподобно, не имеет повторяющихся абзацей или \"невозможных\" слов.</p>',NULL,NULL,NULL,NULL,NULL,NULL,1,'2021-02-25 10:35:08','2021-02-25 10:35:08'),(72,37,'ru','Atque deserunt laboriosam quasi ut quam quos ut libero voluptas placeat.','atque-deserunt-laboriosam-quasi-ut-quam-quos-ut-libero-voluptas-placeat','Est cum a ut delectus error qui eum aspernatur incidunt id animi qui ab necessitatibus est unde eos dolores non vel temporibus eos et vitae earum iusto rerum aut aut tempora doloremque consequatur porro voluptates nulla.','<p>Qui cupiditate fuga eligendi. Error eum nesciunt id excepturi. Nesciunt ut sit velit voluptatum voluptate ipsa.</p><p>Voluptas earum qui illo magnam omnis quae. Quidem nemo mollitia minima qui autem culpa. Laudantium ducimus excepturi consequuntur amet.</p><p>Voluptatem non enim rerum distinctio hic laboriosam quod. Sit vitae necessitatibus quis voluptatibus quas voluptatem reprehenderit assumenda. Voluptas corrupti temporibus sed at cum.</p><p>Aliquam reprehenderit harum ratione ullam iusto iusto maiores. Harum amet non nihil maiores. Nostrum voluptate voluptas quia aspernatur quam.</p><p>Nemo ut et rerum a. Sit veniam aut molestiae vel qui. Autem dignissimos maxime quod omnis et. Amet expedita est voluptate.</p>',NULL,NULL,NULL,NULL,NULL,NULL,1,'2021-02-25 11:07:57','2021-02-25 11:07:57'),(73,37,'ua','Qui voluptatum quam velit sed soluta culpa expedita et.','qui-voluptatum-quam-velit-sed-soluta-culpa-expedita-et','In in maxime quibusdam alias inventore eos reprehenderit ab dolorem inventore voluptates laboriosam natus natus sapiente repudiandae voluptatum qui veniam perspiciatis natus dignissimos omnis aut veniam sed commodi dicta nesciunt suscipit sit sunt quia dolores voluptatem qui iste recusandae facilis et recusandae veniam ex consectetur.','<p>A sed natus corporis deserunt eum. Atque laborum iure voluptas veritatis nihil sint in. Et quia voluptatem eveniet.</p><p>Temporibus quibusdam praesentium dolorum aut non quia dolorum natus. Non nesciunt et odit expedita totam. Ex quaerat eum quaerat minus in delectus et. Sunt consequatur totam molestiae vel ex et iusto.</p><p>Non et veniam tenetur. Tempora in rerum quis voluptatem eos quasi. Dolorem iure qui voluptatem quos ea. Id repudiandae est beatae illum quod odit numquam doloribus.</p><p>Enim autem consequuntur est nobis. Minima rerum voluptate et et quibusdam sit iste. Porro magni maxime unde at voluptatem consectetur.</p><p>Pariatur ipsam eos recusandae numquam. Ratione labore sequi eius assumenda necessitatibus cupiditate. Blanditiis repellat iure illo harum unde. Nam laudantium architecto quia sed.</p>',NULL,NULL,NULL,NULL,NULL,NULL,0,'2021-02-25 11:07:57','2021-02-25 11:07:57'),(74,38,'ru','Officiis praesentium tempora aut necessitatibus vitae reiciendis in architecto aut optio consequatur.','officiis-praesentium-tempora-aut-necessitatibus-vitae-reiciendis-in-architecto-aut-optio-consequatur','Nisi ea dolores voluptas itaque et at non laudantium quia numquam saepe qui porro consectetur qui in impedit consequuntur et excepturi sapiente rerum tempora porro totam voluptas labore qui soluta necessitatibus sequi magnam corporis voluptatem quam architecto laboriosam eius eum iusto eveniet eum velit cupiditate totam qui similique perferendis et.','<p>Aut reprehenderit est sint molestias dolores. In qui amet nobis fugit similique. Dolore suscipit quia explicabo rerum ut.</p><p>Numquam itaque quia quasi aut. Quia consequatur accusamus natus omnis ea itaque. Vero blanditiis ut incidunt impedit.</p><p>Repellendus vel error autem ex. Quia adipisci vero alias sed repellendus voluptas perferendis. Veritatis rerum vel ratione qui iusto sint quibusdam.</p><p>Quibusdam voluptatem ut velit ab. Nam distinctio labore quidem optio dolor itaque.</p><p>Nihil nihil ex voluptas velit error esse. Explicabo iste omnis architecto omnis animi. Molestias sit est cum rerum aliquid quia ut.</p>',NULL,NULL,NULL,NULL,NULL,NULL,1,'2021-02-25 11:07:57','2021-02-25 11:07:57'),(75,38,'ua','Consequatur maiores sint modi numquam facilis voluptatem quis quibusdam eum ipsum soluta.','consequatur-maiores-sint-modi-numquam-facilis-voluptatem-quis-quibusdam-eum-ipsum-soluta','Vitae excepturi voluptatum dignissimos autem sunt labore quisquam similique quam et expedita molestiae et magni qui reiciendis explicabo aut minus sit eum earum perferendis et illum facere ut quia molestiae facere quis dolore iure perferendis et voluptatem.','<p>Corporis ipsam quo atque cum. Quo blanditiis eius veniam molestias et at et. Et omnis occaecati officiis esse.</p><p>Qui molestiae quam sint. Porro facilis fugit deserunt ducimus porro explicabo aliquid. Corporis numquam et repellat eius qui facilis velit. Repellat minus exercitationem error incidunt aliquam quis animi ea.</p><p>Voluptas in aspernatur eos earum. Aut repudiandae fugit consequuntur rem mollitia dolor. Voluptas ipsa distinctio libero error sunt optio. Voluptatem ullam est voluptatum ut. Laboriosam maxime ut et facilis eum deleniti rerum.</p><p>Quia quisquam ipsam voluptatem commodi deserunt eaque. Consectetur recusandae aliquid accusantium ad.</p><p>Delectus molestias omnis rerum consectetur exercitationem sed qui. Quibusdam molestiae mollitia porro dolor. Et eveniet quis reiciendis et sunt voluptatem. Qui et voluptas iste.</p>',NULL,NULL,NULL,NULL,NULL,NULL,0,'2021-02-25 11:07:57','2021-02-25 11:07:57'),(76,39,'ru','Reprehenderit sed asperiores cumque ex non molestiae enim exercitationem aut voluptatum.','reprehenderit-sed-asperiores-cumque-ex-non-molestiae-enim-exercitationem-aut-voluptatum','Voluptatem harum quas sequi explicabo et nostrum necessitatibus dolores beatae aut veniam natus ex porro deserunt quis quod ipsa consequatur recusandae a minus eum doloribus tenetur et velit nemo ut quis in rerum quasi laudantium natus vel illo.','<p>Ut ut quia blanditiis nostrum rem. Dolor ut molestias velit facere. Repudiandae non eos veritatis ea eos.</p><p>Qui iure qui optio doloremque porro voluptas aut. Eligendi sed reprehenderit deserunt perferendis. Quia eaque error dolor sunt quidem aliquam. Nisi reprehenderit numquam nemo saepe veritatis quos nulla. Eveniet nesciunt distinctio neque aut officia aut consectetur at.</p><p>Sit debitis optio natus dolores accusantium. Eius expedita molestiae mollitia impedit fugit. Dolorem expedita est fugiat ullam ipsum. Non non quis soluta enim eos.</p><p>Earum magnam molestiae aut velit quis. Repellendus totam quibusdam repudiandae amet sint ea. Laudantium tempora rerum magnam autem cumque aut ipsum inventore.</p><p>Rerum nobis mollitia molestiae at. Occaecati quas qui illo iste nobis. Qui doloribus eligendi perspiciatis quia et hic.</p>',NULL,NULL,NULL,NULL,NULL,NULL,0,'2021-02-25 11:07:57','2021-02-25 11:07:57'),(77,39,'ua','Blanditiis quia aliquam aut sunt rerum atque velit.','blanditiis-quia-aliquam-aut-sunt-rerum-atque-velit','Assumenda sunt provident tenetur aut in tempore quos eos labore quos architecto est qui aspernatur hic autem in qui consequatur vel aut non dolor explicabo dolore non in dignissimos quasi velit non impedit eum dolore mollitia quibusdam omnis repellat enim.','<p>Non omnis minus sed laborum nihil voluptas. Voluptate cum repudiandae officia quisquam accusamus nulla. Pariatur rerum delectus eos ut. Tempore ipsam qui quo.</p><p>Ad ea dolores qui molestiae. Dicta non libero aliquam fugit facilis ex perspiciatis dolorem. Quo ratione est numquam veniam. Cupiditate voluptatibus accusamus dolores inventore itaque est quibusdam.</p><p>Ullam blanditiis placeat ea accusamus corporis. Quia quod cumque repellat at repellat libero hic. Porro ut et quas ut et.</p><p>Unde placeat quia nihil voluptatibus minus aliquid. Voluptatem eius vel aut at aliquam quisquam ea corporis. Sunt et architecto corrupti itaque ut ratione. Veritatis fugiat ratione nam ullam vitae.</p><p>Molestiae et sit assumenda cupiditate voluptas saepe. Ea beatae quos minima similique voluptas. Natus dolor inventore eaque. Et aut consequatur velit temporibus.</p>',NULL,NULL,NULL,NULL,NULL,NULL,0,'2021-02-25 11:07:57','2021-02-25 11:07:57'),(78,40,'ru','Consectetur molestias et vel et sed ut.','consectetur-molestias-et-vel-et-sed-ut','Voluptatum maxime ut et perferendis quod facilis quidem perferendis vel sint rem qui quo vero autem et quia enim doloribus cupiditate illum quia ipsum iusto repudiandae in id quos quos deserunt modi molestiae veritatis ipsum voluptatem iste blanditiis ipsa hic voluptas possimus dignissimos praesentium porro ea commodi iusto sit aut numquam est rerum harum aut.','<p>Harum illo saepe quia recusandae dolores vel et. Quibusdam perspiciatis et expedita consequatur expedita. Eos sunt voluptatem qui sint non officia debitis. Odio sed ea quas sint iusto.</p><p>Ut ut placeat inventore recusandae est quo quasi dignissimos. Sed cumque amet ut nesciunt iste. Reprehenderit commodi et voluptas. Iste dolor pariatur similique eveniet.</p><p>Sit eveniet corrupti aut qui quas. Quo ex ullam vitae. Aut dolore quia officiis unde qui voluptate est. Velit occaecati atque corrupti provident.</p><p>Fugiat et quo omnis maxime perferendis. Delectus illum molestias reiciendis quis provident autem. Quis est excepturi soluta.</p><p>Enim ea temporibus iste. Fugiat voluptas deleniti consequatur id atque voluptate autem. Omnis quo placeat nam magni.</p>',NULL,NULL,NULL,NULL,NULL,NULL,1,'2021-02-25 11:07:57','2021-02-25 11:07:57'),(79,40,'ua','Dolorem eos dolorem aut quia similique expedita deserunt vel quia sint a et.','dolorem-eos-dolorem-aut-quia-similique-expedita-deserunt-vel-quia-sint-a-et','Dolores asperiores error in voluptatem esse sed ut quae omnis et autem nihil id officia repudiandae ut sapiente qui dolore ut voluptatem perspiciatis qui sunt praesentium et et recusandae ratione reiciendis corporis quia et illum aperiam aliquam maiores nesciunt quo.','<p>Fugit itaque dolor et voluptatem quas est. Reprehenderit deleniti perferendis veritatis saepe ut asperiores. Culpa voluptatem sit eaque unde accusantium nostrum earum. Facere qui maiores sit dolorem repellendus dignissimos omnis.</p><p>Explicabo id vitae quidem accusamus. At nisi unde dolorem debitis. Consequatur provident qui sapiente pariatur maxime.</p><p>Aut nam repellat ratione. Exercitationem dolorum at nulla. Laboriosam facilis ut nesciunt quo molestias quasi itaque. Ab veritatis exercitationem voluptatum exercitationem adipisci.</p><p>Corrupti doloremque vel vero optio. Sunt assumenda aut excepturi reprehenderit. Qui rem aliquam et impedit ipsum consequatur harum.</p><p>Qui rerum totam voluptas eligendi. Nesciunt numquam voluptatibus quibusdam deserunt. Modi quibusdam consequatur laudantium ad dolores quia dolorum.</p>',NULL,NULL,NULL,NULL,NULL,NULL,0,'2021-02-25 11:07:57','2021-02-25 11:07:57'),(80,41,'ru','Aut quo ullam possimus tempore enim modi veritatis iure.','aut-quo-ullam-possimus-tempore-enim-modi-veritatis-iure','Et excepturi optio ut voluptas ut repudiandae doloremque impedit eum cum at sit necessitatibus magni occaecati quasi modi incidunt aliquam earum illo odit dolores et quas illo ab quisquam molestiae voluptas qui excepturi iste nihil esse qui veniam id perspiciatis culpa.','<p>Voluptate et totam mollitia veritatis cum est ea. Qui illo nesciunt facere ut enim doloremque non. Est magni nisi temporibus.</p><p>Autem tenetur totam amet cupiditate illo culpa saepe. Sint provident odio sit non hic. Incidunt voluptatem vel iusto.</p><p>Aliquid sint eum eveniet nihil voluptas adipisci nam. Autem ea et voluptas nihil. Natus qui officia dolore consequatur tempora aut nemo.</p><p>Dolor id architecto odio et. Omnis ea sunt quia eos. Laboriosam harum officia maiores aut optio.</p><p>Voluptatem ducimus eligendi et vel accusamus dolorem reprehenderit. Aut nam aliquam eos iure et. Molestiae odio enim reprehenderit repellendus. Est neque asperiores et exercitationem.</p>',NULL,NULL,NULL,NULL,NULL,NULL,0,'2021-02-25 11:07:58','2021-02-25 11:07:58'),(81,41,'ua','Explicabo omnis ad recusandae at tenetur ut eos tempore est quis ad et.','explicabo-omnis-ad-recusandae-at-tenetur-ut-eos-tempore-est-quis-ad-et','Saepe aliquid aperiam iure sequi ea et saepe non consectetur et exercitationem iusto in aut quos nemo nam recusandae ut vero numquam distinctio praesentium deleniti autem voluptas ab numquam quia cupiditate dolorem animi similique officia.','<p>Nisi enim ab maxime quis sint maiores odit. Quia qui repudiandae qui. Veritatis et et aut accusantium non vero cum.</p><p>Error ipsa voluptatem ipsum odit fugit. Dolor alias recusandae autem adipisci sapiente nobis ut. Voluptas facilis quaerat dolor eos.</p><p>Mollitia maxime assumenda quas et possimus aut sapiente ad. Et odio voluptatem nemo qui. Voluptatibus exercitationem magni amet magnam eum atque quos eos. Ipsa et saepe culpa sequi quia consequatur eveniet est.</p><p>Sint nihil delectus enim modi culpa. Aliquid exercitationem deserunt itaque est aut voluptatibus culpa repellendus. Dignissimos consequatur qui dolorem vitae. Est enim cum in dolores aliquid ea et.</p><p>Quae natus fugiat maxime laborum voluptatem pariatur harum. Eum veritatis aut labore eveniet quibusdam. Alias dolorem quia eos earum. Voluptatem voluptas quas commodi delectus molestiae officia qui.</p>',NULL,NULL,NULL,NULL,NULL,NULL,1,'2021-02-25 11:07:58','2021-02-25 11:07:58'),(82,42,'ru','A autem omnis et minima deserunt ut vero numquam corrupti asperiores voluptatibus vitae.','a-autem-omnis-et-minima-deserunt-ut-vero-numquam-corrupti-asperiores-voluptatibus-vitae','Ipsa magnam dolor minus enim sunt et eveniet laboriosam doloribus est deserunt vel et ut et aliquam quos molestiae enim quis illum corrupti ut ut atque voluptatem minus maxime itaque tempora ex rem incidunt quis quo est placeat et nisi sed ipsa eum dolor voluptas consequatur aliquid dolores ad est eos iste.','<p>Pariatur et quis est veniam itaque sunt aut. Necessitatibus libero dolorem tempora quo. Et laborum occaecati aliquid sed aut quia aspernatur.</p><p>Sed in id in alias veniam et odio. Earum sed cum expedita quia aut ea dolor. Sed quae neque nesciunt fuga harum.</p><p>Et quia nesciunt qui sed quidem ut illum. Incidunt rerum distinctio officia aut perspiciatis. Tempora voluptatem esse error ab nobis ipsa.</p><p>Quasi facilis impedit libero repellendus quibusdam excepturi hic. Id voluptas eaque est porro voluptatem maiores. Minus eum necessitatibus quia recusandae molestiae facilis. Distinctio expedita nulla eveniet et velit est blanditiis.</p><p>Aspernatur architecto doloribus quibusdam placeat. Ad est odio qui tempora expedita. Sapiente animi odit porro repudiandae qui.</p>',NULL,NULL,NULL,NULL,NULL,NULL,1,'2021-02-25 11:07:58','2021-02-25 11:07:58'),(83,42,'ua','Ut beatae quo nam veniam tempora facilis.','ut-beatae-quo-nam-veniam-tempora-facilis','Recusandae eaque et architecto ut non voluptatem asperiores repudiandae aliquam facere animi ducimus est tenetur eius tempore et aut facilis error excepturi consequuntur et sint perspiciatis et illum aut est excepturi repellat quidem sed at ab odit illum laudantium explicabo ut doloribus possimus optio cumque magnam voluptas eos mollitia voluptate at dolor ut nisi dolorum blanditiis aliquid qui illum libero.','<p>Inventore facere dolorem eos dolor laborum saepe. Quibusdam omnis ea laborum temporibus id aut. Temporibus perspiciatis placeat dicta accusantium sunt. Qui ipsum quidem doloribus molestias recusandae repellendus.</p><p>Quas veniam facilis sint. Illum alias delectus ipsa qui culpa. Alias nam nihil ratione. Corrupti libero pariatur illum rerum omnis accusamus.</p><p>Nam vitae aut error impedit illum nam. Odio architecto alias ea qui explicabo voluptatem. Nemo totam dolor maiores illo alias.</p><p>Et quisquam quos et sit sint. Eveniet labore fugit enim sed at. Omnis placeat delectus dolorem aut.</p><p>Illo aut omnis sunt qui sunt asperiores. Reiciendis id dolor a dolore. Libero deleniti sint atque ad dolor aut excepturi earum. Voluptatum porro neque repellendus enim vitae.</p>',NULL,NULL,NULL,NULL,NULL,NULL,0,'2021-02-25 11:07:58','2021-02-25 11:07:58'),(84,43,'ru','Minus dolorem aliquam explicabo voluptas fugiat ad mollitia consequatur magni.','minus-dolorem-aliquam-explicabo-voluptas-fugiat-ad-mollitia-consequatur-magni','Tempore autem maiores expedita sed reprehenderit omnis repellat veritatis harum ratione ut possimus voluptatem minus sed velit praesentium ut ea qui autem quas accusantium officia ut ex et quia itaque itaque et rem voluptatem culpa nisi quis cumque.','<p>Ex et culpa velit distinctio aspernatur. Explicabo facilis distinctio quo consequuntur laborum facilis repellendus eveniet. Facere molestiae aut esse numquam rem nesciunt.</p><p>Rerum dolores laudantium reprehenderit dolor omnis. Eaque numquam autem doloremque alias repudiandae. Earum provident non et ab eveniet. Officia odio illum error perspiciatis.</p><p>Non quo enim illo temporibus aut. Eveniet iusto aut nihil id nobis illo. Totam non dolor aut vitae molestias assumenda.</p><p>Pariatur voluptatem aut consequatur quia eos. Doloremque labore est suscipit dolores autem asperiores. Optio cumque perferendis impedit vitae voluptate maiores veritatis. Illo nihil voluptatem accusantium quam quod sint enim.</p><p>Laborum doloremque aperiam aliquam ut. Velit et magnam aspernatur labore consequuntur cum facilis. Repudiandae doloremque eos id in molestiae.</p>',NULL,NULL,NULL,NULL,NULL,NULL,1,'2021-02-25 11:07:58','2021-02-25 11:07:58'),(85,43,'ua','Nobis possimus amet quo et qui ut.','nobis-possimus-amet-quo-et-qui-ut','Ut adipisci neque consequatur eaque magnam porro aliquid voluptas dolore alias ratione similique quae cum quod cupiditate enim commodi mollitia occaecati eius mollitia est aut dignissimos illum quod consequuntur rerum hic natus porro velit quia libero sed consequuntur et inventore inventore necessitatibus voluptatem laudantium dolore excepturi et est architecto esse rem est qui.','<p>Est illum enim voluptatum. Consequatur temporibus quaerat aliquam quasi aut et. Molestiae quis ab et quos ratione qui. Nostrum molestiae neque quae voluptatem sint rerum cum.</p><p>Qui est non facilis ducimus tempora fugit rem et. Suscipit provident ducimus odio autem velit modi veniam voluptatum. Cumque eveniet error necessitatibus ullam.</p><p>Molestiae consequatur voluptas distinctio nihil voluptatem suscipit. Recusandae est veritatis ab cumque est. Ad minus hic amet qui accusamus est. Sequi cum est deserunt repellat aliquam doloribus omnis.</p><p>Qui unde voluptates atque dolorem at laborum. Perspiciatis adipisci sit ea commodi qui eum. Sequi praesentium provident cum. Occaecati possimus maiores doloribus iure voluptas odio animi et.</p><p>Perspiciatis ipsum nisi maiores qui facilis fugit. Sint deleniti sint sit corporis quasi. Cupiditate quis nemo repudiandae quia culpa animi voluptas. Deserunt doloremque non ducimus repellat minima cumque.</p>',NULL,NULL,NULL,NULL,NULL,NULL,0,'2021-02-25 11:07:58','2021-02-25 11:07:58'),(86,44,'ru','Voluptas enim officiis totam odio nulla laudantium corporis sequi magnam libero.','voluptas-enim-officiis-totam-odio-nulla-laudantium-corporis-sequi-magnam-libero','Quia cumque quo rerum maiores non laboriosam perferendis occaecati voluptate fugit inventore rerum ducimus consequatur iste velit recusandae numquam autem quae ut distinctio hic maxime expedita accusantium sed nulla quia eum mollitia praesentium possimus ratione quae ut qui velit quam autem quisquam molestiae quisquam mollitia aut dolore cumque qui praesentium officiis porro possimus quas itaque sequi saepe modi earum et reprehenderit.','<p>Ex accusamus ab enim et repellat. Rerum corrupti molestiae dolores dolor dolor quisquam voluptatibus ipsam. Repellat velit ut veniam dolores dolorem et. Quia reiciendis repellat aliquam.</p><p>Non debitis debitis tempora nulla fugit qui. Corrupti perspiciatis libero aut quia culpa. Inventore nihil perferendis et ipsa. Natus et ullam hic ut doloribus eveniet.</p><p>Occaecati qui iusto sit et in. Magni deleniti tempora cupiditate laudantium. Aut qui officia soluta voluptate quasi sit consequatur.</p><p>Amet omnis ut dolor dignissimos laudantium cupiditate. Quos aut consequatur non omnis nostrum libero. Numquam est voluptatem illum. Laborum et eum velit rerum quia aspernatur neque.</p><p>Mollitia maiores laudantium est itaque eligendi vel. Consectetur eos aut maxime reprehenderit tempore nemo quod. Labore possimus vitae qui dolorum fugit amet rerum. Expedita ut illo qui perferendis.</p>',NULL,NULL,NULL,NULL,NULL,NULL,0,'2021-02-25 11:07:58','2021-02-25 11:07:58'),(87,44,'ua','Esse aut voluptatem sunt sit sit libero aspernatur eaque similique et.','esse-aut-voluptatem-sunt-sit-sit-libero-aspernatur-eaque-similique-et','Amet ad vero recusandae nulla tenetur ipsum commodi pariatur at reiciendis explicabo molestiae et esse odit at minus voluptatem aut qui et necessitatibus blanditiis soluta sequi voluptas at sunt qui at dolore harum omnis quia unde recusandae voluptatum culpa et eius harum deleniti suscipit quam nihil laboriosam consequatur rerum rerum dicta est quaerat eum architecto sint omnis cumque aliquam consequatur et et omnis nulla error totam.','<p>Quod vero maxime dolore quis. Aperiam qui est modi nam. Tempora optio commodi beatae est minus iste.</p><p>Rem minima tenetur similique expedita laboriosam quo possimus. Est et dolorum veritatis voluptatem. Itaque quos occaecati culpa vel quo ea id eligendi.</p><p>Eligendi dolor commodi esse dicta. Ut exercitationem molestias quis placeat iste.</p><p>Voluptas minus omnis et molestiae qui possimus. Quia commodi debitis nesciunt dolor molestias. Nostrum non eligendi et accusamus soluta. Dolor maiores velit dolorem corporis.</p><p>Commodi facere iure ut tenetur neque laudantium exercitationem. Consequatur ducimus facere et dolor maiores. Rerum aut consectetur blanditiis soluta earum nobis.</p>',NULL,NULL,NULL,NULL,NULL,NULL,0,'2021-02-25 11:07:58','2021-02-25 11:07:58'),(88,45,'ru','Nam ipsum eveniet in sit et consequatur animi ut rerum non.','nam-ipsum-eveniet-in-sit-et-consequatur-animi-ut-rerum-non','Quo excepturi tempore inventore architecto non fugiat ipsum magni labore odit velit nihil ducimus expedita est aut dolor non nobis dolore alias error minima nostrum enim sit dolorem modi fugiat minus aut quam possimus alias architecto repudiandae assumenda ullam cum est veniam dolorum est architecto itaque quis consequatur asperiores sit enim ea similique quae cum tempore debitis autem.','<p>Ut nihil sapiente modi non. Est corrupti nesciunt quaerat mollitia qui molestiae excepturi.</p>\r\n<p>Eum eveniet quia consequatur quae. Consectetur eius et tempore sapiente. Vel et neque consequuntur doloribus non porro. Quaerat et suscipit esse ipsa aut consequuntur.</p>\r\n<p>Recusandae praesentium impedit ut cumque. Accusamus officia et amet. Praesentium sunt ullam eaque beatae est culpa nobis. Autem consequatur sed rerum quo illo ut.</p>\r\n<p>Nobis rerum est nesciunt culpa numquam et odio. Ea inventore facilis sapiente natus consequatur est.</p>\r\n<p>Voluptatibus doloremque velit aliquam et eum. Ad dolorem laborum aut minus quidem. Ab veniam sint et sit quibusdam fugiat. Id qui maxime rerum aliquid rerum delectus.</p>',NULL,NULL,NULL,NULL,NULL,NULL,1,'2021-02-25 11:07:58','2021-02-26 14:40:18'),(89,45,'ua','Voluptatem vel voluptate vitae quia quam aliquam aut consequuntur fugit id quia atque.','voluptatem-vel-voluptate-vitae-quia-quam-aliquam-aut-consequuntur-fugit-id-quia-atque','Ut repellendus aliquam eos repudiandae distinctio consequatur error ut nihil nam et dolor illo et architecto sit illo quaerat quis magni voluptas aut eius quia rerum similique sit non voluptas et blanditiis accusamus odio beatae est voluptatem sit quibusdam nemo tempore quos vitae fuga quis dignissimos et nostrum nisi aut omnis magni aut culpa id.','<p>Et qui similique odio ad sit. Quis sed modi facere ea vitae. Repudiandae ea nisi vitae deleniti facilis sit aut. Blanditiis ex mollitia et officia.</p>\r\n<p>Eligendi quae omnis in provident impedit. Rerum quia minus ipsam. Provident recusandae est et quasi sit commodi. Sunt eaque velit eveniet dolore et voluptatem.</p>\r\n<p>Iure quae esse enim commodi. Sed repellat alias numquam expedita molestiae. Quo ad ut qui deleniti aut. Vitae magni ratione et rerum dignissimos eum.</p>\r\n<p>Non laborum veniam totam et consequatur ad. Exercitationem hic perferendis placeat corporis voluptatibus.</p>\r\n<p>Repellat voluptate culpa sunt rem debitis velit qui. Aut quos quaerat eius voluptate natus. Nostrum facilis at aut. Tempore occaecati nobis numquam amet. Exercitationem veritatis impedit maxime aliquid sapiente est.</p>',NULL,NULL,NULL,NULL,NULL,NULL,1,'2021-02-25 11:07:58','2021-02-26 14:35:40'),(90,46,'ru','Sint voluptatem rerum nesciunt et et aperiam officiis ut velit eius nobis officia alias.','sint-voluptatem-rerum-nesciunt-et-et-aperiam-officiis-ut-velit-eius-nobis-officia-alias','Consequatur blanditiis voluptas rerum minima assumenda sed labore ut iure voluptas aut et et est aut id officiis quam possimus porro laboriosam perferendis voluptatem aut deleniti quam officia voluptas harum maiores molestiae reiciendis est suscipit consequatur perferendis quae qui debitis ut molestias aut aspernatur omnis quas.','<p>Debitis asperiores dolores velit incidunt. Qui deserunt veniam reprehenderit eum corporis velit.</p><p>Sapiente quia sit consequatur beatae asperiores. Provident ut architecto recusandae omnis quis. Inventore voluptates eius nulla tenetur magni aut porro. Officia et veniam qui fuga aut quibusdam quidem.</p><p>Minus accusamus reiciendis consequatur omnis exercitationem. Eveniet totam exercitationem ex aut distinctio est. Eos repudiandae nam et quis ea vel delectus. Deserunt numquam et est excepturi.</p><p>Libero sed sed aut et temporibus laborum. Neque molestiae non accusamus odit.</p><p>Cupiditate est veritatis fugit ea ex sunt sint omnis. Ipsa aut error est. Nisi possimus in mollitia doloremque voluptatem necessitatibus.</p>',NULL,NULL,NULL,NULL,NULL,NULL,1,'2021-02-25 11:07:58','2021-02-25 11:07:58'),(91,46,'ua','Pariatur qui excepturi placeat laboriosam omnis veritatis ab commodi veritatis ea officiis voluptatem.','pariatur-qui-excepturi-placeat-laboriosam-omnis-veritatis-ab-commodi-veritatis-ea-officiis-voluptatem','Incidunt quas ut et est laudantium minus voluptate non porro aut quae ut eius enim unde debitis ab voluptas labore harum dolor non excepturi nihil sit molestias quia aliquid sunt et dolores quidem voluptatem saepe.','<p>Sed labore numquam at ut beatae eligendi. Quisquam sint ipsam quo eius illum. Rerum possimus eligendi amet qui adipisci.</p><p>Qui est nemo quos expedita molestias. Eos voluptates sint vel animi dolorum. Minus qui est consequatur et iure autem a saepe. Et quia aperiam veritatis ea repellendus vel odit. Facere aut saepe dolor sunt.</p><p>Repudiandae hic eum dolor enim qui cupiditate explicabo veritatis. Vitae est quidem voluptas atque est est ab. Provident dolores facere saepe in assumenda velit. Vero inventore libero repudiandae praesentium praesentium enim nihil.</p><p>Explicabo non ut tenetur deserunt repellat similique. Adipisci dolore ipsa aut voluptates eum maxime nam. Dignissimos ut pariatur velit molestiae.</p><p>Voluptatum aut enim aut harum quia voluptas aut. Accusamus nulla fugit repudiandae rerum qui. Asperiores alias sapiente adipisci quia ab. Dicta iste distinctio eos et non eaque deserunt.</p>',NULL,NULL,NULL,NULL,NULL,NULL,0,'2021-02-25 11:07:58','2021-02-25 11:07:58'),(92,47,'ru','Sit iusto vitae perspiciatis laborum voluptas ea odio ad amet.','sit-iusto-vitae-perspiciatis-laborum-voluptas-ea-odio-ad-amet','Sunt nihil maiores voluptas delectus quos eveniet porro ipsum illo eum omnis quasi minus adipisci enim perferendis vel nobis voluptates in quisquam provident mollitia dolorum ut qui explicabo voluptatibus debitis et velit accusantium qui in.','<p>Reiciendis sit esse ut facilis est non. Quisquam aut minima magni voluptas. Rerum magnam sunt quis consequuntur maiores quo eaque. Non itaque qui eos non est.</p><p>Placeat beatae saepe officiis quasi omnis quo rerum alias. Dignissimos quis quo illum ea magni sequi laborum ipsum. Ut explicabo quibusdam quos a id velit sint.</p><p>Provident voluptatum voluptatibus consequatur sed qui. Ut quisquam molestias quam impedit nihil possimus in. Quos quos quam aut nulla nihil.</p><p>Tempora ipsa recusandae adipisci rem sed ut. Officiis et inventore et quo vel. Rerum non est modi dignissimos. Sit blanditiis et et aut veniam voluptatibus labore.</p><p>Et impedit nam velit sint quia. Et cumque eum sint et eos repellat. Hic quo odio commodi.</p>',NULL,NULL,NULL,NULL,NULL,NULL,0,'2021-02-25 11:07:58','2021-02-25 11:07:58'),(93,47,'ua','Enim animi quibusdam similique rem voluptate dignissimos optio a et.','enim-animi-quibusdam-similique-rem-voluptate-dignissimos-optio-a-et','Tenetur recusandae voluptates incidunt voluptas exercitationem expedita id provident modi aperiam nihil ad repudiandae rerum perspiciatis et repellendus placeat incidunt aut blanditiis molestiae aut delectus animi nulla maiores qui qui nihil nemo provident sit fugiat mollitia aut qui sapiente deleniti voluptatibus inventore iure explicabo iste molestiae minima qui delectus qui dolorum ut voluptas ut animi debitis quibusdam perferendis facere velit quo voluptatem nihil occaecati dolorum pariatur eveniet similique facilis.','<p>Aut perferendis rerum in sapiente distinctio fugiat. Cumque placeat eos quas neque ut aspernatur quidem ullam. Nostrum voluptate quo quos. Sed aliquam ut et et eos molestias.</p><p>Tempore dignissimos illum ipsa ea. Accusamus odio sunt sunt accusantium. Et quidem possimus sunt est et.</p><p>Eaque consectetur eveniet et vitae nihil. Maiores aliquid minima provident officiis ad. Earum ea dolorum qui esse ullam quae. Omnis consequatur sunt est ullam.</p><p>Vel quasi quisquam blanditiis unde. Numquam vel velit et minima libero. Commodi omnis natus ab harum reiciendis quam excepturi consequatur. Sint velit consequatur inventore dignissimos cupiditate minus facere quia.</p><p>Quis sed officiis exercitationem et in ut non. Maxime officia aperiam est repellat. Aperiam et beatae quia porro. Atque et veritatis sapiente nisi et.</p>',NULL,NULL,NULL,NULL,NULL,NULL,0,'2021-02-25 11:07:58','2021-02-25 11:07:58'),(94,48,'ru','Repellat necessitatibus voluptatibus quam error id consectetur minus qui et.','repellat-necessitatibus-voluptatibus-quam-error-id-consectetur-minus-qui-et','Aliquam possimus ex voluptas est necessitatibus illo rerum explicabo et vel est eos adipisci consequatur dolore voluptates aut corporis ullam quod omnis rem cum ab nobis quo quia quo quia inventore error voluptatibus omnis possimus quis veritatis dolores dignissimos sed provident vel quos nihil corporis sed.','<p>Dolorem molestias nihil quis aut ducimus. Ut nobis non blanditiis fugiat tempore sed rerum. Animi dolor est deserunt voluptas.</p><p>Et veritatis vel in autem laborum dignissimos. Enim qui voluptatibus nisi enim beatae vero. Aut labore id voluptatum distinctio. Ea sit rerum nihil fugit deserunt nisi. Quibusdam velit officiis qui fugiat.</p><p>Iure perferendis sequi rem sequi ut. Voluptatum sed culpa iusto vel repudiandae nemo error quasi. Est pariatur quidem magni sint sequi quia et in.</p><p>Aliquid aut ipsa sequi recusandae a unde porro harum. Doloribus qui aspernatur accusantium debitis occaecati exercitationem. Iste similique reprehenderit deleniti omnis fugiat velit dolores.</p><p>Iusto animi veritatis sint et quia. Non sint assumenda necessitatibus ducimus suscipit a incidunt. Quo voluptatem ut minima. Quam eligendi iure et.</p>',NULL,NULL,NULL,NULL,NULL,NULL,0,'2021-02-25 11:07:59','2021-02-25 11:07:59'),(95,48,'ua','Nulla amet aut aut magni rerum ratione nihil id ut.','nulla-amet-aut-aut-magni-rerum-ratione-nihil-id-ut','Aut voluptas fugit velit et repellendus exercitationem quae temporibus similique culpa et accusantium rem nam amet facere porro commodi totam enim commodi eum maiores natus eligendi dolor sed placeat exercitationem eligendi voluptatum labore aut quia et aut placeat sit et consequatur officia est saepe minus iusto et minima dolores et dolorum repudiandae asperiores repellat porro cum accusamus blanditiis et eum sint et.','<p>Neque molestias eius nobis ab accusantium non illum. Fuga ut rerum velit et voluptates sit. Non laboriosam tempore temporibus.</p><p>Perspiciatis et sit adipisci minima minus. Iure eveniet architecto numquam iusto quis dolorem. Non iste in vitae qui ut eaque quis. Est tempore aperiam modi sit.</p><p>Aut consequatur dolore maiores et harum aut odit. Eos consequatur excepturi officiis voluptatem quis inventore. Vero provident ut nobis autem.</p><p>A voluptatem ex nobis natus ipsa voluptatibus tenetur. Aut magnam repellat qui placeat. Laboriosam quo possimus molestiae.</p><p>Rem sapiente quia quae laborum. Quae est culpa ducimus nostrum consequatur autem. Dolore reiciendis beatae quas mollitia distinctio minima qui laudantium.</p>',NULL,NULL,NULL,NULL,NULL,NULL,0,'2021-02-25 11:07:59','2021-02-25 11:07:59'),(96,49,'ru','Nihil atque incidunt sit aut aut in.','nihil-atque-incidunt-sit-aut-aut-in','Asperiores vero iste ea omnis labore sed nesciunt eum est ex aut quasi reprehenderit dolor laborum aut commodi eum quas natus rerum cumque eos distinctio cupiditate architecto reiciendis corrupti et nam laudantium ea voluptates voluptates quia.','<p>Veniam voluptatem libero omnis ipsa quia nostrum recusandae. Iusto adipisci officiis adipisci. Quae aut quibusdam quos laudantium et. Expedita occaecati iure cum voluptas eius alias autem.</p><p>Corrupti et quas maxime ipsa molestias voluptatem. Blanditiis qui laboriosam quo et. Et et recusandae odit numquam dolorem sit nostrum.</p><p>Autem necessitatibus necessitatibus qui quos. Vero veritatis nemo quaerat quia id illo. Tempore aut aliquid itaque sequi. Laboriosam nostrum nam sequi distinctio.</p><p>Doloribus sint a rerum qui sed non officia modi. Amet modi et et est tempore. Pariatur accusantium non temporibus itaque neque voluptatibus rerum quam.</p><p>Omnis iusto praesentium in dicta. Laudantium et perspiciatis perspiciatis neque repellendus consequuntur exercitationem. Eos repudiandae rerum ullam omnis. Aut vitae ea in ab accusantium aperiam ea.</p>',NULL,NULL,NULL,NULL,NULL,NULL,0,'2021-02-25 11:07:59','2021-02-25 11:07:59'),(97,49,'ua','Aut animi voluptas voluptatem quisquam illum earum cum exercitationem id dolorum est.','aut-animi-voluptas-voluptatem-quisquam-illum-earum-cum-exercitationem-id-dolorum-est','Rerum ipsa nemo odit tenetur ipsum est magnam ut rerum accusantium odit nobis reiciendis numquam animi dolorem aut eveniet at omnis eos minima omnis et similique delectus architecto dolore eveniet sequi molestiae a similique numquam rem.','<p>Hic ipsum non sint. Illo necessitatibus ad laboriosam laudantium vel non ut et. Saepe est porro et ut et. Perferendis quis et expedita modi explicabo veritatis.</p><p>Modi earum dolore provident eum. Nostrum nostrum harum animi veniam et iusto adipisci. Eveniet velit consequatur molestias dolorem aut totam magni.</p><p>Quibusdam nesciunt sed sed et quis. Totam provident ratione molestiae possimus aut at itaque. Similique dolore laboriosam necessitatibus adipisci quia harum. Corrupti rerum consequuntur vel vitae voluptas.</p><p>Ratione et ab sed mollitia magni. Labore libero possimus ipsa qui incidunt omnis voluptas. Facilis error reiciendis enim qui explicabo magni possimus accusamus. Est laboriosam adipisci ex aspernatur illo et aut.</p><p>Et quas nam velit quos ratione recusandae. Repudiandae animi facere accusantium corporis. Et non dolor esse minus asperiores cum ut et. Voluptatem nostrum possimus blanditiis consequatur quo deleniti et.</p>',NULL,NULL,NULL,NULL,NULL,NULL,1,'2021-02-25 11:07:59','2021-02-25 11:07:59'),(98,50,'ru','Nesciunt odit et et et aliquid natus magni ea eligendi et cumque.','nesciunt-odit-et-et-et-aliquid-natus-magni-ea-eligendi-et-cumque','Voluptas excepturi commodi qui perspiciatis vero vitae suscipit sint doloribus odit et repudiandae dolor nesciunt beatae voluptatum unde fugit perferendis consequuntur maxime similique debitis velit dolorem voluptatem aperiam ut aut quis illo enim ut ducimus sed beatae sint sit.','<p>Quo ut adipisci ducimus cumque. Asperiores ut rerum voluptas vel impedit.</p><p>Et dignissimos quia ea aut minus. Ut molestiae aliquid ex ab. Adipisci ullam quo voluptas aliquid corporis ut et.</p><p>Ab dolores unde rem voluptates eos officia. Aut sint nam ea corrupti quia accusantium in sint. Ut amet asperiores recusandae. Quibusdam nisi corrupti eligendi provident fuga similique dolore.</p><p>A veritatis aut sit perferendis. Rerum qui explicabo nam totam molestiae. Nobis ab porro nulla a magnam iure non. Quia at et aperiam rerum est nesciunt.</p><p>Accusantium eveniet molestiae harum magni enim eligendi quia. Ad deserunt ipsam aliquam. Esse fugit autem in dicta sint eaque. Facilis voluptate repellendus eius odio.</p>',NULL,NULL,NULL,NULL,NULL,NULL,1,'2021-02-25 11:07:59','2021-02-25 11:07:59'),(99,50,'ua','Culpa officia voluptas qui culpa doloribus aut impedit et ex.','culpa-officia-voluptas-qui-culpa-doloribus-aut-impedit-et-ex','Occaecati commodi architecto non dicta voluptatem aut quia doloribus veniam hic inventore laboriosam aperiam ut odit ratione quasi voluptate aliquid aut omnis repudiandae ad voluptate corporis delectus et tenetur unde sed voluptate iure dolorum autem eligendi aut accusamus voluptatem adipisci beatae modi voluptatem maiores repellendus pariatur cum repudiandae impedit optio voluptas aperiam in placeat accusamus aspernatur porro est nesciunt libero molestiae et sit.','<p>Voluptate molestiae culpa recusandae blanditiis quod qui dolore. Voluptate aliquam aut sunt. Eveniet laborum est et adipisci.</p><p>Illum explicabo illo sint sit dolores nam. A ut ab laboriosam sed sed. Ut eos sint id sint similique suscipit perferendis excepturi. Impedit architecto provident voluptatem aut odit possimus. Vel rem voluptas et odio architecto similique corrupti expedita.</p><p>Dicta tempore ab nesciunt animi consequuntur. Aliquam voluptate consequatur tempora ad eveniet qui. Dolor nulla autem corporis suscipit autem voluptates consequatur impedit. Reiciendis a laborum at est odio quisquam excepturi.</p><p>Aut ex minus aut quam doloremque qui enim eos. Dolorum fugit eos similique deleniti ea. Voluptatibus sint eum aut est nisi eum.</p><p>Facere id aut quam dolores cupiditate. Reprehenderit quam incidunt nam modi corporis cupiditate voluptatibus. Corrupti hic odio consectetur voluptatem dolorem. Ut quasi aut accusamus ratione et at adipisci.</p>',NULL,NULL,NULL,NULL,NULL,NULL,1,'2021-02-25 11:07:59','2021-02-25 11:07:59'),(100,51,'ru','Ut magni odit inventore corrupti adipisci reprehenderit.','ut-magni-odit-inventore-corrupti-adipisci-reprehenderit','Officia harum et quasi quae qui et temporibus cumque saepe qui occaecati accusamus deserunt eius sit sed accusantium perspiciatis quo rerum quas culpa impedit fugiat laboriosam praesentium id quia modi sed quos deleniti asperiores eos deleniti tempora voluptatum quam delectus magnam magnam consequuntur eum ratione et quod quia ut qui aut.','<p>Reprehenderit molestiae dolorem sit reprehenderit. Non veritatis quia in ad. Ut eligendi id error. Excepturi sequi iste est vel.</p><p>Quis sed aut et praesentium voluptatem. Rerum eos rem iste dignissimos. Necessitatibus voluptatibus veniam exercitationem.</p><p>Tempore explicabo tenetur accusantium debitis quasi est repellendus. Quia fuga asperiores omnis. Molestias soluta consequatur libero et repellendus consequuntur nostrum. Aliquid quo reiciendis ut at.</p><p>Velit odit necessitatibus optio hic aut. Quisquam laudantium totam adipisci quis tenetur. Velit neque quis voluptatem tempora alias fugiat omnis.</p><p>Rerum aut et dolor est ducimus voluptas. Veniam et modi libero quaerat. Deleniti eligendi laboriosam voluptatum nesciunt voluptatem voluptatibus. Aliquam ipsam cum impedit excepturi quas et.</p>',NULL,NULL,NULL,NULL,NULL,NULL,0,'2021-02-25 11:07:59','2021-02-25 11:07:59'),(101,51,'ua','Suscipit aperiam quis quia recusandae molestiae ipsum quis sed ex.','suscipit-aperiam-quis-quia-recusandae-molestiae-ipsum-quis-sed-ex','Cumque reprehenderit debitis voluptas voluptas rerum ut totam architecto voluptatem sapiente aut officia expedita quibusdam voluptatibus voluptas expedita tempore ex ea et non explicabo quasi a odit consequuntur tempora nemo sequi inventore eaque.','<p>Et aspernatur pariatur est. Facere autem dicta sed quo. Facere nulla voluptatum vero placeat. Corrupti explicabo qui repudiandae placeat.</p><p>Cumque autem quis voluptatem possimus. Et qui aut enim reiciendis iure qui. Fuga et hic eos sequi enim rerum doloribus. Non et eius officiis.</p><p>Porro recusandae est repellat in. Ducimus et a quod dolor. Voluptas numquam voluptatum itaque ex quis. Atque ducimus dignissimos sit.</p><p>Sit quaerat et et officiis. Mollitia quod est aut sint eaque quia. Consequatur id voluptate nobis quod aut dolores autem.</p><p>Aut aut voluptates exercitationem est ea. Culpa odit delectus quia necessitatibus nisi eos ut. Repudiandae quae reiciendis excepturi. Nihil est omnis iure et.</p>',NULL,NULL,NULL,NULL,NULL,NULL,0,'2021-02-25 11:07:59','2021-02-25 11:07:59'),(102,52,'ru','Nulla esse eligendi facere aspernatur numquam quaerat debitis.','nulla-esse-eligendi-facere-aspernatur-numquam-quaerat-debitis','Aut officia eos temporibus est neque maxime dolor qui placeat mollitia quia possimus omnis dolores iste amet aut molestiae at aut aut alias maxime architecto quaerat sunt dignissimos amet est dolores magni quia temporibus voluptatem qui excepturi impedit fugit.','<p>Aut et quia id. Vel dolorem exercitationem natus voluptas quo sapiente deleniti. Esse sed est praesentium possimus mollitia omnis. Eveniet rerum cum consequatur itaque eius necessitatibus.</p><p>Dolor et voluptas ea soluta tempora. Laborum eos adipisci occaecati itaque voluptatum autem. Voluptatibus debitis et consectetur sint. Totam perferendis officia minima voluptatem tempora nesciunt corrupti. Earum at minus est laboriosam.</p><p>Placeat qui earum reprehenderit facere. Sit voluptatibus numquam repudiandae voluptatibus et rerum deleniti animi. Dolorem officiis asperiores ad eveniet.</p><p>Rerum fuga quos sint eveniet ut minima eaque. Tempore voluptatem asperiores tenetur molestias voluptatem rerum nam. Ipsa aut quasi tempora quasi dolorem et autem. Quia maxime ut dolor explicabo illo.</p><p>Illum similique saepe illo cum. Vel aliquid et et fugit natus id. Pariatur asperiores officiis iure sed saepe. Et dolorum dolor et.</p>',NULL,NULL,NULL,NULL,NULL,NULL,0,'2021-02-25 11:07:59','2021-02-25 11:07:59'),(103,52,'ua','Animi et et quaerat laborum accusantium inventore.','animi-et-et-quaerat-laborum-accusantium-inventore','Qui accusantium et autem quos ipsum dolorum consequatur eum ab et sit culpa assumenda unde praesentium aut placeat ratione numquam dolor omnis omnis asperiores quibusdam corporis quas expedita fugit corporis quas ducimus quo qui a quibusdam laborum et molestiae hic natus reiciendis sit optio nihil architecto veniam autem soluta rerum dolor consequatur odit quos aut nam asperiores cupiditate hic porro rerum voluptatum.','<p>Quia ut nulla nisi molestiae. Nihil veniam expedita culpa iste enim. Ut quas non a quibusdam. Rerum aut perspiciatis sed explicabo harum saepe ut.</p><p>Atque quis aut est animi vero illo rerum. Ut maiores eligendi odit. Et dolor pariatur exercitationem sit amet velit.</p><p>Repudiandae rerum in perferendis commodi eum assumenda. Magnam ducimus neque quisquam. Blanditiis et consequatur commodi voluptatem.</p><p>Est enim mollitia omnis natus libero ut voluptatem. Dolorum dolor nobis consequuntur aut facere qui natus. Iste eveniet culpa id et laborum ut officiis. Quo sunt rerum quis est natus suscipit.</p><p>Maiores natus distinctio aspernatur qui iure odit. Laboriosam provident voluptate occaecati qui ut. Ipsa corporis accusantium ut nemo.</p>',NULL,NULL,NULL,NULL,NULL,NULL,1,'2021-02-25 11:07:59','2021-02-25 11:07:59'),(104,53,'ru','Id iusto cupiditate ut aliquam accusantium possimus voluptate et dicta voluptatibus labore.','id-iusto-cupiditate-ut-aliquam-accusantium-possimus-voluptate-et-dicta-voluptatibus-labore','Perspiciatis architecto eius odio enim id dignissimos odit consequatur deserunt nam mollitia maxime doloribus expedita beatae quidem eos quia a odio est temporibus nemo culpa saepe sed eum sed qui deleniti earum aut veritatis voluptas iure cum earum qui ratione qui ut dolorum.','<p>Ut minus laboriosam doloremque provident qui et earum. Dolore autem eum corrupti dolores amet voluptatem labore perferendis. Minima dolor non doloribus consectetur est ipsa enim. Rerum quaerat sequi nostrum natus delectus qui nam.</p><p>Eveniet eius libero eos porro non. Distinctio et alias ea placeat voluptatum numquam sit. Et dolorem debitis et dicta officia officia qui. Laboriosam est facilis quia numquam cum tempore ipsam.</p><p>Magni ex eveniet perspiciatis a ut nesciunt. Fuga est et quod voluptas corporis eum dicta. Ut optio tempore cumque et.</p><p>Et unde harum repellendus quidem perferendis est aut. Est deserunt dolorem a rerum voluptatem omnis. Autem debitis earum incidunt illum cupiditate enim ad.</p><p>Maxime veritatis aliquid quam est et est iste. Iste eveniet aut autem numquam accusantium unde. Aspernatur et quo ducimus mollitia. Eos nesciunt accusantium soluta placeat repellendus.</p>',NULL,NULL,NULL,NULL,NULL,NULL,0,'2021-02-25 11:07:59','2021-02-25 11:07:59'),(105,53,'ua','Reiciendis magnam accusamus placeat mollitia repudiandae omnis sed quis molestias in libero dicta illo.','reiciendis-magnam-accusamus-placeat-mollitia-repudiandae-omnis-sed-quis-molestias-in-libero-dicta-illo','Autem rerum maxime similique dolorem expedita quos eius enim amet sit facilis vitae dolorum maxime aut aut omnis tenetur fugiat sequi error eaque et aut corporis animi molestias ut earum sequi tenetur porro eligendi veniam non sequi laudantium dolor a in dolorem in perferendis iure exercitationem nobis quaerat occaecati magni tempore nisi nihil quis est sint eveniet expedita voluptatem dolores consectetur in.','<p>Neque blanditiis iste beatae qui ut voluptas. Totam dolorem quo et sint. Ut sunt repudiandae et labore et reprehenderit.</p><p>Eos consequuntur voluptas voluptatibus magni quaerat dolores laudantium. Aut iusto velit dolorum ut tempore. Architecto eius asperiores aut quisquam rerum.</p><p>Necessitatibus provident quibusdam eligendi quo. Sapiente aliquam voluptatum officia qui iste dignissimos modi. Exercitationem tempora quaerat et voluptas sunt sed quo. Praesentium aut quos voluptas beatae et aut aut earum.</p><p>Inventore rem consequatur aut quidem ut omnis. Qui tenetur velit veritatis unde.</p><p>Cupiditate itaque pariatur quisquam at. Dolores quibusdam sint ut. Sapiente earum quo totam fuga quibusdam explicabo illum.</p>',NULL,NULL,NULL,NULL,NULL,NULL,0,'2021-02-25 11:07:59','2021-02-25 11:07:59'),(106,54,'ru','Vitae vero eligendi explicabo eos modi ut repellendus omnis molestias et quia consequatur molestiae perspiciatis.','vitae-vero-eligendi-explicabo-eos-modi-ut-repellendus-omnis-molestias-et-quia-consequatur-molestiae-perspiciatis','Quo aperiam sunt velit delectus similique et veniam voluptas esse dolorum veritatis necessitatibus eveniet repellendus et cum autem dolorum illo repudiandae ea ex aperiam nostrum hic incidunt nobis id vitae nihil consequatur enim rem et eveniet non rem deserunt dicta porro et nihil distinctio ratione reprehenderit placeat voluptate sit eum fugit fuga excepturi ut id deleniti voluptatibus consequatur placeat consequatur aut et cumque.','<p>Est vel ullam ea non temporibus et quos suscipit. Modi omnis dolor voluptate laborum. Quia delectus sequi dolore voluptatibus facere. Sed officia et rerum beatae odit eligendi enim.</p><p>Architecto est et et dicta. Repellendus vel dolor aliquam minus odit. Autem inventore excepturi voluptas magni voluptate accusantium voluptas. Commodi animi iure cumque qui enim repudiandae.</p><p>Blanditiis inventore quia temporibus. Omnis autem eveniet est eum dolorem adipisci. Sed vero voluptatibus dolorem quisquam consequatur et.</p><p>Voluptatem magni quia id omnis. Velit molestiae qui consectetur veritatis rerum ducimus aut possimus. Aut qui ut praesentium nisi odit. Quisquam aliquam quo cumque placeat voluptas qui id debitis. Fuga quia voluptatem quibusdam minima aspernatur tempora.</p><p>Dolor beatae ut expedita nesciunt dolorem accusantium. Placeat temporibus veritatis quo vel et. Eius praesentium dolores praesentium ratione hic. Ipsum et nostrum nihil repellendus dolorem tempora.</p>',NULL,NULL,NULL,NULL,NULL,NULL,1,'2021-02-25 11:07:59','2021-02-25 11:07:59'),(107,54,'ua','Dolorem incidunt et dolor optio qui similique.','dolorem-incidunt-et-dolor-optio-qui-similique','Blanditiis ducimus voluptatem repudiandae et est iste quisquam facilis id non necessitatibus repudiandae nisi accusantium ipsum delectus eum a dolor sunt enim omnis et quo molestias nihil fuga ipsum incidunt cum omnis nisi ut repellendus atque quia minus repellat reprehenderit eos possimus corporis.','<p>Quibusdam consequatur consequatur maiores sed perferendis unde. Voluptas modi nisi qui in blanditiis libero non. Nulla autem voluptatem sit earum voluptas. Qui aut sit voluptatem qui commodi eius.</p><p>Optio dolore nulla incidunt voluptate placeat ipsum necessitatibus error. Voluptatem laboriosam laudantium officia provident et neque. Inventore nihil ipsum excepturi quisquam corrupti commodi.</p><p>Consequatur nihil totam dolorem ipsam quisquam voluptatem. Velit explicabo enim esse culpa provident. Ex tenetur qui sunt aut molestiae repellat rem.</p><p>Nesciunt odit quasi temporibus. Accusantium optio praesentium voluptatem accusantium corrupti. Error dolore voluptatem iusto quibusdam ut molestias porro. Sapiente et et quidem iure quia odit ut.</p><p>Nemo non eligendi atque. Est quas non placeat expedita rerum. Quidem et ut voluptates quos tenetur sit possimus.</p>',NULL,NULL,NULL,NULL,NULL,NULL,0,'2021-02-25 11:07:59','2021-02-25 11:07:59'),(108,55,'ru','A eum temporibus occaecati tenetur excepturi omnis dolore odio velit.','a-eum-temporibus-occaecati-tenetur-excepturi-omnis-dolore-odio-velit','Tenetur sed nostrum laboriosam iste in voluptate et eaque consequatur harum voluptates quos repellat nemo asperiores officiis rerum fugit cupiditate atque a dolorum deleniti autem odio fugiat voluptas magnam aliquid cum aut qui eos quia minus et est et a non commodi aut ea praesentium voluptas in beatae optio non possimus recusandae illo.','<p>Quam eos dicta natus non incidunt impedit. Sit ut aperiam facere eveniet ab. Similique sit animi vitae dolor rerum quisquam. Necessitatibus tempora omnis laboriosam et eveniet quo cum.</p><p>Sunt dolore et repellat accusantium minus. Consectetur rem qui officia dignissimos. Aut doloribus quas et debitis vitae deserunt.</p><p>Perferendis sequi quibusdam ducimus nihil consequatur ullam ad neque. Explicabo omnis mollitia totam quo vero sed sed. Veritatis qui adipisci quia porro ut. Cum ut impedit tempore asperiores quia id.</p><p>Rerum harum nobis vel. Voluptatum et accusantium repellendus perferendis.</p><p>Inventore aut aperiam quibusdam et et rerum ut. Corporis in molestias sit. Non vel facere omnis.</p>',NULL,NULL,NULL,NULL,NULL,NULL,0,'2021-02-25 11:08:00','2021-02-25 11:08:00'),(109,55,'ua','Rerum saepe excepturi enim quidem amet minima.','rerum-saepe-excepturi-enim-quidem-amet-minima','Voluptates tenetur minima earum omnis distinctio quas doloremque rerum eum deleniti et inventore deserunt voluptate quod ut sunt et molestias et omnis suscipit a perferendis et minima possimus quasi quidem sunt aut vitae rem esse saepe voluptas voluptatem amet enim molestiae qui blanditiis ut qui velit omnis placeat porro commodi provident iure explicabo et alias et eos aut iste.','<p>Officia voluptates at eos atque eligendi velit. Eaque quibusdam quos omnis officiis rerum. Mollitia et dolorem earum cupiditate beatae.</p><p>Enim facere beatae placeat at delectus. Expedita et dolorum est autem soluta. Expedita rerum adipisci culpa fuga deserunt neque esse in. Sit exercitationem nobis dolor non id quod.</p><p>Quisquam nobis culpa illo sunt. Numquam aut qui non nulla ut. Ut ducimus ea eos magnam praesentium aut eos consequuntur.</p><p>Ratione placeat est eos aspernatur fugiat quia. Omnis dolorem non vero error dolores veritatis. Repellendus et reprehenderit et et fugit voluptatem occaecati nihil. Eum reiciendis dolorem non ad quaerat.</p><p>Reiciendis dignissimos enim natus sint tempore distinctio veniam. Nam architecto nihil facilis eos quia. Ad natus qui facilis asperiores ab qui. Cumque et iure dolorum itaque. Incidunt fuga voluptas vel saepe dolorem.</p>',NULL,NULL,NULL,NULL,NULL,NULL,1,'2021-02-25 11:08:00','2021-02-25 11:08:00'),(110,56,'ru','Corporis voluptate cumque voluptas a nostrum et fugit.','corporis-voluptate-cumque-voluptas-a-nostrum-et-fugit','Ad ipsum qui aut omnis et autem commodi culpa voluptas voluptas quos laudantium corrupti ut ut qui ut harum rerum illum quia et ipsum et blanditiis dolor aut laudantium error at consequatur vitae iste autem rerum quis voluptatem nulla doloremque quia optio.','<p>Et asperiores natus consequatur ut rerum ut impedit. Magnam illo possimus eveniet iure eaque nostrum. Itaque deleniti sapiente similique rem in nisi itaque.</p><p>Cum quidem dolores aut ducimus rerum. Aliquam fuga ex ut quo. Culpa dolorum consequuntur in non.</p><p>Aliquam et repudiandae dolorem dolore. In autem eaque facere. Ut ipsum velit dolor enim aut.</p><p>Officiis et non voluptatem corrupti. Ut quaerat laboriosam qui. Aut doloremque optio eum excepturi nihil eos provident.</p><p>Sit non occaecati nesciunt expedita. Quae quam quisquam eos et blanditiis consequatur. Ducimus quas rerum ab excepturi iure. Sunt dolore deserunt dolor similique facilis ea qui.</p>',NULL,NULL,NULL,NULL,NULL,NULL,1,'2021-02-25 11:08:00','2021-02-25 11:08:00'),(111,56,'ua','Deleniti non autem illum ut et eaque provident sed qui et repudiandae occaecati.','deleniti-non-autem-illum-ut-et-eaque-provident-sed-qui-et-repudiandae-occaecati','Natus modi adipisci quis velit aperiam perferendis iste dolorem vel similique temporibus eos nobis rerum non iste quis eius in dolorem sequi numquam sint cum dicta voluptas assumenda eos accusamus in qui ut sunt iste quos modi omnis enim id eum animi doloribus explicabo iure laboriosam inventore veniam illo voluptatem eos est adipisci exercitationem non et ut error et accusamus aut commodi.','<p>Fugit recusandae nostrum expedita. Amet et amet velit. Est maxime unde recusandae dolorem cumque. Temporibus sed error voluptatem et quis numquam magnam autem.</p><p>Reprehenderit occaecati ad harum. Non sequi dicta ipsum voluptas quod et. Nam ut accusamus quisquam rerum.</p><p>Culpa debitis est delectus libero et. Repudiandae aut quisquam pariatur debitis. In autem voluptatem numquam.</p><p>Aut recusandae sed aut quod quaerat modi. Cum dolor modi eaque eaque sed et voluptate. Voluptatem at qui nihil animi voluptate officia architecto.</p><p>Placeat mollitia reprehenderit omnis enim. Facilis saepe ullam est atque molestias ullam. Maxime vel omnis impedit consectetur dolores.</p>',NULL,NULL,NULL,NULL,NULL,NULL,1,'2021-02-25 11:08:00','2021-02-25 11:08:00'),(112,57,'ru','Praesentium nisi aperiam voluptatem neque dolor soluta velit quisquam eum vitae veritatis dolorum possimus.','praesentium-nisi-aperiam-voluptatem-neque-dolor-soluta-velit-quisquam-eum-vitae-veritatis-dolorum-possimus','Necessitatibus magnam molestiae sed voluptas facilis qui ea reprehenderit eos dicta ipsa voluptas eius occaecati porro ut in inventore reprehenderit dolor dignissimos perferendis occaecati corporis dolorem facere perspiciatis unde pariatur cumque quaerat ad molestias consectetur nemo dignissimos quod assumenda quaerat distinctio praesentium quos saepe sunt aspernatur numquam inventore est rerum et at reprehenderit odit exercitationem sit voluptates aut voluptatem autem autem molestias tempore.','<p>Ea fuga ipsa facere voluptatum dolorem dolor incidunt. Et impedit ea aperiam nulla et temporibus nihil sequi. Corporis dignissimos aliquid eos et consequatur minima minima. Et unde magni qui at.</p><p>Hic corporis velit vero sunt. Rerum quasi ipsam facere iure id. Et animi ut alias dolore.</p><p>Fugit voluptatem est itaque debitis. Beatae aut architecto quam nemo explicabo. Eveniet laudantium eaque ut tempora.</p><p>Voluptas ab est et nesciunt. Veritatis ut consequatur corrupti quia. Doloribus provident architecto quis omnis dolorem voluptate. Qui autem labore voluptas aut maxime non tempora.</p><p>Natus aut odio dignissimos quo. Sapiente voluptates nobis vitae cupiditate nihil. Optio ratione quia ex pariatur quam. Eos ipsum architecto voluptas ut ut et ratione.</p>',NULL,NULL,NULL,NULL,NULL,NULL,1,'2021-02-25 11:08:00','2021-02-25 11:08:00'),(113,57,'ua','Sint alias aut quo aut qui distinctio debitis aut excepturi officiis sapiente dignissimos commodi.','sint-alias-aut-quo-aut-qui-distinctio-debitis-aut-excepturi-officiis-sapiente-dignissimos-commodi','Eos nihil tempore architecto fuga necessitatibus in ea fuga quia qui expedita reprehenderit vel aspernatur nesciunt nostrum cum ut dolor rerum dolorem enim dignissimos dolore amet quos quia rerum repudiandae impedit quo deleniti quia expedita quisquam aut asperiores aut dolorem sed esse voluptatem nihil velit et esse mollitia est maxime corporis libero et quisquam hic.','<p>Facilis tenetur sit reprehenderit molestiae. Atque dolore laudantium laborum et nulla qui sunt. Quidem distinctio voluptas temporibus deleniti dolore accusamus ut dolores. Nulla laudantium enim eligendi est laudantium.</p><p>Atque voluptatibus at sequi aspernatur in autem exercitationem sit. Dolorem dolorem officia laborum consequatur hic repellendus ut et. Sit quos aut nihil minus quis quo. Est aut natus ab quibusdam omnis consequatur adipisci.</p><p>Velit soluta tenetur ut perspiciatis autem ut expedita corrupti. Ea id et sunt sed reiciendis. Officia aut ab incidunt amet.</p><p>Amet culpa quo ipsa quia. Consectetur ut velit aut. Minus necessitatibus illo repellat molestiae et. Nesciunt dolorem asperiores ut distinctio magni aut dolor. Quo quidem sit cumque voluptatum facere facere incidunt quas.</p><p>Sit repudiandae ea similique eligendi sunt quam provident. Tempora occaecati voluptatem voluptas iure aliquam et temporibus excepturi. Aspernatur et porro ut et.</p>',NULL,NULL,NULL,NULL,NULL,NULL,0,'2021-02-25 11:08:00','2021-02-25 11:08:00'),(114,58,'ru','Maiores esse dolorem reprehenderit quos non velit ut quasi odit.','maiores-esse-dolorem-reprehenderit-quos-non-velit-ut-quasi-odit','Aut esse unde voluptas tempora explicabo id rem beatae et illo dolore ullam vero aut culpa id repellendus ut voluptates facilis at quibusdam fugiat atque est est voluptatem dolorum quaerat quidem velit sit maxime explicabo similique excepturi sunt id minima velit nihil eligendi qui nobis et consequuntur assumenda laboriosam soluta voluptatem perferendis in sequi est.','<p>Sequi omnis rerum eum. Omnis omnis suscipit suscipit accusantium in numquam. Itaque ratione dolorum ea eaque accusamus quia nihil. Quo ad amet natus consequuntur.</p><p>Enim similique voluptatem consequatur ut. Aut facilis est optio ipsa perspiciatis qui enim. Ex dolor tempore voluptatem voluptate voluptatibus vel cumque.</p><p>Laboriosam sapiente et architecto nostrum eligendi atque accusamus. Dolore cum a fuga nulla similique quas vel. Dignissimos provident unde error ut voluptatibus possimus soluta. Aut qui dicta ut quis id.</p><p>Occaecati quia maxime voluptatem amet dolorem sed. Sit id voluptatem recusandae consequuntur aut accusamus. Accusamus accusamus quis ut consequuntur sapiente.</p><p>Quibusdam sunt qui voluptate tempore voluptatem fugit sit ad. Natus impedit dolore omnis.</p>',NULL,NULL,NULL,NULL,NULL,NULL,1,'2021-02-25 11:08:00','2021-02-25 11:08:00'),(115,58,'ua','Officiis iusto ut debitis cupiditate deserunt aperiam exercitationem fuga est ipsam.','officiis-iusto-ut-debitis-cupiditate-deserunt-aperiam-exercitationem-fuga-est-ipsam','Quia sunt fugit ex natus sed ea ut rerum dicta occaecati illum aut non sapiente vel ipsam in doloremque labore laudantium saepe praesentium impedit voluptate ratione eaque ullam aut voluptas ad totam et quisquam provident quia accusantium et aut possimus voluptate asperiores placeat eum quia rerum eius iusto et quia molestiae.','<p>Dolore maxime adipisci eius. Voluptatem ab excepturi id culpa vel est accusantium. Corporis velit ut aspernatur earum suscipit rerum cumque. Error qui qui consequatur deserunt provident minima est.</p><p>Magni non expedita qui asperiores. Saepe et qui ea cupiditate delectus sit. Est alias quis et. Tempora corrupti nisi aut perspiciatis est consequatur.</p><p>Facere consequatur veritatis natus omnis totam itaque. Vel unde vel voluptas ut omnis et non. Nulla facilis enim explicabo dolores illum ut. Explicabo enim quasi et omnis architecto qui.</p><p>Beatae qui eaque quia nisi culpa aut. Nemo minus ut debitis tempora minima molestiae. Tempora iusto iure porro qui corrupti.</p><p>Eos suscipit doloremque harum quibusdam quo. Earum nostrum ut sint provident. Itaque nobis consequatur qui et. Modi ut occaecati beatae cupiditate voluptas pariatur.</p>',NULL,NULL,NULL,NULL,NULL,NULL,1,'2021-02-25 11:08:00','2021-02-25 11:08:00'),(116,59,'ru','Accusantium asperiores quisquam atque veniam omnis sit dolorem illo adipisci expedita non at est.','accusantium-asperiores-quisquam-atque-veniam-omnis-sit-dolorem-illo-adipisci-expedita-non-at-est','Nostrum delectus odit facilis molestiae distinctio sed commodi aut alias vitae repudiandae aut in animi animi quis ea repellendus voluptas repellat magnam quam accusamus impedit eum a non nisi ea architecto vel in minima sit quia quae nam molestiae facere officiis aut officiis facere ipsum et ex et tenetur rem nemo rerum eos fugiat voluptatem eaque qui recusandae ut.','<p>Et aperiam dolore quis rerum occaecati architecto. Quae quae veritatis eveniet optio ut illo. Odio omnis fugit sapiente consequatur voluptas ab.</p><p>Nihil enim voluptatem enim pariatur. Sed consectetur repellendus quo ex. Sapiente eius aut eius veniam vero ad.</p><p>Voluptate et dolorum et. Autem quia quis autem saepe omnis. Sunt repellendus hic possimus similique ipsam quia perferendis.</p><p>Et in molestias nihil sint. Assumenda cupiditate sed nisi consectetur dolorem. Molestiae beatae cum adipisci doloribus. Eos sit corrupti laboriosam culpa.</p><p>Omnis expedita et nulla consequatur. Optio cum eos velit quos eum unde. Eius consectetur velit consequatur ut saepe consectetur ab.</p>',NULL,NULL,NULL,NULL,NULL,NULL,1,'2021-02-25 11:08:00','2021-02-25 11:08:00'),(117,59,'ua','Qui dolorem qui quam et velit rerum eum sequi occaecati error perspiciatis est.','qui-dolorem-qui-quam-et-velit-rerum-eum-sequi-occaecati-error-perspiciatis-est','Officia qui rerum aliquam et eaque laborum voluptas sed voluptate officiis aut rerum non illum quam saepe quaerat sit autem facere ducimus suscipit porro pariatur est ipsum sint praesentium dolor nostrum harum blanditiis eius voluptatibus quo non non aspernatur eos dignissimos magnam qui eligendi magnam assumenda error.','<p>Adipisci et atque illo animi sint. Delectus repudiandae aut ea dolore saepe eius. Aut accusamus animi vitae maiores sunt doloribus.</p><p>Qui dolores tenetur facilis minus qui omnis. Consectetur quae non sint et molestias eveniet praesentium cumque. Occaecati dolores ut quasi pariatur aperiam reprehenderit suscipit. Dolor quaerat a sapiente velit.</p><p>Aliquam esse sit hic. Voluptatum quis molestiae nobis consequatur perferendis. Rerum voluptas ducimus culpa.</p><p>Odio et eaque autem non rem sit recusandae. Minus repellat veniam qui. Voluptate aut aut blanditiis exercitationem ipsam qui. Autem sequi repellendus alias odio voluptate impedit neque. Voluptatibus sint temporibus consequatur est eaque iure.</p><p>Voluptatibus autem nam magni adipisci eos fuga. Dicta quasi culpa incidunt dolor sed fugiat. Fugiat iste eum omnis eum voluptas blanditiis tempore. Natus vitae possimus enim ad.</p>',NULL,NULL,NULL,NULL,NULL,NULL,0,'2021-02-25 11:08:00','2021-02-25 11:08:00'),(118,60,'ru','Dolores sed ratione nisi quo et voluptatem omnis sunt placeat delectus.','dolores-sed-ratione-nisi-quo-et-voluptatem-omnis-sunt-placeat-delectus','Numquam voluptas aut voluptatem necessitatibus enim neque quisquam cumque esse hic nihil dolorem veniam delectus et voluptatem ratione aut quam veritatis maxime cupiditate mollitia sequi porro ea minus officia eos labore delectus non sit magnam eum quis voluptatem.','<p>Soluta quod asperiores qui molestias deserunt recusandae. Quos non neque autem. Sunt exercitationem exercitationem veritatis amet.</p><p>Quibusdam vero eum id quisquam esse. Maxime id alias aliquid aut rem. Earum eos rerum rerum ut consequuntur rerum cumque. Explicabo vel et enim dolorem.</p><p>Amet maiores dolorum recusandae eos et. Suscipit at dolore eaque. Beatae itaque est et voluptatem sed non cumque atque.</p><p>Minus facilis consequatur voluptas dicta ab aut debitis. Et quisquam sint error dolor alias rerum et. Perferendis fuga maiores odit necessitatibus est.</p><p>Dolor qui esse et deleniti. Sunt similique libero dolorem.</p>',NULL,NULL,NULL,NULL,NULL,NULL,0,'2021-02-25 11:08:00','2021-02-25 11:08:00'),(119,60,'ua','Sit quia exercitationem maiores commodi nam autem exercitationem est ipsum vitae.','sit-quia-exercitationem-maiores-commodi-nam-autem-exercitationem-est-ipsum-vitae','Aliquam odit est quia harum ipsum sint dolorem distinctio magni incidunt dolorem facere eveniet quidem fugit aut beatae animi ut et est temporibus temporibus et qui aut tenetur nostrum animi quam architecto veritatis iste et accusantium et sequi omnis tenetur qui ut sint deleniti perferendis esse.','<p>Molestias veritatis nostrum quia odit et non dolore. Voluptatem earum alias cumque expedita neque qui. Sed at hic incidunt expedita. A accusantium facere qui rerum. Hic iste illo quae quia.</p><p>Rerum harum est sit voluptas est. Eaque dignissimos repudiandae maxime iusto reprehenderit dolorem doloremque voluptas. Ut quidem repellat iste.</p><p>Vel tenetur alias autem repellat illo magni. Suscipit quia quia accusantium corporis velit fuga. Voluptates dolor harum voluptas pariatur eos laboriosam nisi. Maiores aliquid porro eum a. Sed occaecati dicta aliquid amet.</p><p>Qui temporibus sint molestiae et sed. Maxime earum debitis quam maxime quia aliquam non. Iusto qui voluptatem et natus omnis asperiores ut.</p><p>Aut illo veritatis qui. Ipsa dolorem quia illo pariatur. Illo nam et a qui neque. Dolores vel vero eum. Eveniet molestiae hic voluptates qui commodi maxime in.</p>',NULL,NULL,NULL,NULL,NULL,NULL,0,'2021-02-25 11:08:00','2021-02-25 11:08:00'),(120,61,'ru','Ut id voluptatem aut aut quaerat commodi voluptatem amet.','ut-id-voluptatem-aut-aut-quaerat-commodi-voluptatem-amet','Et eos in minima perspiciatis quod qui numquam blanditiis omnis officia labore dolorem enim occaecati natus ut et quia qui corrupti sint nemo expedita enim aut cumque modi fugit consequuntur rem ea illum sunt et temporibus quo et magnam quia repellat quasi hic occaecati quia.','<p>Eveniet et maxime doloribus veritatis et impedit vitae. Sit maxime veniam quod id nulla eum dolor. Odio aut cupiditate aut quia. Ut dicta quibusdam omnis et.</p><p>Eveniet consequuntur quia dignissimos dolores. Ut dolorem eveniet vel. Eos sunt eum iure cumque eaque.</p><p>Natus non aut cum consequatur quidem provident. Incidunt ut est sit accusantium. Odio omnis rerum eveniet impedit. Ut ut quod eos et voluptatem rem voluptatem.</p><p>Magni et delectus quibusdam sed. Optio nulla distinctio dicta voluptate et provident neque ea. Soluta dolorum ipsa sunt blanditiis voluptates repellat cum. Perferendis dolore sed ut rerum quos itaque consectetur.</p><p>Facilis non ab error quam aut esse. Neque voluptatem quod eos magni perspiciatis ut. Sunt et quisquam non consequatur quae dolorem. Tenetur aut blanditiis dolores dolor.</p>',NULL,NULL,NULL,NULL,NULL,NULL,1,'2021-02-25 11:08:01','2021-02-25 11:08:01'),(121,61,'ua','Delectus quia illo quod in omnis sit necessitatibus est beatae labore exercitationem possimus non.','delectus-quia-illo-quod-in-omnis-sit-necessitatibus-est-beatae-labore-exercitationem-possimus-non','Impedit asperiores voluptatem cum aut iusto itaque est et quidem voluptatem temporibus molestiae qui velit aperiam nihil perspiciatis qui omnis ad modi ut reiciendis recusandae totam facilis doloribus quas non doloribus deleniti sint sed deleniti nulla quas vero nesciunt quia eveniet repellat quis et officiis velit laborum expedita id soluta quas expedita velit dignissimos sed in accusantium.','<p>Dolore dolor quo harum dolor nihil harum ad. Quas voluptatem sequi porro nobis. Voluptates quod ullam itaque perspiciatis numquam velit perferendis. Occaecati est qui quia hic vel facilis.</p><p>Illum optio dolorum a sequi architecto. At et voluptates explicabo omnis laudantium libero voluptatibus. Magnam quia illum et provident.</p><p>Id quia laborum incidunt nesciunt animi. Aliquid placeat amet omnis fugiat velit eveniet. Et nemo nisi autem. Aut ut illo consequatur provident omnis nam.</p><p>Rem accusamus impedit fugiat velit aliquam dolores quia. Quod saepe vero dignissimos sit eveniet sed sed cum. Nihil quia unde voluptatem nisi porro dolorem esse totam. Hic corrupti repellat ullam doloribus reprehenderit.</p><p>Aut dolor voluptatem quibusdam reiciendis sed et ut. Commodi ad ut beatae quia fuga. Libero aperiam minus voluptatem illo libero in tempore voluptatibus.</p>',NULL,NULL,NULL,NULL,NULL,NULL,1,'2021-02-25 11:08:01','2021-02-25 11:08:01'),(122,62,'ru','Soluta sint odit est enim sunt odit occaecati at nihil minus.','soluta-sint-odit-est-enim-sunt-odit-occaecati-at-nihil-minus','Exercitationem tempora id quam cupiditate deleniti rem eos quam enim eos velit voluptas et atque velit ea aut ut optio sunt delectus consequatur iure culpa ab libero ut architecto dolorem totam hic modi sed quod ipsa animi expedita aliquid sit sint suscipit alias a voluptatem alias sit similique et molestiae laboriosam aspernatur.','<p>Odio ratione consequatur omnis repudiandae non. Suscipit optio aspernatur eos velit. Quidem et incidunt ratione consectetur doloribus. Architecto praesentium rerum dolorem quibusdam reprehenderit non atque.</p><p>Id dolorum distinctio quaerat quia. Velit voluptatem ut et quia ut nulla. Iste voluptas repellendus eos qui laudantium dignissimos ea. Asperiores non dicta voluptatem quos commodi. Rerum alias quo quia assumenda.</p><p>Aliquid enim quisquam occaecati unde. Dolore totam fugiat quo in reprehenderit. Vel earum non adipisci. Quo quo aut eos in.</p><p>Tempora a sint quia quo. Sed fuga et dolore nam numquam ea fugit. Omnis sed nesciunt vel.</p><p>Aut laborum asperiores occaecati porro non recusandae. Recusandae iure ut aliquam minus rerum. Beatae omnis recusandae hic veritatis deserunt odit tempora. Sapiente vitae eos quos voluptatem tenetur repellat dolor.</p>',NULL,NULL,NULL,NULL,NULL,NULL,1,'2021-02-25 11:08:01','2021-02-25 11:08:01'),(123,62,'ua','Laborum ea nesciunt omnis iure et eaque quaerat.','laborum-ea-nesciunt-omnis-iure-et-eaque-quaerat','Voluptates ipsam aut eius quidem sint inventore odit soluta est incidunt ex ut amet nesciunt adipisci at illum id voluptates hic reprehenderit corrupti aut nostrum consequatur numquam quos omnis ratione fuga ut quia quis quibusdam quisquam eum nesciunt provident facere ut ducimus animi a voluptatem ut voluptas et voluptatum fuga repudiandae aut atque in reprehenderit earum debitis vero.','<p>Molestiae rerum sunt sit libero id quos est qui. Harum qui eum nisi iure.</p><p>Odit incidunt id fugit laboriosam id architecto qui. Aut quia ut consectetur perferendis est aliquam. In inventore eveniet consequuntur quia et incidunt ducimus. Rerum suscipit architecto expedita.</p><p>Deserunt voluptatem itaque incidunt laborum nulla id. Tempora ipsum doloremque iusto nemo laboriosam error iste. Maiores qui quia eos et est voluptas eligendi officia.</p><p>Laboriosam perspiciatis odio repellendus dolores eaque. Aut est nulla a. Voluptatum similique facilis beatae incidunt.</p><p>Voluptatem qui ut illo corporis. Voluptatem atque consequatur quia corporis pariatur autem. Velit nihil officia quod occaecati laudantium laboriosam. Itaque quibusdam et voluptas ex qui.</p>',NULL,NULL,NULL,NULL,NULL,NULL,1,'2021-02-25 11:08:01','2021-02-25 11:08:01'),(124,63,'ru','Assumenda consequatur repellat dignissimos omnis quia sapiente.','assumenda-consequatur-repellat-dignissimos-omnis-quia-sapiente','Quidem distinctio maiores qui autem expedita inventore magnam corporis architecto sit delectus et eligendi ab dolorum eligendi quia in earum perferendis minima modi voluptatibus quo nobis excepturi porro adipisci nobis autem voluptatem veniam dolores dolorem corrupti exercitationem cum consequuntur aut rerum dolores unde sapiente et soluta eos id facere dolores nobis aperiam odio laboriosam.','<p>Iure dolore blanditiis incidunt sapiente nesciunt dolor qui. Nostrum assumenda expedita explicabo quod qui. Fugiat doloremque sint quo aspernatur qui laborum corporis. Consectetur ut quae aut tempora iste similique aut. Sunt voluptatem est perferendis eum officiis id dolorum.</p><p>Reprehenderit eos dolorum illum id. Illum reiciendis qui labore. Dicta nam consequuntur facere quibusdam.</p><p>Repudiandae ut corporis sunt sit et soluta. Ea voluptate adipisci ea asperiores. Ex deleniti accusamus sunt magni ea assumenda nisi cupiditate.</p><p>Quia alias ex consequatur id. Facilis dolorum alias quae expedita enim nesciunt. Ipsum doloribus nulla sunt impedit.</p><p>Repellat non labore eveniet assumenda iste voluptatum alias enim. Iste non quis dignissimos. Aliquid voluptatem et consequuntur reiciendis at occaecati.</p>',NULL,NULL,NULL,NULL,NULL,NULL,1,'2021-02-25 11:08:01','2021-02-25 11:08:01'),(125,63,'ua','Et et vero temporibus numquam quia distinctio ipsam.','et-et-vero-temporibus-numquam-quia-distinctio-ipsam','Ipsa libero debitis in cumque sit repellat iure optio officia modi et sit laboriosam dolor repellat labore aliquam itaque eos exercitationem dolor est dolorem labore culpa quasi aliquam ut aut et unde eum fugit veniam voluptate tenetur maiores explicabo quibusdam veniam similique voluptatem adipisci autem odit delectus quaerat excepturi recusandae quia et.','<p>Voluptate sunt odio et aperiam. Esse odit molestiae saepe ad qui qui. A eligendi rem rem est ut eos. Sequi atque facere dolorem consequatur commodi aut nihil.</p><p>Recusandae consequatur hic ut eum omnis. Eum dolores aut natus voluptatem et aut assumenda. Vel sunt rerum eius perspiciatis.</p><p>Excepturi ut ut cupiditate qui. Sit quia qui est eum consequatur iusto nostrum. Esse molestias quia velit a sit.</p><p>Voluptas enim et vel laudantium dolor omnis aut. Sit est itaque ea est ipsam animi officiis. Odio velit et quisquam et. Omnis amet est repellat ipsam sapiente modi.</p><p>Beatae harum nemo harum totam deleniti atque. Repellendus voluptate odit libero a veritatis. Quam ullam vel officia qui doloribus.</p>',NULL,NULL,NULL,NULL,NULL,NULL,1,'2021-02-25 11:08:01','2021-02-25 11:08:01'),(126,64,'ru','Expedita omnis sed ad vitae temporibus voluptatum molestiae odio autem occaecati omnis.','expedita-omnis-sed-ad-vitae-temporibus-voluptatum-molestiae-odio-autem-occaecati-omnis','Provident blanditiis consequuntur sequi veritatis et id facilis illum facilis commodi similique dolores aliquid aut est sapiente minima autem expedita quod quam aut deserunt cumque tempora non aut harum sunt esse quam est commodi ratione ullam voluptatibus aut et sint eveniet expedita laudantium iusto voluptatem rem officia eaque commodi est qui et eos consequatur iste doloribus est.','<p>Cupiditate provident voluptatem sint et. Dolores dolore rem fugit maiores ad similique laudantium nulla. Facere corporis ex tempore aut sunt et. Quam sequi ducimus repellat.</p><p>Placeat non quibusdam reiciendis voluptates sunt. Illo aut voluptatem totam quia. Asperiores non recusandae pariatur nihil beatae dolorem et soluta.</p><p>Ullam alias et quia maiores. Maxime incidunt quam iure hic et minima repudiandae. Ducimus dolore consequuntur deserunt quaerat illo veniam unde dolorum. Exercitationem et et eum facere in debitis.</p><p>Et totam ullam cumque tenetur. Odit perferendis quo dolores et ut et ea ducimus. Quae cum accusamus molestiae et quos quia. Iure quibusdam animi sed accusantium doloribus.</p><p>Non et corporis totam qui ut. Unde nulla commodi est qui magnam et quos. Ea rerum iure necessitatibus corporis voluptatem aperiam consequuntur. Corporis quo autem ipsum eaque dolorem eum iusto.</p>',NULL,NULL,NULL,NULL,NULL,NULL,1,'2021-02-25 11:08:01','2021-02-25 11:08:01'),(127,64,'ua','Accusantium culpa laudantium sit et consectetur et ut.','accusantium-culpa-laudantium-sit-et-consectetur-et-ut','Eos sed nobis voluptatem corrupti adipisci est exercitationem modi velit fugit iure temporibus voluptas aliquid iusto quibusdam voluptatem nihil placeat necessitatibus ipsam dignissimos nisi laboriosam cumque dignissimos in fugiat suscipit dolore neque enim similique recusandae sit quis qui voluptatibus sint earum.','<p>Ducimus et nobis culpa voluptatem nisi quasi dignissimos. Sequi accusamus corrupti non recusandae unde quis. Non sit enim qui quia consectetur.</p><p>Qui non omnis consequatur voluptas illo voluptatem. Quam qui excepturi voluptatem. Ipsa natus nisi quaerat consequatur modi perferendis. Et modi facilis fugit eius consequatur.</p><p>Dolor et distinctio similique debitis. Necessitatibus dicta dolorem odio ut fuga. Non provident ut quidem sint consequatur. Inventore ipsam exercitationem facere id quaerat.</p><p>Provident doloremque voluptate aut doloremque maiores. Quo autem eveniet cupiditate temporibus et id quo. Velit doloremque possimus minima quia.</p><p>Aut quod consequatur consequatur nostrum eaque atque odio. Vero aut enim eveniet id dignissimos est.</p>',NULL,NULL,NULL,NULL,NULL,NULL,0,'2021-02-25 11:08:01','2021-02-25 11:08:01'),(128,65,'ru','Incidunt autem aliquam nam qui et et possimus qui dolorum minima enim.','incidunt-autem-aliquam-nam-qui-et-et-possimus-qui-dolorum-minima-enim','Ut quo esse similique voluptatem facilis laboriosam maiores alias cupiditate est repellat quae eius odio dolor odio blanditiis quod maiores voluptatem ratione dicta doloribus eum et omnis consectetur quasi consequatur in minima similique voluptas nihil dicta ex necessitatibus non corporis ea maxime et et et incidunt vero sit repudiandae in eum quo dolores et consequatur doloribus blanditiis autem nostrum a quidem pariatur officiis rem consectetur saepe.','<p>Totam aut est atque maxime non voluptatem. Doloribus corrupti voluptate voluptas.</p><p>Dolore est officia quo eius temporibus laboriosam vel. Aut maxime incidunt ratione atque omnis. Hic aut laboriosam et quia.</p><p>Perferendis velit ut eum fugit id. Eos assumenda sunt ad sunt non. Expedita facere distinctio exercitationem debitis.</p><p>Et quia et eligendi quaerat. Ut aut repellendus blanditiis laboriosam placeat numquam amet voluptatum. Possimus beatae iste atque et. Qui nihil in eveniet enim. Ab optio enim totam ullam culpa.</p><p>Voluptas ut possimus soluta quod esse. Consequatur consequatur in qui quam consequatur aut reiciendis. Molestias quos sint alias tenetur soluta.</p>',NULL,NULL,NULL,NULL,NULL,NULL,1,'2021-02-25 11:08:01','2021-02-25 11:08:01'),(129,65,'ua','Laboriosam et repellat nihil modi recusandae qui iste dolor unde facilis et.','laboriosam-et-repellat-nihil-modi-recusandae-qui-iste-dolor-unde-facilis-et','Ut nesciunt labore itaque vel eum maiores aut aut quod consequuntur omnis dolorem saepe repudiandae corporis eveniet repudiandae quis ullam eum laudantium laboriosam perspiciatis numquam commodi eos labore excepturi ipsam id est voluptatibus qui est sunt amet eligendi omnis magnam provident architecto placeat voluptatem ipsum distinctio non nisi magni ea facilis facilis sint consequatur aliquam unde ducimus quae voluptas omnis ullam ipsam id distinctio repellendus asperiores fugit molestiae.','<p>Delectus ut quaerat aut dolor qui tenetur quidem sint. Optio eos error aut est officia placeat. Ipsa voluptate est exercitationem dicta doloribus provident autem.</p><p>Nisi sunt dolorem consequatur beatae corrupti. Enim amet qui reprehenderit tempore. Eveniet impedit ullam quia eligendi impedit eos quibusdam.</p><p>Fugiat eum sed soluta et reiciendis aspernatur soluta est. Ea et et id aperiam distinctio. Sit quo aperiam qui cumque porro rerum. Labore ducimus et et porro optio officiis.</p><p>Autem velit ad beatae et excepturi. Aperiam iure a ut molestias. Vel numquam nihil architecto.</p><p>Nihil sequi odit expedita nam ex. Consectetur et quas earum repellendus velit temporibus. Culpa corrupti iure itaque nostrum eos reiciendis porro ratione.</p>',NULL,NULL,NULL,NULL,NULL,NULL,0,'2021-02-25 11:08:01','2021-02-25 11:08:01'),(130,66,'ru','Consequatur ab qui quis deleniti alias eius.','consequatur-ab-qui-quis-deleniti-alias-eius','Sit omnis ut at numquam ratione quis ut et ipsum deserunt molestiae quo quia incidunt debitis modi amet quam iure fugit voluptatem dolor hic quasi optio qui est tempora voluptas nulla molestiae a sit exercitationem sed et dolor quia sit ab ipsa necessitatibus omnis eos qui eum.','<p>Perferendis sequi voluptate sint quia consequuntur aut. Vel natus et possimus tenetur. Qui explicabo veniam sapiente pariatur blanditiis assumenda consequatur et.</p><p>Ad rerum molestias dolor modi aut. Aut molestiae quis repellendus nam. Velit facere et quod et.</p><p>Autem odio velit qui. Sequi assumenda quos autem excepturi cumque vitae. Maxime quam itaque quis inventore sit.</p><p>Quia distinctio quis cum velit odit mollitia voluptatem. Facilis iste possimus facilis molestias.</p><p>Voluptas deleniti nihil illum assumenda ut. Ad id et voluptatum perspiciatis. Magnam tempora velit expedita aut. Voluptatem dignissimos quo magnam voluptatem est porro.</p>',NULL,NULL,NULL,NULL,NULL,NULL,0,'2021-02-25 11:08:01','2021-02-25 11:08:01'),(131,66,'ua','Laboriosam aut aliquid et labore amet ab praesentium laudantium quia eum dolor eum.','laboriosam-aut-aliquid-et-labore-amet-ab-praesentium-laudantium-quia-eum-dolor-eum','Totam eligendi sequi omnis blanditiis dignissimos quas laudantium quos fugit dolore totam quos eligendi velit in mollitia nostrum laudantium nisi ullam porro dolor quo doloribus animi harum aliquam vel consequuntur dolor maxime et veniam ea facere modi a ratione facere voluptatem provident dignissimos dolores.','<p>Harum fuga voluptas et excepturi aut. Nulla deleniti vitae voluptatibus praesentium error facere illum. Cumque distinctio modi sit maxime.</p><p>Voluptas est dolores eaque magni maxime dolorem ut. Et quis cumque aspernatur voluptatem qui est odit. Sint deleniti expedita laudantium iusto.</p><p>Est reiciendis suscipit quo. Cupiditate in iusto harum sed. Repellendus facilis officiis cupiditate ut autem distinctio corporis.</p><p>Numquam eum magnam tenetur reprehenderit perferendis dolores. Corporis ut repellat nam eos id aut facilis. Itaque nostrum repudiandae odio debitis.</p><p>Reprehenderit ipsam enim quos doloribus. Quos quo pariatur voluptates suscipit recusandae asperiores. Similique asperiores cupiditate assumenda error. Dicta atque ut ipsa libero. Inventore dignissimos dignissimos nemo facilis veniam dolores.</p>',NULL,NULL,NULL,NULL,NULL,NULL,0,'2021-02-25 11:08:01','2021-02-25 11:08:01'),(132,2,'ua','Каталог','catalog',NULL,'<p>Так само рамки і місце навчання кадрів тягне за собою процес впровадження і модернізації нових пропозицій. Ідейні міркування вищого порядку, а також подальший розвиток різних форм діяльності відіграє важливу роль у формуванні відповідний умов активізації. Товариші! рамки і місце навчання кадрів відіграє важливу роль у формуванні подальших напрямків розвитку. Таким чином сформована структура організації вимагають від нас аналізу істотних фінансових і адміністративних умов. Завдання організації, особливо ж постійне інформаційно-пропагандистське забезпечення нашої діяльності дозволяє оцінити значення позицій, займаних учасниками щодо поставлених завдань. Товариші! реалізація намічених планових завдань сприяє підготовки і реалізації форм розвитку.</p>\r\n<p>З іншого боку постійний кількісний ріст і сфера нашої активності в значній мірі обумовлює створення відповідний умов активізації. Значимість цих проблем настільки очевидна, що консультація з широким активом забезпечує широкому колу (фахівців) участь у формуванні позицій, займаних учасниками щодо поставлених завдань. Завдання організації, особливо ж рамки і місце навчання кадрів вимагають визначення та уточнення напрямків прогресивного розвитку. Таким чином рамки і місце навчання кадрів вимагають визначення та уточнення системи навчання кадрів, відповідає нагальним потребам. Ідейні міркування вищого порядку, а також консультація з широким активом вимагають визначення та уточнення позицій, займаних учасниками щодо поставлених завдань. Ідейні міркування вищого порядку, а також рамки і місце навчання кадрів являє собою цікавий експеримент перевірки систем масової участі. Повсякденна практика показує, що постійне інформаційно-пропагандистське забезпечення нашої діяльності дозволяє виконувати важливі завдання по розробці позицій, займаних учасниками щодо поставлених завдань. Повсякденна практика показує, що постійне інформаційно-пропагандистське забезпечення нашої діяльності вимагають визначення та уточнення нових пропозицій.</p>\r\n<p>Так само склалася структура організації в значній мірі обумовлює створення систем масового участі. Таким чином подальший розвиток різних форм діяльності вимагають від нас аналізу подальших напрямків розвитку.</p>',NULL,NULL,NULL,NULL,NULL,NULL,1,'2021-02-26 17:17:13','2021-03-01 15:40:13'),(133,67,'ru','О компании','about-company',NULL,'<p>Предприятие ООО &laquo;РосКосметика&raquo; было основано в 2001 году. Являясь ведущим украинским разработчиком и производителем отдушек, наше предприятие отлично осведомлено во всех областях практических знаний, необходимых для создания и продвижения новых продуктов, а также возможностями для обеспечения наших клиентов превосходным сервисом и продукцией наивысшего качества. На сегодняшний день, предприятие производит отдушки для всех областей промышленности: отдушки для косметики, отдушки для бытовой химии, отдушки для критичных pH и отдушки для маскировки запаха изопропилового спирта и т.п.</p>\r\n<p><code>{video}</code></p>\r\n<p style=\"text-align: justify;\">В современном продукте отдушка становится скорее необходимостью, показателем привлекательности и эстетичности продукта, нежели роскошью. Большинство современных потребительских товаров немыслимы без использования отдушки. Как частное предприятие с эффективной корпоративной структурой и новыми производственными технологиями, ООО &laquo;РосКосметика&raquo; представляет своим потребителям продукцию максимально высокого качества. Ведь отличное качество всегда порождает хороший спрос и делает продукт более конкурентоспособным и востребованным на рынке товаров и услуг.</p>\r\n<p>Наша основная цель &mdash; помочь вашим продуктам стать успешными и найти своего потребителя. Команда &laquo;РосКосметика&raquo; отличается профессионализмом и быстротой работы. Динамичность и упорство позволило компании выйти на мировой рынок и в короткие сроки завоевать репутацию честного и надежного партнера. Станьте нашим заказчиком, и вы убедитесь, что ООО &laquo;РосКосметика&raquo; &mdash; именно тот партнер, который вам нужен.</p>\r\n<section class=\"about__section\">\r\n<h2 class=\"about__section-title\">ПРОИЗВОДСТВО</h2>\r\n<p>Благодаря передовой, современной технологии и своевременной эффективной организации, производственный отдел способен выполнить заказ любого характера, как маленький так и большой.</p>\r\n<p>Производственные цеха оборудованы современным технологическим оборудованием и двумя специальными складами, один &mdash; теплый, другой &mdash; холодный, которые позволяют сохранять сырье при нужной температуре, для обеспечения правильного режима хранения.</p>\r\n</section>',NULL,NULL,NULL,NULL,NULL,NULL,1,'2021-03-01 15:57:43','2021-03-11 11:03:14'),(134,67,'ua','Про компанію','about-company',NULL,'<p>Підприємство ТОВ &laquo;РосКосметика&raquo; було засновано в 2001 році. Будучи провідним українським розробником і виробником ароматів, наше підприємство відмінно поінформоване у всіх областях практичних знань, необхідних для створення та просування нових продуктів, а також можливостями для забезпечення наших клієнтів чудовим сервісом і продукцією найвищої якості. На сьогоднішній день, підприємство виробляє аромати для всіх галузей промисловості: аромати для косметики, аромати для побутової хімії, аромати для критичних pH і аромату для маскування запаху ізопропілового спирту і т.п.</p>\r\n<p><code>{video}</code></p>\r\n<p>У сучасному продукті аромат стає швидше необхідністю, показником привабливості та естетичності продукту, ніж розкішшю. Більшість сучасних споживчих товарів немислимі без використання аромату. Як приватне підприємство з ефективною корпоративною структурою і новими виробничими технологіями, ТОВ &laquo;РосКосметика&raquo; представляє своїм споживачам продукцію максимально високої якості. Адже відмінну якість завжди породжує хороший попит і робить продукт більш конкурентоспроможним і затребуваним на ринку товарів і послуг.</p>\r\n<p>Наша основна мета - допомогти вашим продуктам стати успішними і знайти свого споживача. Команда &laquo;РосКосметика&raquo; відрізняється професіоналізмом і швидкістю роботи. Динамічність і завзятість дозволило компанії вийти на світовий ринок і в короткі терміни завоювати репутацію чесного і надійного партнера. Стати нашим замовником, і ви переконаєтеся, що ТОВ &laquo;РосКосметика&raquo; - саме той партнер, який вам потрібен.</p>\r\n<h2>ВИРОБНИЦТВО</h2>\r\n<p>Завдяки передовій, сучасної технології та своєчасної ефективної організації, виробничий відділ здатний виконати замовлення будь-якого характеру, як маленький так і великий.</p>\r\n<p>Виробничі цехи обладнані сучасним технологічним обладнанням і двома спеціальними складами, один - теплий, інший - холодний, які дозволяють зберігати сировину при потрібній температурі, для забезпечення правильного режиму зберігання.</p>',NULL,NULL,NULL,NULL,NULL,NULL,1,'2021-03-01 15:57:43','2021-03-01 18:01:26'),(135,68,'ru','Контакты','contacts',NULL,NULL,NULL,NULL,NULL,NULL,NULL,NULL,1,'2021-03-02 14:03:15','2021-03-04 08:15:57'),(136,68,'ua','Контакти','contacts',NULL,NULL,NULL,NULL,NULL,NULL,NULL,NULL,1,'2021-03-02 14:03:15','2021-03-04 08:15:57'),(137,69,'ru','Сервис','service',NULL,NULL,NULL,NULL,NULL,NULL,NULL,NULL,1,'2021-03-05 11:52:44','2021-03-11 11:08:02'),(138,69,'ua','Сервіс','service',NULL,NULL,NULL,NULL,NULL,NULL,NULL,NULL,1,'2021-03-05 11:52:44','2021-03-05 11:57:07'),(139,70,'ru','Контроль качества','kontrol-kachestva',NULL,NULL,NULL,NULL,NULL,NULL,NULL,NULL,1,'2021-03-05 11:53:25','2021-03-05 11:57:23'),(140,70,'ua','Контроль якості','kontrol-yakosti',NULL,NULL,NULL,NULL,NULL,NULL,NULL,NULL,1,'2021-03-05 11:53:25','2021-03-05 11:57:23'),(141,71,'ru','Иследование и развитие','isledovanie-i-razvitie',NULL,NULL,NULL,NULL,NULL,NULL,NULL,NULL,1,'2021-03-05 11:54:00','2021-03-05 11:57:38'),(142,71,'ua','Дослідження і розвиток','doslidzhennya-i-rozvitok',NULL,NULL,NULL,NULL,NULL,NULL,NULL,NULL,1,'2021-03-05 11:54:00','2021-03-05 11:57:38'),(143,72,'ru','Производство','proizvodstvo',NULL,NULL,NULL,NULL,NULL,NULL,NULL,NULL,1,'2021-03-05 11:54:35','2021-03-05 11:57:53'),(144,72,'ua','Виробництво','virobnictvo',NULL,NULL,NULL,NULL,NULL,NULL,NULL,NULL,1,'2021-03-05 11:54:35','2021-03-05 11:57:53'),(145,73,'ru','Парфюмерный бренд','parfyumerniy-brend',NULL,NULL,NULL,NULL,NULL,NULL,NULL,NULL,1,'2021-03-05 11:55:10','2021-03-05 11:58:09'),(146,73,'ua','Парфумерний бренд','parfumerniy-brend',NULL,NULL,NULL,NULL,NULL,NULL,NULL,NULL,1,'2021-03-05 11:55:10','2021-03-05 11:58:09'),(147,74,'ru','Политика конфиденциальности','politika-konfidencialnosti',NULL,NULL,NULL,NULL,NULL,NULL,NULL,NULL,1,'2021-03-05 11:56:40','2021-03-05 11:58:26'),(148,74,'ua','Політика конфіденційності','politika-konfidenciynosti',NULL,NULL,NULL,NULL,NULL,NULL,NULL,NULL,1,'2021-03-05 11:56:40','2021-03-05 11:58:26'),(382685,38046,'ru','yyutiuoyi','yyutiuoyi',NULL,NULL,NULL,NULL,NULL,NULL,NULL,NULL,0,'2021-03-17 06:28:29','2021-03-17 06:28:29'),(608651,102800,'ru','Автоароматизаторы, Новая коллекция','avtoaromatizatori-novaya-kollekciya','Автоароматизаторы, Новая коллекция',NULL,'Автоароматизаторы, Новая коллекция',NULL,NULL,NULL,NULL,NULL,1,'2021-10-21 13:48:29','2021-10-21 13:48:29'),(608652,102801,'ru','Отдушки для Бытовой химии','otdushki-dlya-bitovoy-himii','Отдушки для Бытовой химии',NULL,'Отдушки для Бытовой химии',NULL,NULL,NULL,NULL,NULL,1,'2021-10-21 13:48:29','2021-10-21 13:48:29'),(608653,102802,'ru','Отдушки для маскировки запахов растворителей','otdushki-dlya-maskirovki-zapahov-rastvoriteley','Отдушки для маскировки запахов растворителей',NULL,'Отдушки для маскировки запахов растворителей',NULL,NULL,NULL,NULL,NULL,1,'2021-10-21 13:48:29','2021-10-21 13:48:29'),(608654,102803,'ru','Отдушки для косметики','otdushki-dlya-kosmetiki','Отдушки для косметики',NULL,'Отдушки для косметики',NULL,NULL,NULL,NULL,NULL,1,'2021-10-21 13:48:29','2021-10-21 13:48:29'),(608655,102804,'ru','Отдушки парфюмерные','otdushki-parfyumernie','Отдушки парфюмерные',NULL,'Отдушки парфюмерные',NULL,NULL,NULL,NULL,NULL,1,'2021-10-21 13:48:29','2021-10-21 13:48:29'),(608656,102805,'ru','Отдушки для туалетного мыла','otdushki-dlya-tualetnogo-mila','Отдушки для туалетного мыла',NULL,'Отдушки для туалетного мыла',NULL,NULL,NULL,NULL,NULL,1,'2021-10-21 13:48:29','2021-10-21 13:48:29'),(608657,102806,'ru','Отдушки для освежителей воздуха','otdushki-dlya-osvezhiteley-vozduha','Отдушки для освежителей воздуха',NULL,'Отдушки для освежителей воздуха',NULL,NULL,NULL,NULL,NULL,1,'2021-10-21 13:48:29','2021-10-21 13:48:29'),(608658,102807,'ru','Специальные продукты для парфюмерии и ароматизаторов','specialnie-produkti-dlya-parfyumerii-i-aromatizatorov','Специальные продукты для парфюмерии и ароматизаторов',NULL,'Специальные продукты для парфюмерии и ароматизаторов',NULL,NULL,NULL,NULL,NULL,1,'2021-10-21 13:48:29','2021-10-21 13:48:29'),(608659,102808,'ru','Тематический прайс пищевих ароматизаторов','tematicheskiy-prays-pishhevih-aromatizatorov','Тематический прайс пищевих ароматизаторов',NULL,'Тематический прайс пищевих ароматизаторов',NULL,NULL,NULL,NULL,NULL,1,'2021-10-21 13:48:29','2021-10-21 13:48:29'),(608660,102809,'ru','9 Отдушки водорастворимые (серия PLI)','9-otdushki-vodorastvorimie-seriya-pli','9 Отдушки водорастворимые (серия PLI)',NULL,'9 Отдушки водорастворимые (серия PLI)',NULL,NULL,NULL,NULL,NULL,1,'2021-10-21 13:48:29','2021-10-21 13:48:29'),(608661,102810,'ru','Отдушки для мыла ручной работы','otdushki-dlya-mila-ruchnoy-raboti','Отдушки для мыла ручной работы',NULL,'Отдушки для мыла ручной работы',NULL,NULL,NULL,NULL,NULL,1,'2021-10-21 13:48:29','2021-10-21 13:48:29'),(608662,102811,'ru','29 Отдушки для дезинфицирующих средств и антисептиков','29-otdushki-dlya-dezinficiruyushhih-sredstv-i-antiseptikov','29 Отдушки для дезинфицирующих средств и антисептиков',NULL,'29 Отдушки для дезинфицирующих средств и антисептиков',NULL,NULL,NULL,NULL,NULL,1,'2021-10-21 13:48:29','2021-10-21 13:48:29'),(608663,102812,'ru','16 Отдушки для свечей (Серия MMH)','16-otdushki-dlya-svechey-seriya-mmh','16 Отдушки для свечей (Серия MMH)',NULL,'16 Отдушки для свечей (Серия MMH)',NULL,NULL,NULL,NULL,NULL,1,'2021-10-21 13:48:29','2021-10-21 13:48:29'),(608664,102813,'ru','35. Отдушки для производства Ладана и Благовоний','35-otdushki-dlya-proizvodstva-ladana-i-blagovoniy','35. Отдушки для производства Ладана и Благовоний',NULL,'35. Отдушки для производства Ладана и Благовоний',NULL,NULL,NULL,NULL,NULL,1,'2021-10-21 13:48:29','2021-10-21 13:48:29'),(608665,102814,'ru','Абсолюты эфирных масел','absolyuti-efirnih-masel','Абсолюты эфирных масел',NULL,'Абсолюты эфирных масел',NULL,NULL,NULL,NULL,NULL,1,'2021-10-21 13:48:29','2021-10-21 13:48:29'),(608666,102815,'ru','Душистые вещества','dushistie-veshhestva','Душистые вещества',NULL,'Душистые вещества',NULL,NULL,NULL,NULL,NULL,1,'2021-10-21 13:48:29','2021-10-21 13:48:29'),(608667,102816,'ru','Общий прайс на жидкие отдушки','obshhiy-prays-na-zhidkie-otdushki','Общий прайс на жидкие отдушки',NULL,'Общий прайс на жидкие отдушки',NULL,NULL,NULL,NULL,NULL,1,'2021-10-21 13:48:29','2021-10-21 13:48:29'),(608668,102817,'gr','','','',NULL,'',NULL,NULL,NULL,NULL,NULL,1,'2021-10-21 13:48:29','2021-10-21 13:48:29'),(608669,102817,'ru','Отдушки серии \"ЭКОНОМ\"','otdushki-serii-ekonom','Отдушки серии \"ЭКОНОМ\"',NULL,'Отдушки серии \"ЭКОНОМ\"',NULL,NULL,NULL,NULL,NULL,1,'2021-10-21 13:48:29','2021-10-21 13:48:29'),(608670,102818,'ru','Общий прайс Пищевых Ароматизаторов','obshhiy-prays-pishhevih-aromatizatorov','Общий прайс Пищевых Ароматизаторов',NULL,'Общий прайс Пищевых Ароматизаторов',NULL,NULL,NULL,NULL,NULL,1,'2021-10-21 13:48:29','2021-10-21 13:48:29'),(608671,102818,'ua','Загальний прайс харчові ароматизатори','zagalniy-prays-harchovi-aromatizatori','Загальний прайс харчові ароматизатори',NULL,'Загальний прайс харчові ароматизатори',NULL,NULL,NULL,NULL,NULL,1,'2021-10-21 13:48:29','2021-10-21 13:48:29'),(608672,102818,'en','Общий прайс Пищевых Ароматизаторов','obshhiy-prays-pishhevih-aromatizatorov','Общий прайс Пищевых Ароматизаторов',NULL,'Общий прайс Пищевых Ароматизаторов',NULL,NULL,NULL,NULL,NULL,1,'2021-10-21 13:48:29','2021-10-21 13:48:29'),(608673,102819,'ru','Общий прайс на порошкообразные ароматизаторы','obshhiy-prays-na-poroshkoobraznie-aromatizatori','Общий прайс на порошкообразные ароматизаторы',NULL,'Общий прайс на порошкообразные ароматизаторы',NULL,NULL,NULL,NULL,NULL,1,'2021-10-21 13:48:29','2021-10-21 13:48:29'),(608674,102820,'ru','10 Отдушки для авто ароматизаторов','10-otdushki-dlya-avto-aromatizatorov','10 Отдушки для авто ароматизаторов',NULL,'10 Отдушки для авто ароматизаторов',NULL,NULL,NULL,NULL,NULL,1,'2021-10-21 13:48:29','2021-10-21 13:48:29'),(608675,102821,'ru','12 Отдушки для автоароматизаторов типа \"Бочонок\" (cерия CAF)','12-otdushki-dlya-avtoaromatizatorov-tipa-bochonok-ceriya-caf','12 Отдушки для автоароматизаторов типа \"Бочонок\" (cерия CAF)',NULL,'12 Отдушки для автоароматизаторов типа \"Бочонок\" (cерия CAF)',NULL,NULL,NULL,NULL,NULL,1,'2021-10-21 13:48:29','2021-10-21 13:48:29'),(608676,102822,'ru','Полимерная гранула для Саше','polimernaya-granula-dlya-sashe','Полимерная гранула для Саше',NULL,'Полимерная гранула для Саше',NULL,NULL,NULL,NULL,NULL,1,'2021-10-21 13:48:29','2021-10-21 13:48:29'),(608677,102823,'ru','30 Отдушки для кислородного отбеливателя','30-otdushki-dlya-kislorodnogo-otbelivatelya','30 Отдушки для кислородного отбеливателя',NULL,'30 Отдушки для кислородного отбеливателя',NULL,NULL,NULL,NULL,NULL,1,'2021-10-21 13:48:29','2021-10-21 13:48:29'),(608678,102824,'ru','Средства для стирки','sredstva-dlya-stirki','Средства для стирки',NULL,'Средства для стирки',NULL,NULL,NULL,NULL,NULL,1,'2021-10-21 13:48:29','2021-10-21 13:48:29'),(608679,102825,'ru','Отдушки для агрессивных сред','otdushki-dlya-agressivnih-sred','Отдушки для агрессивных сред',NULL,'Отдушки для агрессивных сред',NULL,NULL,NULL,NULL,NULL,1,'2021-10-21 13:48:29','2021-10-21 13:48:29'),(608680,102826,'ru','26 Отдушки для средств для мытья полов','26-otdushki-dlya-sredstv-dlya-mitya-polov','26 Отдушки для средств для мытья полов',NULL,'26 Отдушки для средств для мытья полов',NULL,NULL,NULL,NULL,NULL,1,'2021-10-21 13:48:29','2021-10-21 13:48:29'),(608681,102827,'ru','1 Стиральный порошок','1-stiralniy-poroshok','1 Стиральный порошок',NULL,'1 Стиральный порошок',NULL,NULL,NULL,NULL,NULL,1,'2021-10-21 13:48:29','2021-10-21 13:48:29'),(608682,102828,'ru','1.1 Отдушки для стирального порошка. Контратипы известных брендовых ароматов','11-otdushki-dlya-stiralnogo-poroshka-kontratipi-izvestnih-brendovih-aromatov','1.1 Отдушки для стирального порошка. Контратипы известных брендовых ароматов',NULL,'1.1 Отдушки для стирального порошка. Контратипы известных брендовых ароматов',NULL,NULL,NULL,NULL,NULL,1,'2021-10-21 13:48:29','2021-10-21 13:48:29'),(608683,102829,'ru','2  Отдушки для жидких средств для стирки (жидкий стиральный порошок)','2-otdushki-dlya-zhidkih-sredstv-dlya-stirki-zhidkiy-stiralniy-poroshok','2  Отдушки для жидких средств для стирки (жидкий стиральный порошок)',NULL,'2  Отдушки для жидких средств для стирки (жидкий стиральный порошок)',NULL,NULL,NULL,NULL,NULL,1,'2021-10-21 13:48:29','2021-10-21 13:48:29'),(608684,102830,'ru','7 Отдушки для кондиционеров для белья ','7-otdushki-dlya-kondicionerov-dlya-belya','7 Отдушки для кондиционеров для белья ',NULL,'7 Отдушки для кондиционеров для белья ',NULL,NULL,NULL,NULL,NULL,1,'2021-10-21 13:48:29','2021-10-21 13:48:29'),(608685,102831,'ru','3 Отдушки для маскировки запаха изопропилового спирта (От 20% Массовых), Серия PLI','3-otdushki-dlya-maskirovki-zapaha-izopropilovogo-spirta-ot-20-massovih-seriya-pli','3 Отдушки для маскировки запаха изопропилового спирта (От 20% Массовых), Серия PLI',NULL,'3 Отдушки для маскировки запаха изопропилового спирта (От 20% Массовых), Серия PLI',NULL,NULL,NULL,NULL,NULL,1,'2021-10-21 13:48:29','2021-10-21 13:48:29'),(608686,102832,'ru','14 Отдушки для маскировки запаха растворителей Уайт-спирит и прочие (серия БАЗА)','14-otdushki-dlya-maskirovki-zapaha-rastvoriteley-uaytspirit-i-prochie-seriya-baza','14 Отдушки для маскировки запаха растворителей Уайт-спирит и прочие (серия БАЗА)',NULL,'14 Отдушки для маскировки запаха растворителей Уайт-спирит и прочие (серия БАЗА)',NULL,NULL,NULL,NULL,NULL,1,'2021-10-21 13:48:29','2021-10-21 13:48:29'),(608687,102833,'ru','Отдушки для детской косметики','otdushki-dlya-detskoy-kosmetiki','Отдушки для детской косметики',NULL,'Отдушки для детской косметики',NULL,NULL,NULL,NULL,NULL,1,'2021-10-21 13:48:29','2021-10-21 13:48:29'),(608688,102834,'ru','19 Отдушки для зубных паст и ополаскивателей полости рта','19-otdushki-dlya-zubnih-past-i-opolaskivateley-polosti-rta','19 Отдушки для зубных паст и ополаскивателей полости рта',NULL,'19 Отдушки для зубных паст и ополаскивателей полости рта',NULL,NULL,NULL,NULL,NULL,1,'2021-10-21 13:48:29','2021-10-21 13:48:29'),(608689,102835,'ru','Отдушки для шампуней и кондиционеров для волос','otdushki-dlya-shampuney-i-kondicionerov-dlya-volos','Отдушки для шампуней и кондиционеров для волос',NULL,'Отдушки для шампуней и кондиционеров для волос',NULL,NULL,NULL,NULL,NULL,1,'2021-10-21 13:48:29','2021-10-21 13:48:29'),(608690,102835,'ua','Запашки для шампуню та кондиціонерів для волосся','zapashki-dlya-shampunyu-ta-kondicioneriv-dlya-volossya','Запашки для шампуню та кондиціонерів для волосся',NULL,'Запашки для шампуню та кондиціонерів для волосся',NULL,NULL,NULL,NULL,NULL,1,'2021-10-21 13:48:29','2021-10-21 13:48:29'),(608691,102835,'en','Fragrances for shampoos and hair conditioners','fragrances-for-shampoos-and-hair-conditioners','Fragrances for shampoos and hair conditioners',NULL,'Fragrances for shampoos and hair conditioners',NULL,NULL,NULL,NULL,NULL,1,'2021-10-21 13:48:29','2021-10-21 13:48:29'),(608692,102836,'ru','25 Отдушки для гелей для душа','25-otdushki-dlya-geley-dlya-dusha','25 Отдушки для гелей для душа',NULL,'25 Отдушки для гелей для душа',NULL,NULL,NULL,NULL,NULL,1,'2021-10-21 13:48:29','2021-10-21 13:48:29'),(608693,102837,'ru','23 Отдушки в косметические крема','23-otdushki-v-kosmeticheskie-krema','23 Отдушки в косметические крема',NULL,'23 Отдушки в косметические крема',NULL,NULL,NULL,NULL,NULL,1,'2021-10-21 13:48:29','2021-10-21 13:48:29'),(608694,102838,'ru','34 Порошкообразные отдушки на основе талька для косметической пудры  (Версия PDT)','34-poroshkoobraznie-otdushki-na-osnove-talka-dlya-kosmeticheskoy-pudri-versiya-pdt','34 Порошкообразные отдушки на основе талька для косметической пудры  (Версия PDT)',NULL,'34 Порошкообразные отдушки на основе талька для косметической пудры  (Версия PDT)',NULL,NULL,NULL,NULL,NULL,1,'2021-10-21 13:48:29','2021-10-21 13:48:29'),(608695,102839,'ru','27 Отдушки для репеллентов на основе натуральных эфирных масел','27-otdushki-dlya-repellentov-na-osnove-naturalnih-efirnih-masel','27 Отдушки для репеллентов на основе натуральных эфирных масел',NULL,'27 Отдушки для репеллентов на основе натуральных эфирных масел',NULL,NULL,NULL,NULL,NULL,1,'2021-10-21 13:48:29','2021-10-21 13:48:29'),(608696,102840,'ru','8. Парфюмерное направление.Отдушки для одеколонов и туалетных вод','8-parfyumernoe-napravlenieotdushki-dlya-odekolonov-i-tualetnih-vod','8. Парфюмерное направление.Отдушки для одеколонов и туалетных вод',NULL,'8. Парфюмерное направление.Отдушки для одеколонов и туалетных вод',NULL,NULL,NULL,NULL,NULL,1,'2021-10-21 13:48:29','2021-10-21 13:48:29'),(608697,102841,'ru','8.1 Парфюмерное направление. Контратипы известных брендовых ароматов','81-parfyumernoe-napravlenie-kontratipi-izvestnih-brendovih-aromatov','8.1 Парфюмерное направление. Контратипы известных брендовых ароматов',NULL,'8.1 Парфюмерное направление. Контратипы известных брендовых ароматов',NULL,NULL,NULL,NULL,NULL,1,'2021-10-21 13:48:29','2021-10-21 13:48:29'),(608698,102842,'ru','8.2 Парфюмерное направление. Советская винтажная парфюмерия','82-parfyumernoe-napravlenie-sovetskaya-vintazhnaya-parfyumeriya','8.2 Парфюмерное направление. Советская винтажная парфюмерия',NULL,'8.2 Парфюмерное направление. Советская винтажная парфюмерия',NULL,NULL,NULL,NULL,NULL,1,'2021-10-21 13:48:29','2021-10-21 13:48:29'),(608699,102843,'ru','5 Отдушки для щелочной среды','5-otdushki-dlya-shhelochnoy-sredi','5 Отдушки для щелочной среды',NULL,'5 Отдушки для щелочной среды',NULL,NULL,NULL,NULL,NULL,1,'2021-10-21 13:48:29','2021-10-21 13:48:29'),(608700,102844,'ru','6 Отдушки для гипохлорита (серия 10 IPA)','6-otdushki-dlya-gipohlorita-seriya-10-ipa','6 Отдушки для гипохлорита (серия 10 IPA)',NULL,'6 Отдушки для гипохлорита (серия 10 IPA)',NULL,NULL,NULL,NULL,NULL,1,'2021-10-21 13:48:29','2021-10-21 13:48:29'),(608701,102845,'ru','4 Отдушки для кислой среды','4-otdushki-dlya-kisloy-sredi','4 Отдушки для кислой среды',NULL,'4 Отдушки для кислой среды',NULL,NULL,NULL,NULL,NULL,1,'2021-10-21 13:48:29','2021-10-21 13:48:29'),(608702,102846,'ru','20 Отдушки Безаллергенные (гипоаллергенные) отдушки - Серия HPA','20-otdushki-bezallergennie-gipoallergennie-otdushki-seriya-hpa','20 Отдушки Безаллергенные (гипоаллергенные) отдушки - Серия HPA',NULL,'20 Отдушки Безаллергенные (гипоаллергенные) отдушки - Серия HPA',NULL,NULL,NULL,NULL,NULL,1,'2021-10-21 13:48:29','2021-10-21 13:48:29'),(608703,102847,'ru','17 Отдушки для туалетного мыла','17-otdushki-dlya-tualetnogo-mila','17 Отдушки для туалетного мыла',NULL,'17 Отдушки для туалетного мыла',NULL,NULL,NULL,NULL,NULL,1,'2021-10-21 13:48:29','2021-10-21 13:48:29'),(608704,102848,'ru','18 Отдушки для туалетного мыла  класса\"Люкс\"','18-otdushki-dlya-tualetnogo-mila-klassalyuks','18 Отдушки для туалетного мыла  класса\"Люкс\"',NULL,'18 Отдушки для туалетного мыла  класса\"Люкс\"',NULL,NULL,NULL,NULL,NULL,1,'2021-10-21 13:48:29','2021-10-21 13:48:29'),(608705,102849,'ru','11 Отдушки для освежителей воздуха в аэрозольной упаковке, серия MDB','11-otdushki-dlya-osvezhiteley-vozduha-v-aerozolnoy-upakovke-seriya-mdb','11 Отдушки для освежителей воздуха в аэрозольной упаковке, серия MDB',NULL,'11 Отдушки для освежителей воздуха в аэрозольной упаковке, серия MDB',NULL,NULL,NULL,NULL,NULL,1,'2021-10-21 13:48:29','2021-10-21 13:48:29'),(608706,102850,'ru','13 Отдушки для освежителей воздуха на водной основе (тригерные, серия EGD)','13-otdushki-dlya-osvezhiteley-vozduha-na-vodnoy-osnove-trigernie-seriya-egd','13 Отдушки для освежителей воздуха на водной основе (тригерные, серия EGD)',NULL,'13 Отдушки для освежителей воздуха на водной основе (тригерные, серия EGD)',NULL,NULL,NULL,NULL,NULL,1,'2021-10-21 13:48:29','2021-10-21 13:48:29'),(608707,102851,'ru','Кондитерские изделия - мучные изделия','konditerskie-izdeliya-muchnie-izdeliya','Кондитерские изделия - мучные изделия',NULL,'Кондитерские изделия - мучные изделия',NULL,NULL,NULL,NULL,NULL,1,'2021-10-21 13:48:29','2021-10-21 13:48:29'),(608708,102852,'ru','Кондитерские изделия - мармелад','konditerskie-izdeliya-marmelad','Кондитерские изделия - мармелад',NULL,'Кондитерские изделия - мармелад',NULL,NULL,NULL,NULL,NULL,1,'2021-10-21 13:48:29','2021-10-21 13:48:29'),(608709,102853,'ru','Сухие кисели, желе, мусы','suhie-kiseli-zhele-musi','Сухие кисели, желе, мусы',NULL,'Сухие кисели, желе, мусы',NULL,NULL,NULL,NULL,NULL,1,'2021-10-21 13:48:29','2021-10-21 13:48:29'),(608710,102854,'ru','Прочие направления','prochie-napravleniya','Прочие направления',NULL,'Прочие направления',NULL,NULL,NULL,NULL,NULL,1,'2021-10-21 13:48:29','2021-10-21 13:48:29'),(608711,102855,'ru','Майонезы, соусы','mayonezi-sousi','Майонезы, соусы',NULL,'Майонезы, соусы',NULL,NULL,NULL,NULL,NULL,1,'2021-10-21 13:48:29','2021-10-21 13:48:29'),(608712,102856,'ru','Ароматизаторы для рыбных прикормок','aromatizatori-dlya-ribnih-prikormok','Ароматизаторы для рыбных прикормок',NULL,'Ароматизаторы для рыбных прикормок',NULL,NULL,NULL,NULL,NULL,1,'2021-10-21 13:48:29','2021-10-21 13:48:29'),(608713,102857,'ru','Кондитерские изделия - карамель, леденцы','konditerskie-izdeliya-karamel-ledenci','Кондитерские изделия - карамель, леденцы',NULL,'Кондитерские изделия - карамель, леденцы',NULL,NULL,NULL,NULL,NULL,1,'2021-10-21 13:48:29','2021-10-21 13:48:29'),(608714,102858,'ru','Кондитерские изделия - начинки для конфет','konditerskie-izdeliya-nachinki-dlya-konfet','Кондитерские изделия - начинки для конфет',NULL,'Кондитерские изделия - начинки для конфет',NULL,NULL,NULL,NULL,NULL,1,'2021-10-21 13:48:29','2021-10-21 13:48:29'),(608715,102859,'ru','Для безалькоголных напитков','dlya-bezalkogolnih-napitkov','Для безалькоголных напитков',NULL,'Для безалькоголных напитков',NULL,NULL,NULL,NULL,NULL,1,'2021-10-21 13:48:29','2021-10-21 13:48:29'),(608716,102859,'ua','Для безалкогольних напоїв','dlya-bezalkogolnih-napoiv','Для безалкогольних напоїв',NULL,'Для безалкогольних напоїв',NULL,NULL,NULL,NULL,NULL,1,'2021-10-21 13:48:29','2021-10-21 13:48:29'),(608717,102859,'en','For non alcohol beverages','for-non-alcohol-beverages','For non alcohol beverages',NULL,'For non alcohol beverages',NULL,NULL,NULL,NULL,NULL,1,'2021-10-21 13:48:29','2021-10-21 13:48:29'),(608718,102860,'ru','Ароматизаторы сухие','aromatizatori-suhie','Ароматизаторы сухие',NULL,'Ароматизаторы сухие',NULL,NULL,NULL,NULL,NULL,1,'2021-10-21 13:48:29','2021-10-21 13:48:29'),(608719,102861,'ru','Для масла и маргарина','dlya-masla-i-margarina','Для масла и маргарина',NULL,'Для масла и маргарина',NULL,NULL,NULL,NULL,NULL,1,'2021-10-21 13:48:29','2021-10-21 13:48:29'),(608720,102861,'ua','Для масла та  маргарину','dlya-masla-ta-margarinu','Для масла та  маргарину',NULL,'Для масла та  маргарину',NULL,NULL,NULL,NULL,NULL,1,'2021-10-21 13:48:29','2021-10-21 13:48:29'),(608721,102861,'en','For  butter and margarine','for-butter-and-margarine','For  butter and margarine',NULL,'For  butter and margarine',NULL,NULL,NULL,NULL,NULL,1,'2021-10-21 13:48:29','2021-10-21 13:48:29'),(608722,102862,'ru','Для молочных изделий','dlya-molochnih-izdeliy','Для молочных изделий',NULL,'Для молочных изделий',NULL,NULL,NULL,NULL,NULL,1,'2021-10-21 13:48:29','2021-10-21 13:48:29'),(608723,102862,'ua','Для молочних виробів','dlya-molochnih-virobiv','Для молочних виробів',NULL,'Для молочних виробів',NULL,NULL,NULL,NULL,NULL,1,'2021-10-21 13:48:29','2021-10-21 13:48:29'),(608724,102862,'en','For milk','for-milk','For milk',NULL,'For milk',NULL,NULL,NULL,NULL,NULL,1,'2021-10-21 13:48:29','2021-10-21 13:48:29'),(608725,102863,'ru','Для алкогольных напитков','dlya-alkogolnih-napitkov','Для алкогольных напитков',NULL,'Для алкогольных напитков',NULL,NULL,NULL,NULL,NULL,1,'2021-10-21 13:48:29','2021-10-21 13:48:29'),(608726,102863,'ua','Для алкогольних напоїв','dlya-alkogolnih-napoiv','Для алкогольних напоїв',NULL,'Для алкогольних напоїв',NULL,NULL,NULL,NULL,NULL,1,'2021-10-21 13:48:29','2021-10-21 13:48:29'),(608727,102863,'en','For wine ','for-wine','For wine ',NULL,'For wine ',NULL,NULL,NULL,NULL,NULL,1,'2021-10-21 13:48:29','2021-10-21 13:48:29'),(608728,102864,'ru','Energy Super','energy-super-1','','',NULL,NULL,NULL,NULL,NULL,NULL,1,'2021-10-21 13:48:30','2021-10-21 13:48:30'),(608729,102864,'pl','Energy Super','energy-super-1','','',NULL,NULL,NULL,NULL,NULL,NULL,1,'2021-10-21 13:48:30','2021-10-21 13:48:30'),(608730,102864,'en','Energy Super','energy-super-1','','',NULL,NULL,NULL,NULL,NULL,NULL,1,'2021-10-21 13:48:30','2021-10-21 13:48:30'),(608731,102864,'ua','Energy Super','energy-super-1','','',NULL,NULL,NULL,NULL,NULL,NULL,1,'2021-10-21 13:48:30','2021-10-21 13:48:30');
/*!40000 ALTER TABLE `page_translations` ENABLE KEYS */;
UNLOCK TABLES;
DROP TABLE IF EXISTS `pages`;
/*!40101 SET @saved_cs_client     = @@character_set_client */;
/*!40101 SET character_set_client = utf8 */;
CREATE TABLE `pages` (
  `id` bigint(20) unsigned NOT NULL AUTO_INCREMENT,
  `pageable_id` bigint(20) NOT NULL,
  `pageable_type` varchar(255) COLLATE utf8mb4_unicode_ci NOT NULL,
  `method` varchar(255) COLLATE utf8mb4_unicode_ci DEFAULT NULL,
  `controller` varchar(255) COLLATE utf8mb4_unicode_ci DEFAULT NULL,
  `action` varchar(255) COLLATE utf8mb4_unicode_ci DEFAULT NULL,
  `data` longtext CHARACTER SET utf8mb4 COLLATE utf8mb4_bin NOT NULL DEFAULT '',
  `active` tinyint(1) NOT NULL DEFAULT 1,
  `deleted_at` timestamp NULL DEFAULT NULL,
  PRIMARY KEY (`id`),
  KEY `pageable_index_columns` (`pageable_type`,`pageable_id`),
  KEY `page_pageable_type` (`pageable_type`)
) ENGINE=InnoDB AUTO_INCREMENT=102865 DEFAULT CHARSET=utf8mb4 COLLATE=utf8mb4_unicode_ci;
/*!40101 SET character_set_client = @saved_cs_client */;

LOCK TABLES `pages` WRITE;
/*!40000 ALTER TABLE `pages` DISABLE KEYS */;
INSERT INTO `pages` VALUES (1,1,'Modules\\Developer\\Entities\\Template','get','App\\Http\\Controllers\\Web\\MainController','index','',1,NULL),(2,2,'Modules\\Developer\\Entities\\Template','get','App\\Http\\Controllers\\Web\\CatalogController','index','',1,NULL),(3,3,'Modules\\Developer\\Entities\\Template','get','App\\Http\\Controllers\\Web\\ArticleController','index','',1,NULL),(4,1,'Modules\\Article\\Entities\\Article','get','App\\Http\\Controllers\\Web\\ArticleController','view','',1,NULL),(5,2,'Modules\\Article\\Entities\\Article','get','App\\Http\\Controllers\\Web\\ArticleController','view','',1,NULL),(6,4,'Modules\\Article\\Entities\\Article','get','App\\Http\\Controllers\\Web\\ArticleController','view','',1,NULL),(37,38,'Modules\\Article\\Entities\\Article','get','App\\Http\\Controllers\\Web\\ArticleController','view','',1,NULL),(38,39,'Modules\\Article\\Entities\\Article','get','App\\Http\\Controllers\\Web\\ArticleController','view','',1,NULL),(39,40,'Modules\\Article\\Entities\\Article','get','App\\Http\\Controllers\\Web\\ArticleController','view','',1,NULL),(40,41,'Modules\\Article\\Entities\\Article','get','App\\Http\\Controllers\\Web\\ArticleController','view','',1,NULL),(41,42,'Modules\\Article\\Entities\\Article','get','App\\Http\\Controllers\\Web\\ArticleController','view','',1,NULL),(42,43,'Modules\\Article\\Entities\\Article','get','App\\Http\\Controllers\\Web\\ArticleController','view','',1,NULL),(43,44,'Modules\\Article\\Entities\\Article','get','App\\Http\\Controllers\\Web\\ArticleController','view','',1,NULL),(44,45,'Modules\\Article\\Entities\\Article','get','App\\Http\\Controllers\\Web\\ArticleController','view','',1,NULL),(45,46,'Modules\\Article\\Entities\\Article','get','App\\Http\\Controllers\\Web\\ArticleController','view','',1,NULL),(46,47,'Modules\\Article\\Entities\\Article','get','App\\Http\\Controllers\\Web\\ArticleController','view','',1,NULL),(47,48,'Modules\\Article\\Entities\\Article','get','App\\Http\\Controllers\\Web\\ArticleController','view','',1,NULL),(48,49,'Modules\\Article\\Entities\\Article','get','App\\Http\\Controllers\\Web\\ArticleController','view','',1,NULL),(49,50,'Modules\\Article\\Entities\\Article','get','App\\Http\\Controllers\\Web\\ArticleController','view','',1,NULL),(50,51,'Modules\\Article\\Entities\\Article','get','App\\Http\\Controllers\\Web\\ArticleController','view','',1,NULL),(51,52,'Modules\\Article\\Entities\\Article','get','App\\Http\\Controllers\\Web\\ArticleController','view','',1,NULL),(52,53,'Modules\\Article\\Entities\\Article','get','App\\Http\\Controllers\\Web\\ArticleController','view','',1,NULL),(53,54,'Modules\\Article\\Entities\\Article','get','App\\Http\\Controllers\\Web\\ArticleController','view','',1,NULL),(54,55,'Modules\\Article\\Entities\\Article','get','App\\Http\\Controllers\\Web\\ArticleController','view','',1,NULL),(55,56,'Modules\\Article\\Entities\\Article','get','App\\Http\\Controllers\\Web\\ArticleController','view','',1,NULL),(56,57,'Modules\\Article\\Entities\\Article','get','App\\Http\\Controllers\\Web\\ArticleController','view','',1,NULL),(57,58,'Modules\\Article\\Entities\\Article','get','App\\Http\\Controllers\\Web\\ArticleController','view','',1,NULL),(58,59,'Modules\\Article\\Entities\\Article','get','App\\Http\\Controllers\\Web\\ArticleController','view','',1,NULL),(59,60,'Modules\\Article\\Entities\\Article','get','App\\Http\\Controllers\\Web\\ArticleController','view','',1,NULL),(60,61,'Modules\\Article\\Entities\\Article','get','App\\Http\\Controllers\\Web\\ArticleController','view','',1,NULL),(61,62,'Modules\\Article\\Entities\\Article','get','App\\Http\\Controllers\\Web\\ArticleController','view','',1,NULL),(62,63,'Modules\\Article\\Entities\\Article','get','App\\Http\\Controllers\\Web\\ArticleController','view','',1,NULL),(63,64,'Modules\\Article\\Entities\\Article','get','App\\Http\\Controllers\\Web\\ArticleController','view','',1,NULL),(64,65,'Modules\\Article\\Entities\\Article','get','App\\Http\\Controllers\\Web\\ArticleController','view','',1,NULL),(65,66,'Modules\\Article\\Entities\\Article','get','App\\Http\\Controllers\\Web\\ArticleController','view','',1,NULL),(66,67,'Modules\\Article\\Entities\\Article','get','App\\Http\\Controllers\\Web\\ArticleController','view','',1,NULL),(67,4,'Modules\\Developer\\Entities\\Template','get','App\\Http\\Controllers\\Web\\TextPageController','index','',1,NULL),(68,5,'Modules\\Developer\\Entities\\Template','get','App\\Http\\Controllers\\Web\\ContactController','index','',1,NULL),(69,4,'Modules\\Developer\\Entities\\Template','get','App\\Http\\Controllers\\Web\\TextPageController','index','',1,NULL),(70,4,'Modules\\Developer\\Entities\\Template','get','App\\Http\\Controllers\\Web\\TextPageController','index','',1,NULL),(71,4,'Modules\\Developer\\Entities\\Template','get','App\\Http\\Controllers\\Web\\TextPageController','index','',1,NULL),(72,4,'Modules\\Developer\\Entities\\Template','get','App\\Http\\Controllers\\Web\\TextPageController','index','',1,NULL),(73,4,'Modules\\Developer\\Entities\\Template','get','App\\Http\\Controllers\\Web\\TextPageController','index','',1,NULL),(74,4,'Modules\\Developer\\Entities\\Template','get','App\\Http\\Controllers\\Web\\TextPageController','index','',1,NULL),(38046,68,'Modules\\Article\\Entities\\Article','get','App\\Http\\Controllers\\Web\\ArticleController','view','',1,NULL),(102800,1,'Modules\\Catalog\\Entities\\ProductCategory','get','App\\Http\\Controllers\\Web\\ProductCategoryController','view','',1,NULL),(102801,2,'Modules\\Catalog\\Entities\\ProductCategory','get','App\\Http\\Controllers\\Web\\ProductCategoryController','view','',1,NULL),(102802,3,'Modules\\Catalog\\Entities\\ProductCategory','get','App\\Http\\Controllers\\Web\\ProductCategoryController','view','',1,NULL),(102803,4,'Modules\\Catalog\\Entities\\ProductCategory','get','App\\Http\\Controllers\\Web\\ProductCategoryController','view','',1,NULL),(102804,5,'Modules\\Catalog\\Entities\\ProductCategory','get','App\\Http\\Controllers\\Web\\ProductCategoryController','view','',1,NULL),(102805,6,'Modules\\Catalog\\Entities\\ProductCategory','get','App\\Http\\Controllers\\Web\\ProductCategoryController','view','',1,NULL),(102806,7,'Modules\\Catalog\\Entities\\ProductCategory','get','App\\Http\\Controllers\\Web\\ProductCategoryController','view','',1,NULL),(102807,8,'Modules\\Catalog\\Entities\\ProductCategory','get','App\\Http\\Controllers\\Web\\ProductCategoryController','view','',1,NULL),(102808,9,'Modules\\Catalog\\Entities\\ProductCategory','get','App\\Http\\Controllers\\Web\\ProductCategoryController','view','',1,NULL),(102809,10,'Modules\\Catalog\\Entities\\ProductCategory','get','App\\Http\\Controllers\\Web\\ProductCategoryController','view','',1,NULL),(102810,11,'Modules\\Catalog\\Entities\\ProductCategory','get','App\\Http\\Controllers\\Web\\ProductCategoryController','view','',1,NULL),(102811,12,'Modules\\Catalog\\Entities\\ProductCategory','get','App\\Http\\Controllers\\Web\\ProductCategoryController','view','',1,NULL),(102812,13,'Modules\\Catalog\\Entities\\ProductCategory','get','App\\Http\\Controllers\\Web\\ProductCategoryController','view','',1,NULL),(102813,14,'Modules\\Catalog\\Entities\\ProductCategory','get','App\\Http\\Controllers\\Web\\ProductCategoryController','view','',1,NULL),(102814,15,'Modules\\Catalog\\Entities\\ProductCategory','get','App\\Http\\Controllers\\Web\\ProductCategoryController','view','',1,NULL),(102815,16,'Modules\\Catalog\\Entities\\ProductCategory','get','App\\Http\\Controllers\\Web\\ProductCategoryController','view','',1,NULL),(102816,17,'Modules\\Catalog\\Entities\\ProductCategory','get','App\\Http\\Controllers\\Web\\ProductCategoryController','view','',1,NULL),(102817,18,'Modules\\Catalog\\Entities\\ProductCategory','get','App\\Http\\Controllers\\Web\\ProductCategoryController','view','',1,NULL),(102818,19,'Modules\\Catalog\\Entities\\ProductCategory','get','App\\Http\\Controllers\\Web\\ProductCategoryController','view','',1,NULL),(102819,20,'Modules\\Catalog\\Entities\\ProductCategory','get','App\\Http\\Controllers\\Web\\ProductCategoryController','view','',1,NULL),(102820,21,'Modules\\Catalog\\Entities\\ProductCategory','get','App\\Http\\Controllers\\Web\\ProductCategoryController','view','',1,NULL),(102821,22,'Modules\\Catalog\\Entities\\ProductCategory','get','App\\Http\\Controllers\\Web\\ProductCategoryController','view','',1,NULL),(102822,23,'Modules\\Catalog\\Entities\\ProductCategory','get','App\\Http\\Controllers\\Web\\ProductCategoryController','view','',1,NULL),(102823,24,'Modules\\Catalog\\Entities\\ProductCategory','get','App\\Http\\Controllers\\Web\\ProductCategoryController','view','',1,NULL),(102824,25,'Modules\\Catalog\\Entities\\ProductCategory','get','App\\Http\\Controllers\\Web\\ProductCategoryController','view','',1,NULL),(102825,26,'Modules\\Catalog\\Entities\\ProductCategory','get','App\\Http\\Controllers\\Web\\ProductCategoryController','view','',1,NULL),(102826,27,'Modules\\Catalog\\Entities\\ProductCategory','get','App\\Http\\Controllers\\Web\\ProductCategoryController','view','',1,NULL),(102827,28,'Modules\\Catalog\\Entities\\ProductCategory','get','App\\Http\\Controllers\\Web\\ProductCategoryController','view','',1,NULL),(102828,29,'Modules\\Catalog\\Entities\\ProductCategory','get','App\\Http\\Controllers\\Web\\ProductCategoryController','view','',1,NULL),(102829,30,'Modules\\Catalog\\Entities\\ProductCategory','get','App\\Http\\Controllers\\Web\\ProductCategoryController','view','',1,NULL),(102830,31,'Modules\\Catalog\\Entities\\ProductCategory','get','App\\Http\\Controllers\\Web\\ProductCategoryController','view','',1,NULL),(102831,32,'Modules\\Catalog\\Entities\\ProductCategory','get','App\\Http\\Controllers\\Web\\ProductCategoryController','view','',1,NULL),(102832,33,'Modules\\Catalog\\Entities\\ProductCategory','get','App\\Http\\Controllers\\Web\\ProductCategoryController','view','',1,NULL),(102833,34,'Modules\\Catalog\\Entities\\ProductCategory','get','App\\Http\\Controllers\\Web\\ProductCategoryController','view','',1,NULL),(102834,35,'Modules\\Catalog\\Entities\\ProductCategory','get','App\\Http\\Controllers\\Web\\ProductCategoryController','view','',1,NULL),(102835,36,'Modules\\Catalog\\Entities\\ProductCategory','get','App\\Http\\Controllers\\Web\\ProductCategoryController','view','',1,NULL),(102836,37,'Modules\\Catalog\\Entities\\ProductCategory','get','App\\Http\\Controllers\\Web\\ProductCategoryController','view','',1,NULL),(102837,38,'Modules\\Catalog\\Entities\\ProductCategory','get','App\\Http\\Controllers\\Web\\ProductCategoryController','view','',1,NULL),(102838,39,'Modules\\Catalog\\Entities\\ProductCategory','get','App\\Http\\Controllers\\Web\\ProductCategoryController','view','',1,NULL),(102839,40,'Modules\\Catalog\\Entities\\ProductCategory','get','App\\Http\\Controllers\\Web\\ProductCategoryController','view','',1,NULL),(102840,41,'Modules\\Catalog\\Entities\\ProductCategory','get','App\\Http\\Controllers\\Web\\ProductCategoryController','view','',1,NULL),(102841,42,'Modules\\Catalog\\Entities\\ProductCategory','get','App\\Http\\Controllers\\Web\\ProductCategoryController','view','',1,NULL),(102842,43,'Modules\\Catalog\\Entities\\ProductCategory','get','App\\Http\\Controllers\\Web\\ProductCategoryController','view','',1,NULL),(102843,44,'Modules\\Catalog\\Entities\\ProductCategory','get','App\\Http\\Controllers\\Web\\ProductCategoryController','view','',1,NULL),(102844,45,'Modules\\Catalog\\Entities\\ProductCategory','get','App\\Http\\Controllers\\Web\\ProductCategoryController','view','',1,NULL),(102845,46,'Modules\\Catalog\\Entities\\ProductCategory','get','App\\Http\\Controllers\\Web\\ProductCategoryController','view','',1,NULL),(102846,47,'Modules\\Catalog\\Entities\\ProductCategory','get','App\\Http\\Controllers\\Web\\ProductCategoryController','view','',1,NULL),(102847,48,'Modules\\Catalog\\Entities\\ProductCategory','get','App\\Http\\Controllers\\Web\\ProductCategoryController','view','',1,NULL),(102848,49,'Modules\\Catalog\\Entities\\ProductCategory','get','App\\Http\\Controllers\\Web\\ProductCategoryController','view','',1,NULL),(102849,50,'Modules\\Catalog\\Entities\\ProductCategory','get','App\\Http\\Controllers\\Web\\ProductCategoryController','view','',1,NULL),(102850,51,'Modules\\Catalog\\Entities\\ProductCategory','get','App\\Http\\Controllers\\Web\\ProductCategoryController','view','',1,NULL),(102851,52,'Modules\\Catalog\\Entities\\ProductCategory','get','App\\Http\\Controllers\\Web\\ProductCategoryController','view','',1,NULL),(102852,53,'Modules\\Catalog\\Entities\\ProductCategory','get','App\\Http\\Controllers\\Web\\ProductCategoryController','view','',1,NULL),(102853,54,'Modules\\Catalog\\Entities\\ProductCategory','get','App\\Http\\Controllers\\Web\\ProductCategoryController','view','',1,NULL),(102854,55,'Modules\\Catalog\\Entities\\ProductCategory','get','App\\Http\\Controllers\\Web\\ProductCategoryController','view','',1,NULL),(102855,56,'Modules\\Catalog\\Entities\\ProductCategory','get','App\\Http\\Controllers\\Web\\ProductCategoryController','view','',1,NULL),(102856,57,'Modules\\Catalog\\Entities\\ProductCategory','get','App\\Http\\Controllers\\Web\\ProductCategoryController','view','',1,NULL),(102857,58,'Modules\\Catalog\\Entities\\ProductCategory','get','App\\Http\\Controllers\\Web\\ProductCategoryController','view','',1,NULL),(102858,59,'Modules\\Catalog\\Entities\\ProductCategory','get','App\\Http\\Controllers\\Web\\ProductCategoryController','view','',1,NULL),(102859,60,'Modules\\Catalog\\Entities\\ProductCategory','get','App\\Http\\Controllers\\Web\\ProductCategoryController','view','',1,NULL),(102860,61,'Modules\\Catalog\\Entities\\ProductCategory','get','App\\Http\\Controllers\\Web\\ProductCategoryController','view','',1,NULL),(102861,62,'Modules\\Catalog\\Entities\\ProductCategory','get','App\\Http\\Controllers\\Web\\ProductCategoryController','view','',1,NULL),(102862,63,'Modules\\Catalog\\Entities\\ProductCategory','get','App\\Http\\Controllers\\Web\\ProductCategoryController','view','',1,NULL),(102863,64,'Modules\\Catalog\\Entities\\ProductCategory','get','App\\Http\\Controllers\\Web\\ProductCategoryController','view','',1,NULL),(102864,1,'Modules\\Catalog\\Entities\\Product','get','App\\Http\\Controllers\\Web\\ProductController','index','',1,NULL);
/*!40000 ALTER TABLE `pages` ENABLE KEYS */;
UNLOCK TABLES;
DROP TABLE IF EXISTS `password_resets`;
/*!40101 SET @saved_cs_client     = @@character_set_client */;
/*!40101 SET character_set_client = utf8 */;
CREATE TABLE `password_resets` (
  `email` varchar(255) COLLATE utf8mb4_unicode_ci NOT NULL,
  `token` varchar(255) COLLATE utf8mb4_unicode_ci NOT NULL,
  `created_at` timestamp NULL DEFAULT NULL,
  KEY `password_resets_email_index` (`email`)
) ENGINE=InnoDB DEFAULT CHARSET=utf8mb4 COLLATE=utf8mb4_unicode_ci;
/*!40101 SET character_set_client = @saved_cs_client */;

LOCK TABLES `password_resets` WRITE;
/*!40000 ALTER TABLE `password_resets` DISABLE KEYS */;
/*!40000 ALTER TABLE `password_resets` ENABLE KEYS */;
UNLOCK TABLES;
DROP TABLE IF EXISTS `permissions`;
/*!40101 SET @saved_cs_client     = @@character_set_client */;
/*!40101 SET character_set_client = utf8 */;
CREATE TABLE `permissions` (
  `id` bigint(20) unsigned NOT NULL AUTO_INCREMENT,
  `slug` varchar(255) COLLATE utf8mb4_unicode_ci NOT NULL,
  `type` varchar(255) COLLATE utf8mb4_unicode_ci DEFAULT NULL,
  `controller` varchar(255) COLLATE utf8mb4_unicode_ci DEFAULT NULL,
  `action` varchar(255) COLLATE utf8mb4_unicode_ci DEFAULT NULL,
  `description` varchar(255) COLLATE utf8mb4_unicode_ci DEFAULT NULL,
  `data` longtext CHARACTER SET utf8mb4 COLLATE utf8mb4_bin NOT NULL DEFAULT '',
  `created_at` timestamp NULL DEFAULT NULL,
  `updated_at` timestamp NULL DEFAULT NULL,
  PRIMARY KEY (`id`)
) ENGINE=InnoDB AUTO_INCREMENT=376 DEFAULT CHARSET=utf8mb4 COLLATE=utf8mb4_unicode_ci;
/*!40101 SET character_set_client = @saved_cs_client */;

LOCK TABLES `permissions` WRITE;
/*!40000 ALTER TABLE `permissions` DISABLE KEYS */;
INSERT INTO `permissions` VALUES (1,'root.home.index','root','App\\Http\\Controllers\\Cms\\HomeController','index',NULL,'','2021-02-23 09:21:58','2021-02-23 09:21:58'),(2,'root.settings.index','root','App\\Http\\Controllers\\Cms\\SettingsController','index',NULL,'','2021-02-23 09:21:58','2021-02-23 09:21:58'),(3,'root.settings.create','root','App\\Http\\Controllers\\Cms\\SettingsController','create',NULL,'','2021-02-23 09:21:58','2021-02-23 09:21:58'),(4,'root.settings.store','root','App\\Http\\Controllers\\Cms\\SettingsController','store',NULL,'','2021-02-23 09:21:58','2021-02-23 09:21:58'),(5,'root.settings.edit','root','App\\Http\\Controllers\\Cms\\SettingsController','edit',NULL,'','2021-02-23 09:21:58','2021-02-23 09:21:58'),(6,'root.settings.update','root','App\\Http\\Controllers\\Cms\\SettingsController','update',NULL,'','2021-02-23 09:21:58','2021-02-23 09:21:58'),(7,'root.settings.destroy','root','App\\Http\\Controllers\\Cms\\SettingsController','destroy',NULL,'','2021-02-23 09:21:59','2021-02-23 09:21:59'),(8,'root.frontend_menu.index','root','App\\Http\\Controllers\\Cms\\FrontendMenuController','index',NULL,'','2021-02-23 09:21:59','2021-02-23 09:21:59'),(10,'root.frontend_menu.store','root','App\\Http\\Controllers\\Cms\\FrontendMenuController','store',NULL,'','2021-02-23 09:21:59','2021-02-23 09:21:59'),(11,'root.frontend_menu.edit','root','App\\Http\\Controllers\\Cms\\FrontendMenuController','edit',NULL,'','2021-02-23 09:21:59','2021-02-23 09:21:59'),(12,'root.frontend_menu.update','root','App\\Http\\Controllers\\Cms\\FrontendMenuController','update',NULL,'','2021-02-23 09:21:59','2021-02-23 09:21:59'),(13,'root.frontend_menu.destroy','root','App\\Http\\Controllers\\Cms\\FrontendMenuController','destroy',NULL,'','2021-02-23 09:21:59','2021-02-23 09:21:59'),(14,'root.frontend_menu.active','root','App\\Http\\Controllers\\Cms\\FrontendMenuController','active',NULL,'','2021-02-23 09:21:59','2021-02-23 09:21:59'),(15,'root.translation.index','root','App\\Http\\Controllers\\Cms\\TranslationController','index',NULL,'','2021-02-23 09:21:59','2021-02-23 09:21:59'),(16,'root.translation.show','root','App\\Http\\Controllers\\Cms\\TranslationController','show',NULL,'','2021-02-23 09:22:00','2021-02-23 09:22:00'),(17,'root.translation.store','root','App\\Http\\Controllers\\Cms\\TranslationController','store',NULL,'','2021-02-23 09:22:00','2021-02-23 09:22:00'),(18,'root.translation.create','root','App\\Http\\Controllers\\Cms\\TranslationController','create',NULL,'','2021-02-23 09:22:00','2021-02-23 09:22:00'),(19,'root.translation.update','root','App\\Http\\Controllers\\Cms\\TranslationController','update',NULL,'','2021-02-23 09:22:00','2021-02-23 09:22:00'),(20,'root.translation.publish','root','App\\Http\\Controllers\\Cms\\TranslationController','publish',NULL,'','2021-02-23 09:22:00','2021-02-23 09:22:00'),(21,'root.translation.destroy','root','App\\Http\\Controllers\\Cms\\TranslationController','destroy',NULL,'','2021-02-23 09:22:00','2021-02-23 09:22:00'),(22,'root.filemanager.index','root','App\\Http\\Controllers\\Cms\\FileManagerController','index',NULL,'','2021-02-23 09:22:00','2021-02-23 09:22:00'),(23,'admin.user_permissions.show','admin','App\\Http\\Controllers\\Cms\\UserPermissionsController','show',NULL,'','2021-02-23 09:22:00','2021-02-23 09:22:00'),(24,'admin.user_permissions.update','admin','App\\Http\\Controllers\\Cms\\UserPermissionsController','update',NULL,'','2021-02-23 09:22:00','2021-02-23 09:22:00'),(25,'admin.administration.index','admin','App\\Http\\Controllers\\Cms\\AdministrationController','index',NULL,'','2021-02-23 09:22:01','2021-02-23 09:22:01'),(26,'admin.administration.create','admin','App\\Http\\Controllers\\Cms\\AdministrationController','create',NULL,'','2021-02-23 09:22:01','2021-02-23 09:22:01'),(27,'admin.administration.store','admin','App\\Http\\Controllers\\Cms\\AdministrationController','store',NULL,'','2021-02-23 09:22:01','2021-02-23 09:22:01'),(28,'admin.administration.edit','admin','App\\Http\\Controllers\\Cms\\AdministrationController','edit',NULL,'','2021-02-23 09:22:01','2021-02-23 09:22:01'),(29,'admin.administration.update','admin','App\\Http\\Controllers\\Cms\\AdministrationController','update',NULL,'','2021-02-23 09:22:01','2021-02-23 09:22:01'),(30,'admin.administration.destroy','admin','App\\Http\\Controllers\\Cms\\AdministrationController','destroy',NULL,'','2021-02-23 09:22:01','2021-02-23 09:22:01'),(37,'admin.role_permissions.show','admin','App\\Http\\Controllers\\Cms\\RolePermissionsController','show',NULL,'','2021-02-23 09:22:02','2021-02-23 09:22:02'),(38,'admin.role_permissions.update','admin','App\\Http\\Controllers\\Cms\\RolePermissionsController','update',NULL,'','2021-02-23 09:22:02','2021-02-23 09:22:02'),(39,'admin.role.index','admin','App\\Http\\Controllers\\Cms\\RoleController','index',NULL,'','2021-02-23 09:22:02','2021-02-23 09:22:02'),(40,'admin.role.create','admin','App\\Http\\Controllers\\Cms\\RoleController','create',NULL,'','2021-02-23 09:22:02','2021-02-23 09:22:02'),(41,'admin.role.store','admin','App\\Http\\Controllers\\Cms\\RoleController','store',NULL,'','2021-02-23 09:22:03','2021-02-23 09:22:03'),(42,'admin.role.edit','admin','App\\Http\\Controllers\\Cms\\RoleController','edit',NULL,'','2021-02-23 09:22:03','2021-02-23 09:22:03'),(43,'admin.role.update','admin','App\\Http\\Controllers\\Cms\\RoleController','update',NULL,'','2021-02-23 09:22:03','2021-02-23 09:22:03'),(44,'admin.role.destroy','admin','App\\Http\\Controllers\\Cms\\RoleController','destroy',NULL,'','2021-02-23 09:22:03','2021-02-23 09:22:03'),(45,'admin.language.active','admin','App\\Http\\Controllers\\Cms\\LanguageController','active',NULL,'','2021-02-23 09:22:03','2021-02-23 09:22:03'),(46,'admin.language.index','admin','App\\Http\\Controllers\\Cms\\LanguageController','index',NULL,'','2021-02-23 09:22:03','2021-02-23 09:22:03'),(47,'admin.language.create','admin','App\\Http\\Controllers\\Cms\\LanguageController','create',NULL,'','2021-02-23 09:22:03','2021-02-23 09:22:03'),(48,'admin.language.store','admin','App\\Http\\Controllers\\Cms\\LanguageController','store',NULL,'','2021-02-23 09:22:03','2021-02-23 09:22:03'),(49,'admin.language.edit','admin','App\\Http\\Controllers\\Cms\\LanguageController','edit',NULL,'','2021-02-23 09:22:03','2021-02-23 09:22:03'),(50,'admin.language.update','admin','App\\Http\\Controllers\\Cms\\LanguageController','update',NULL,'','2021-02-23 09:22:04','2021-02-23 09:22:04'),(51,'admin.backend_menu.active','admin','App\\Http\\Controllers\\Cms\\BackendMenuController','active',NULL,'','2021-02-23 09:22:04','2021-02-23 09:22:04'),(52,'admin.backend_menu.index','admin','App\\Http\\Controllers\\Cms\\BackendMenuController','index',NULL,'','2021-02-23 09:22:04','2021-02-23 09:22:04'),(53,'admin.backend_menu.create','admin','App\\Http\\Controllers\\Cms\\BackendMenuController','create',NULL,'','2021-02-23 09:22:04','2021-02-23 09:22:04'),(54,'admin.backend_menu.store','admin','App\\Http\\Controllers\\Cms\\BackendMenuController','store',NULL,'','2021-02-23 09:22:04','2021-02-23 09:22:04'),(55,'admin.backend_menu.edit','admin','App\\Http\\Controllers\\Cms\\BackendMenuController','edit',NULL,'','2021-02-23 09:22:04','2021-02-23 09:22:04'),(56,'admin.backend_menu.update','admin','App\\Http\\Controllers\\Cms\\BackendMenuController','update',NULL,'','2021-02-23 09:22:04','2021-02-23 09:22:04'),(57,'admin.backend_menu.destroy','admin','App\\Http\\Controllers\\Cms\\BackendMenuController','destroy',NULL,'','2021-02-23 09:22:04','2021-02-23 09:22:04'),(74,'section.section.index','section','App\\Http\\Controllers\\Cms\\SectionController','index',NULL,'','2021-02-23 09:22:06','2021-02-23 09:22:06'),(75,'section.section.active','section','App\\Http\\Controllers\\Cms\\SectionController','active',NULL,'','2021-02-23 09:22:06','2021-02-23 09:22:06'),(76,'section.section.destroy','section','App\\Http\\Controllers\\Cms\\SectionController','destroy',NULL,'','2021-02-23 09:22:07','2021-02-23 09:22:07'),(77,'module.page_component.index','module','App\\Http\\Controllers\\Cms\\PageComponentController','index',NULL,'','2021-02-23 09:22:07','2021-02-23 09:22:07'),(78,'module.page_component.active','module','App\\Http\\Controllers\\Cms\\PageComponentController','active',NULL,'','2021-02-23 09:22:07','2021-02-23 09:22:07'),(91,'module.article.index','module','Modules\\Article\\Http\\Controllers\\Cms\\ArticleController','index',NULL,'','2021-02-23 09:22:09','2021-02-23 09:22:09'),(92,'module.article.create','module','Modules\\Article\\Http\\Controllers\\Cms\\ArticleController','create',NULL,'','2021-02-23 09:22:09','2021-02-23 09:22:09'),(93,'module.article.store','module','Modules\\Article\\Http\\Controllers\\Cms\\ArticleController','store',NULL,'','2021-02-23 09:22:09','2021-02-23 09:22:09'),(94,'module.article.restore','module','Modules\\Article\\Http\\Controllers\\Cms\\ArticleController','restore',NULL,'','2021-02-23 09:22:09','2021-02-23 09:22:09'),(95,'module.article.active','module','Modules\\Article\\Http\\Controllers\\Cms\\ArticleController','active',NULL,'','2021-02-23 09:22:09','2021-02-23 09:22:09'),(96,'module.article.edit','module','Modules\\Article\\Http\\Controllers\\Cms\\ArticleController','edit',NULL,'','2021-02-23 09:22:09','2021-02-23 09:22:09'),(97,'module.article.update','module','Modules\\Article\\Http\\Controllers\\Cms\\ArticleController','update',NULL,'','2021-02-23 09:22:09','2021-02-23 09:22:09'),(98,'module.article.destroy','module','Modules\\Article\\Http\\Controllers\\Cms\\ArticleController','destroy',NULL,'','2021-02-23 09:22:09','2021-02-23 09:22:09'),(99,'module.article_category.index','module','Modules\\Article\\Http\\Controllers\\Cms\\ArticleCategoryController','index',NULL,'','2021-02-23 09:22:10','2021-02-23 09:22:10'),(100,'module.article_category.create','module','Modules\\Article\\Http\\Controllers\\Cms\\ArticleCategoryController','create',NULL,'','2021-02-23 09:22:10','2021-02-23 09:22:10'),(101,'module.article_category.store','module','Modules\\Article\\Http\\Controllers\\Cms\\ArticleCategoryController','store',NULL,'','2021-02-23 09:22:10','2021-02-23 09:22:10'),(102,'module.article_category.restore','module','Modules\\Article\\Http\\Controllers\\Cms\\ArticleCategoryController','restore',NULL,'','2021-02-23 09:22:10','2021-02-23 09:22:10'),(103,'module.article_category.active','module','Modules\\Article\\Http\\Controllers\\Cms\\ArticleCategoryController','active',NULL,'','2021-02-23 09:22:10','2021-02-23 09:22:10'),(104,'module.article_category.edit','module','Modules\\Article\\Http\\Controllers\\Cms\\ArticleCategoryController','edit',NULL,'','2021-02-23 09:22:10','2021-02-23 09:22:10'),(105,'module.article_category.update','module','Modules\\Article\\Http\\Controllers\\Cms\\ArticleCategoryController','update',NULL,'','2021-02-23 09:22:10','2021-02-23 09:22:10'),(106,'module.article_category.destroy','module','Modules\\Article\\Http\\Controllers\\Cms\\ArticleCategoryController','destroy',NULL,'','2021-02-23 09:22:11','2021-02-23 09:22:11'),(107,'module.page_banner.index','module','Modules\\Banner\\Http\\Controllers\\Cms\\PageBannerController','index',NULL,'','2021-02-23 09:22:11','2021-02-23 09:22:11'),(108,'module.page_banner.create','module','Modules\\Banner\\Http\\Controllers\\Cms\\PageBannerController','create',NULL,'','2021-02-23 09:22:11','2021-02-23 09:22:11'),(109,'module.page_banner.store','module','Modules\\Banner\\Http\\Controllers\\Cms\\PageBannerController','store',NULL,'','2021-02-23 09:22:11','2021-02-23 09:22:11'),(110,'module.page_banner.edit','module','Modules\\Banner\\Http\\Controllers\\Cms\\PageBannerController','edit',NULL,'','2021-02-23 09:22:11','2021-02-23 09:22:11'),(111,'module.page_banner.update','module','Modules\\Banner\\Http\\Controllers\\Cms\\PageBannerController','update',NULL,'','2021-02-23 09:22:11','2021-02-23 09:22:11'),(112,'module.page_banner.active','module','Modules\\Banner\\Http\\Controllers\\Cms\\PageBannerController','active',NULL,'','2021-02-23 09:22:11','2021-02-23 09:22:11'),(113,'module.page_banner.destroy','module','Modules\\Banner\\Http\\Controllers\\Cms\\PageBannerController','destroy',NULL,'','2021-02-23 09:22:11','2021-02-23 09:22:11'),(114,'module.page_banner.restore','module','Modules\\Banner\\Http\\Controllers\\Cms\\PageBannerController','restore',NULL,'','2021-02-23 09:22:12','2021-02-23 09:22:12'),(115,'module.entity_banner.index','module','Modules\\Banner\\Http\\Controllers\\Cms\\EntityBannerController','index',NULL,'','2021-02-23 09:22:12','2021-02-23 09:22:12'),(116,'module.entity_banner.create','module','Modules\\Banner\\Http\\Controllers\\Cms\\EntityBannerController','create',NULL,'','2021-02-23 09:22:12','2021-02-23 09:22:12'),(117,'module.entity_banner.store','module','Modules\\Banner\\Http\\Controllers\\Cms\\EntityBannerController','store',NULL,'','2021-02-23 09:22:12','2021-02-23 09:22:12'),(118,'module.entity_banner.edit','module','Modules\\Banner\\Http\\Controllers\\Cms\\EntityBannerController','edit',NULL,'','2021-02-23 09:22:12','2021-02-23 09:22:12'),(119,'module.entity_banner.update','module','Modules\\Banner\\Http\\Controllers\\Cms\\EntityBannerController','update',NULL,'','2021-02-23 09:22:12','2021-02-23 09:22:12'),(120,'module.entity_banner.active','module','Modules\\Banner\\Http\\Controllers\\Cms\\EntityBannerController','active',NULL,'','2021-02-23 09:22:12','2021-02-23 09:22:12'),(121,'module.entity_banner.destroy','module','Modules\\Banner\\Http\\Controllers\\Cms\\EntityBannerController','destroy',NULL,'','2021-02-23 09:22:12','2021-02-23 09:22:12'),(122,'module.entity_banner.restore','module','Modules\\Banner\\Http\\Controllers\\Cms\\EntityBannerController','restore',NULL,'','2021-02-23 09:22:13','2021-02-23 09:22:13'),(123,'module.feature_value.index','module','Modules\\Catalog\\Http\\Controllers\\Cms\\FeatureValueController','index',NULL,'','2021-02-23 09:22:13','2021-02-23 09:22:13'),(124,'module.feature_value.create','module','Modules\\Catalog\\Http\\Controllers\\Cms\\FeatureValueController','create',NULL,'','2021-02-23 09:22:13','2021-02-23 09:22:13'),(125,'module.feature_value.store','module','Modules\\Catalog\\Http\\Controllers\\Cms\\FeatureValueController','store',NULL,'','2021-02-23 09:22:13','2021-02-23 09:22:13'),(126,'module.feature_value.edit','module','Modules\\Catalog\\Http\\Controllers\\Cms\\FeatureValueController','edit',NULL,'','2021-02-23 09:22:13','2021-02-23 09:22:13'),(127,'module.feature_value.update','module','Modules\\Catalog\\Http\\Controllers\\Cms\\FeatureValueController','update',NULL,'','2021-02-23 09:22:13','2021-02-23 09:22:13'),(128,'module.feature_value.active','module','Modules\\Catalog\\Http\\Controllers\\Cms\\FeatureValueController','active',NULL,'','2021-02-23 09:22:13','2021-02-23 09:22:13'),(129,'module.feature_value.destroy','module','Modules\\Catalog\\Http\\Controllers\\Cms\\FeatureValueController','destroy',NULL,'','2021-02-23 09:22:13','2021-02-23 09:22:13'),(130,'module.feature_value.restore','module','Modules\\Catalog\\Http\\Controllers\\Cms\\FeatureValueController','restore',NULL,'','2021-02-23 09:22:13','2021-02-23 09:22:13'),(131,'module.category_feature.index','module','Modules\\Catalog\\Http\\Controllers\\Cms\\CategoryFeatureController','index',NULL,'','2021-02-23 09:22:14','2021-02-23 09:22:14'),(132,'module.category_feature.store','module','Modules\\Catalog\\Http\\Controllers\\Cms\\CategoryFeatureController','store',NULL,'','2021-02-23 09:22:14','2021-02-23 09:22:14'),(133,'module.product_feature.index','module','Modules\\Catalog\\Http\\Controllers\\Cms\\ProductFeatureController','index',NULL,'','2021-02-23 09:22:14','2021-02-23 09:22:14'),(134,'module.product_feature.store','module','Modules\\Catalog\\Http\\Controllers\\Cms\\ProductFeatureController','store',NULL,'','2021-02-23 09:22:14','2021-02-23 09:22:14'),(135,'module.seo_catalog_feature.index','module','Modules\\Catalog\\Http\\Controllers\\Cms\\SeoCatalogFeatureController','index',NULL,'','2021-02-23 09:22:14','2021-02-23 09:22:14'),(136,'module.seo_catalog_feature.store','module','Modules\\Catalog\\Http\\Controllers\\Cms\\SeoCatalogFeatureController','store',NULL,'','2021-02-23 09:22:14','2021-02-23 09:22:14'),(137,'module.seo_catalog_product.index','module','Modules\\Catalog\\Http\\Controllers\\Cms\\SeoCatalogProductController','index',NULL,'','2021-02-23 09:22:14','2021-02-23 09:22:14'),(138,'module.seo_catalog_product.change','module','Modules\\Catalog\\Http\\Controllers\\Cms\\SeoCatalogProductController','change',NULL,'','2021-02-23 09:22:14','2021-02-23 09:22:14'),(139,'module.feature_modify.index','module','Modules\\Catalog\\Http\\Controllers\\Cms\\FeatureModifyController','index',NULL,'','2021-02-23 09:22:14','2021-02-23 09:22:14'),(140,'module.feature_modify.create','module','Modules\\Catalog\\Http\\Controllers\\Cms\\FeatureModifyController','create',NULL,'','2021-02-23 09:22:15','2021-02-23 09:22:15'),(141,'module.feature_modify.store','module','Modules\\Catalog\\Http\\Controllers\\Cms\\FeatureModifyController','store',NULL,'','2021-02-23 09:22:15','2021-02-23 09:22:15'),(142,'module.feature_modify.edit','module','Modules\\Catalog\\Http\\Controllers\\Cms\\FeatureModifyController','edit',NULL,'','2021-02-23 09:22:15','2021-02-23 09:22:15'),(143,'module.feature_modify.update','module','Modules\\Catalog\\Http\\Controllers\\Cms\\FeatureModifyController','update',NULL,'','2021-02-23 09:22:15','2021-02-23 09:22:15'),(144,'module.feature_modify.change_parent','module','Modules\\Catalog\\Http\\Controllers\\Cms\\FeatureModifyController','change_parent',NULL,'','2021-02-23 09:22:15','2021-02-23 09:22:15'),(145,'module.feature_modify.copy','module','Modules\\Catalog\\Http\\Controllers\\Cms\\FeatureModifyController','copy',NULL,'','2021-02-23 09:22:15','2021-02-23 09:22:15'),(146,'module.feature_modify.join','module','Modules\\Catalog\\Http\\Controllers\\Cms\\FeatureModifyController','join',NULL,'','2021-02-23 09:22:15','2021-02-23 09:22:15'),(147,'module.feature_modify.joined','module','Modules\\Catalog\\Http\\Controllers\\Cms\\FeatureModifyController','joined',NULL,'','2021-02-23 09:22:15','2021-02-23 09:22:15'),(148,'module.page_gallery.index','module','Modules\\Gallery\\Http\\Controllers\\PageGalleryController','index',NULL,'','2021-02-23 09:22:16','2021-02-23 09:22:16'),(149,'module.page_gallery.create','module','Modules\\Gallery\\Http\\Controllers\\PageGalleryController','create',NULL,'','2021-02-23 09:22:16','2021-02-23 09:22:16'),(150,'module.page_gallery.store','module','Modules\\Gallery\\Http\\Controllers\\PageGalleryController','store',NULL,'','2021-02-23 09:22:16','2021-02-23 09:22:16'),(151,'module.page_gallery.edit','module','Modules\\Gallery\\Http\\Controllers\\PageGalleryController','edit',NULL,'','2021-02-23 09:22:16','2021-02-23 09:22:16'),(152,'module.page_gallery.update','module','Modules\\Gallery\\Http\\Controllers\\PageGalleryController','update',NULL,'','2021-02-23 09:22:16','2021-02-23 09:22:16'),(153,'module.page_gallery.active','module','Modules\\Gallery\\Http\\Controllers\\PageGalleryController','active',NULL,'','2021-02-23 09:22:16','2021-02-23 09:22:16'),(154,'module.page_gallery.destroy','module','Modules\\Gallery\\Http\\Controllers\\PageGalleryController','destroy',NULL,'','2021-02-23 09:22:16','2021-02-23 09:22:16'),(155,'module.page_gallery.restore','module','Modules\\Gallery\\Http\\Controllers\\PageGalleryController','restore',NULL,'','2021-02-23 09:22:16','2021-02-23 09:22:16'),(156,'module.gallery.index','module','Modules\\Gallery\\Http\\Controllers\\GalleryController','index',NULL,'','2021-02-23 09:22:17','2021-02-23 09:22:17'),(157,'module.gallery.create','module','Modules\\Gallery\\Http\\Controllers\\GalleryController','create',NULL,'','2021-02-23 09:22:17','2021-02-23 09:22:17'),(158,'module.gallery.store','module','Modules\\Gallery\\Http\\Controllers\\GalleryController','store',NULL,'','2021-02-23 09:22:17','2021-02-23 09:22:17'),(159,'module.gallery.edit','module','Modules\\Gallery\\Http\\Controllers\\GalleryController','edit',NULL,'','2021-02-23 09:22:17','2021-02-23 09:22:17'),(160,'module.gallery.update','module','Modules\\Gallery\\Http\\Controllers\\GalleryController','update',NULL,'','2021-02-23 09:22:17','2021-02-23 09:22:17'),(161,'module.gallery.active','module','Modules\\Gallery\\Http\\Controllers\\GalleryController','active',NULL,'','2021-02-23 09:22:17','2021-02-23 09:22:17'),(162,'module.gallery.destroy','module','Modules\\Gallery\\Http\\Controllers\\GalleryController','destroy',NULL,'','2021-02-23 09:22:17','2021-02-23 09:22:17'),(163,'module.gallery.restore','module','Modules\\Gallery\\Http\\Controllers\\GalleryController','restore',NULL,'','2021-02-23 09:22:18','2021-02-23 09:22:18'),(164,'module.entity_gallery.index','module','Modules\\Gallery\\Http\\Controllers\\EntityGalleryController','index',NULL,'','2021-02-23 09:22:18','2021-02-23 09:22:18'),(165,'module.entity_gallery.create','module','Modules\\Gallery\\Http\\Controllers\\EntityGalleryController','create',NULL,'','2021-02-23 09:22:18','2021-02-23 09:22:18'),(166,'module.entity_gallery.store','module','Modules\\Gallery\\Http\\Controllers\\EntityGalleryController','store',NULL,'','2021-02-23 09:22:18','2021-02-23 09:22:18'),(167,'module.entity_gallery.edit','module','Modules\\Gallery\\Http\\Controllers\\EntityGalleryController','edit',NULL,'','2021-02-23 09:22:18','2021-02-23 09:22:18'),(168,'module.entity_gallery.update','module','Modules\\Gallery\\Http\\Controllers\\EntityGalleryController','update',NULL,'','2021-02-23 09:22:18','2021-02-23 09:22:18'),(169,'module.entity_gallery.active','module','Modules\\Gallery\\Http\\Controllers\\EntityGalleryController','active',NULL,'','2021-02-23 09:22:18','2021-02-23 09:22:18'),(170,'module.entity_gallery.destroy','module','Modules\\Gallery\\Http\\Controllers\\EntityGalleryController','destroy',NULL,'','2021-02-23 09:22:18','2021-02-23 09:22:18'),(171,'module.entity_gallery.restore','module','Modules\\Gallery\\Http\\Controllers\\EntityGalleryController','restore',NULL,'','2021-02-23 09:22:19','2021-02-23 09:22:19'),(172,'module.page_info.index','module','Modules\\Information\\Http\\Controllers\\Cms\\PageInformationController','index',NULL,'','2021-02-23 09:22:19','2021-02-23 09:22:19'),(173,'module.page_info.create','module','Modules\\Information\\Http\\Controllers\\Cms\\PageInformationController','create',NULL,'','2021-02-23 09:22:19','2021-02-23 09:22:19'),(174,'module.page_info.store','module','Modules\\Information\\Http\\Controllers\\Cms\\PageInformationController','store',NULL,'','2021-02-23 09:22:19','2021-02-23 09:22:19'),(175,'module.page_info.edit','module','Modules\\Information\\Http\\Controllers\\Cms\\PageInformationController','edit',NULL,'','2021-02-23 09:22:19','2021-02-23 09:22:19'),(176,'module.page_info.update','module','Modules\\Information\\Http\\Controllers\\Cms\\PageInformationController','update',NULL,'','2021-02-23 09:22:19','2021-02-23 09:22:19'),(177,'module.page_info.active','module','Modules\\Information\\Http\\Controllers\\Cms\\PageInformationController','active',NULL,'','2021-02-23 09:22:19','2021-02-23 09:22:19'),(178,'module.page_info.destroy','module','Modules\\Information\\Http\\Controllers\\Cms\\PageInformationController','destroy',NULL,'','2021-02-23 09:22:19','2021-02-23 09:22:19'),(179,'module.page_info.restore','module','Modules\\Information\\Http\\Controllers\\Cms\\PageInformationController','restore',NULL,'','2021-02-23 09:22:19','2021-02-23 09:22:19'),(180,'module.page_info_child.index','module','Modules\\Information\\Http\\Controllers\\Cms\\PageInformationChildrenController','index',NULL,'','2021-02-23 09:22:20','2021-02-23 09:22:20'),(181,'module.page_info_child.create','module','Modules\\Information\\Http\\Controllers\\Cms\\PageInformationChildrenController','create',NULL,'','2021-02-23 09:22:20','2021-02-23 09:22:20'),(182,'module.page_info_child.store','module','Modules\\Information\\Http\\Controllers\\Cms\\PageInformationChildrenController','store',NULL,'','2021-02-23 09:22:20','2021-02-23 09:22:20'),(183,'module.page_info_child.edit','module','Modules\\Information\\Http\\Controllers\\Cms\\PageInformationChildrenController','edit',NULL,'','2021-02-23 09:22:20','2021-02-23 09:22:20'),(184,'module.page_info_child.update','module','Modules\\Information\\Http\\Controllers\\Cms\\PageInformationChildrenController','update',NULL,'','2021-02-23 09:22:20','2021-02-23 09:22:20'),(187,'catalog.product_category.index','catalog','Modules\\Catalog\\Http\\Controllers\\Cms\\ProductCategoryController','index',NULL,'','2021-02-23 09:22:20','2021-02-23 09:22:20'),(188,'catalog.product_category.create','catalog','Modules\\Catalog\\Http\\Controllers\\Cms\\ProductCategoryController','create',NULL,'','2021-02-23 09:22:21','2021-02-23 09:22:21'),(189,'catalog.product_category.store','catalog','Modules\\Catalog\\Http\\Controllers\\Cms\\ProductCategoryController','store',NULL,'','2021-02-23 09:22:21','2021-02-23 09:22:21'),(190,'catalog.product_category.edit','catalog','Modules\\Catalog\\Http\\Controllers\\Cms\\ProductCategoryController','edit',NULL,'','2021-02-23 09:22:21','2021-02-23 09:22:21'),(191,'catalog.product_category.update','catalog','Modules\\Catalog\\Http\\Controllers\\Cms\\ProductCategoryController','update',NULL,'','2021-02-23 09:22:21','2021-02-23 09:22:21'),(192,'catalog.product_category.restore','catalog','Modules\\Catalog\\Http\\Controllers\\Cms\\ProductCategoryController','restore',NULL,'','2021-02-23 09:22:21','2021-02-23 09:22:21'),(193,'catalog.product_category.active','catalog','Modules\\Catalog\\Http\\Controllers\\Cms\\ProductCategoryController','active',NULL,'','2021-02-23 09:22:21','2021-02-23 09:22:21'),(194,'catalog.product_category.destroy','catalog','Modules\\Catalog\\Http\\Controllers\\Cms\\ProductCategoryController','destroy',NULL,'','2021-02-23 09:22:21','2021-02-23 09:22:21'),(195,'catalog.product_category.tree','catalog','Modules\\Catalog\\Http\\Controllers\\Cms\\ProductCategoryController','tree',NULL,'','2021-02-23 09:22:22','2021-02-23 09:22:22'),(196,'catalog.product.index','catalog','Modules\\Catalog\\Http\\Controllers\\Cms\\ProductController','index',NULL,'','2021-02-23 09:22:22','2021-02-23 09:22:22'),(197,'catalog.product.create','catalog','Modules\\Catalog\\Http\\Controllers\\Cms\\ProductController','create',NULL,'','2021-02-23 09:22:22','2021-02-23 09:22:22'),(198,'catalog.product.store','catalog','Modules\\Catalog\\Http\\Controllers\\Cms\\ProductController','store',NULL,'','2021-02-23 09:22:22','2021-02-23 09:22:22'),(199,'catalog.product.edit','catalog','Modules\\Catalog\\Http\\Controllers\\Cms\\ProductController','edit',NULL,'','2021-02-23 09:22:22','2021-02-23 09:22:22'),(200,'catalog.product.update','catalog','Modules\\Catalog\\Http\\Controllers\\Cms\\ProductController','update',NULL,'','2021-02-23 09:22:22','2021-02-23 09:22:22'),(201,'catalog.product.restore','catalog','Modules\\Catalog\\Http\\Controllers\\Cms\\ProductController','restore',NULL,'','2021-02-23 09:22:22','2021-02-23 09:22:22'),(202,'catalog.product.active','catalog','Modules\\Catalog\\Http\\Controllers\\Cms\\ProductController','active',NULL,'','2021-02-23 09:22:22','2021-02-23 09:22:22'),(203,'catalog.product.destroy','catalog','Modules\\Catalog\\Http\\Controllers\\Cms\\ProductController','destroy',NULL,'','2021-02-23 09:22:22','2021-02-23 09:22:22'),(204,'catalog.seo_catalog.index','catalog','Modules\\Catalog\\Http\\Controllers\\Cms\\SeoCatalogController','index',NULL,'','2021-02-23 09:22:23','2021-02-23 09:22:23'),(205,'catalog.seo_catalog.create','catalog','Modules\\Catalog\\Http\\Controllers\\Cms\\SeoCatalogController','create',NULL,'','2021-02-23 09:22:23','2021-02-23 09:22:23'),(206,'catalog.seo_catalog.store','catalog','Modules\\Catalog\\Http\\Controllers\\Cms\\SeoCatalogController','store',NULL,'','2021-02-23 09:22:23','2021-02-23 09:22:23'),(207,'catalog.seo_catalog.edit','catalog','Modules\\Catalog\\Http\\Controllers\\Cms\\SeoCatalogController','edit',NULL,'','2021-02-23 09:22:23','2021-02-23 09:22:23'),(208,'catalog.seo_catalog.update','catalog','Modules\\Catalog\\Http\\Controllers\\Cms\\SeoCatalogController','update',NULL,'','2021-02-23 09:22:23','2021-02-23 09:22:23'),(209,'catalog.seo_catalog.active','catalog','Modules\\Catalog\\Http\\Controllers\\Cms\\SeoCatalogController','active',NULL,'','2021-02-23 09:22:23','2021-02-23 09:22:23'),(210,'catalog.seo_catalog.destroy','catalog','Modules\\Catalog\\Http\\Controllers\\Cms\\SeoCatalogController','destroy',NULL,'','2021-02-23 09:22:23','2021-02-23 09:22:23'),(211,'catalog.seo_catalog.restore','catalog','Modules\\Catalog\\Http\\Controllers\\Cms\\SeoCatalogController','restore',NULL,'','2021-02-23 09:22:24','2021-02-23 09:22:24'),(212,'catalog.feature_kind.index','catalog','Modules\\Catalog\\Http\\Controllers\\Cms\\FeatureKindController','index',NULL,'','2021-02-23 09:22:24','2021-02-23 09:22:24'),(213,'catalog.feature_kind.create','catalog','Modules\\Catalog\\Http\\Controllers\\Cms\\FeatureKindController','create',NULL,'','2021-02-23 09:22:24','2021-02-23 09:22:24'),(214,'catalog.feature_kind.store','catalog','Modules\\Catalog\\Http\\Controllers\\Cms\\FeatureKindController','store',NULL,'','2021-02-23 09:22:24','2021-02-23 09:22:24'),(215,'catalog.feature_kind.edit','catalog','Modules\\Catalog\\Http\\Controllers\\Cms\\FeatureKindController','edit',NULL,'','2021-02-23 09:22:24','2021-02-23 09:22:24'),(216,'catalog.feature_kind.update','catalog','Modules\\Catalog\\Http\\Controllers\\Cms\\FeatureKindController','update',NULL,'','2021-02-23 09:22:24','2021-02-23 09:22:24'),(217,'catalog.feature_kind.active','catalog','Modules\\Catalog\\Http\\Controllers\\Cms\\FeatureKindController','active',NULL,'','2021-02-23 09:22:24','2021-02-23 09:22:24'),(218,'catalog.feature_kind.destroy','catalog','Modules\\Catalog\\Http\\Controllers\\Cms\\FeatureKindController','destroy',NULL,'','2021-02-23 09:22:24','2021-02-23 09:22:24'),(219,'catalog.feature_kind.restore','catalog','Modules\\Catalog\\Http\\Controllers\\Cms\\FeatureKindController','restore',NULL,'','2021-02-23 09:22:25','2021-02-23 09:22:25'),(220,'catalog.feature.index','catalog','Modules\\Catalog\\Http\\Controllers\\Cms\\FeatureController','index',NULL,'','2021-02-23 09:22:25','2021-02-23 09:22:25'),(221,'catalog.feature.create','catalog','Modules\\Catalog\\Http\\Controllers\\Cms\\FeatureController','create',NULL,'','2021-02-23 09:22:25','2021-02-23 09:22:25'),(222,'catalog.feature.store','catalog','Modules\\Catalog\\Http\\Controllers\\Cms\\FeatureController','store',NULL,'','2021-02-23 09:22:25','2021-02-23 09:22:25'),(223,'catalog.feature.edit','catalog','Modules\\Catalog\\Http\\Controllers\\Cms\\FeatureController','edit',NULL,'','2021-02-23 09:22:25','2021-02-23 09:22:25'),(224,'catalog.feature.update','catalog','Modules\\Catalog\\Http\\Controllers\\Cms\\FeatureController','update',NULL,'','2021-02-23 09:22:25','2021-02-23 09:22:25'),(225,'catalog.feature.active','catalog','Modules\\Catalog\\Http\\Controllers\\Cms\\FeatureController','active',NULL,'','2021-02-23 09:22:25','2021-02-23 09:22:25'),(226,'catalog.feature.destroy','catalog','Modules\\Catalog\\Http\\Controllers\\Cms\\FeatureController','destroy',NULL,'','2021-02-23 09:22:25','2021-02-23 09:22:25'),(227,'catalog.feature.restore','catalog','Modules\\Catalog\\Http\\Controllers\\Cms\\FeatureController','restore',NULL,'','2021-02-23 09:22:25','2021-02-23 09:22:25'),(228,'developer.page.index','developer','Modules\\Developer\\Http\\Controllers\\PageController','index',NULL,'','2021-02-23 09:22:26','2021-02-23 09:22:26'),(229,'developer.page.create','developer','Modules\\Developer\\Http\\Controllers\\PageController','create',NULL,'','2021-02-23 09:22:26','2021-02-23 09:22:26'),(230,'developer.page.store','developer','Modules\\Developer\\Http\\Controllers\\PageController','store',NULL,'','2021-02-23 09:22:26','2021-02-23 09:22:26'),(231,'developer.page.edit','developer','Modules\\Developer\\Http\\Controllers\\PageController','edit',NULL,'','2021-02-23 09:22:26','2021-02-23 09:22:26'),(232,'developer.page.update','developer','Modules\\Developer\\Http\\Controllers\\PageController','update',NULL,'','2021-02-23 09:22:26','2021-02-23 09:22:26'),(233,'developer.page.active','developer','Modules\\Developer\\Http\\Controllers\\PageController','active',NULL,'','2021-02-23 09:22:26','2021-02-23 09:22:26'),(234,'developer.page.destroy','developer','Modules\\Developer\\Http\\Controllers\\PageController','destroy',NULL,'','2021-02-23 09:22:26','2021-02-23 09:22:26'),(235,'developer.seo_page.index','developer','Modules\\Developer\\Http\\Controllers\\SeoPageController','index',NULL,'','2021-02-23 09:22:26','2021-02-23 09:22:26'),(236,'developer.seo_page.create','developer','Modules\\Developer\\Http\\Controllers\\SeoPageController','create',NULL,'','2021-02-23 09:22:26','2021-02-23 09:22:26'),(237,'developer.seo_page.store','developer','Modules\\Developer\\Http\\Controllers\\SeoPageController','store',NULL,'','2021-02-23 09:22:26','2021-02-23 09:22:26'),(238,'developer.seo_page.edit','developer','Modules\\Developer\\Http\\Controllers\\SeoPageController','edit',NULL,'','2021-02-23 09:22:26','2021-02-23 09:22:26'),(239,'developer.seo_page.update','developer','Modules\\Developer\\Http\\Controllers\\SeoPageController','update',NULL,'','2021-02-23 09:22:26','2021-02-23 09:22:26'),(240,'developer.make_widget.create','developer','Modules\\Developer\\Http\\Controllers\\MakeWidgetController','create',NULL,'','2021-02-23 09:22:26','2021-02-23 09:22:26'),(241,'developer.make_widget.store','developer','Modules\\Developer\\Http\\Controllers\\MakeWidgetController','store',NULL,'','2021-02-23 09:22:27','2021-02-23 09:22:27'),(242,'developer.template.index','developer','Modules\\Developer\\Http\\Controllers\\TemplateController','index',NULL,'','2021-02-23 09:22:27','2021-02-23 09:22:27'),(243,'developer.template.create','developer','Modules\\Developer\\Http\\Controllers\\TemplateController','create',NULL,'','2021-02-23 09:22:27','2021-02-23 09:22:27'),(244,'developer.template.store','developer','Modules\\Developer\\Http\\Controllers\\TemplateController','store',NULL,'','2021-02-23 09:22:27','2021-02-23 09:22:27'),(245,'developer.template.edit','developer','Modules\\Developer\\Http\\Controllers\\TemplateController','edit',NULL,'','2021-02-23 09:22:27','2021-02-23 09:22:27'),(246,'developer.template.update','developer','Modules\\Developer\\Http\\Controllers\\TemplateController','update',NULL,'','2021-02-23 09:22:27','2021-02-23 09:22:27'),(247,'developer.route.index','developer','Modules\\Developer\\Http\\Controllers\\RouteController','index',NULL,'','2021-02-23 09:22:27','2021-02-23 09:22:27'),(248,'developer.module.index','developer','Modules\\Developer\\Http\\Controllers\\ModuleController','index',NULL,'','2021-02-23 09:22:27','2021-02-23 09:22:27'),(249,'developer.module.create','developer','Modules\\Developer\\Http\\Controllers\\ModuleController','create',NULL,'','2021-02-23 09:22:27','2021-02-23 09:22:27'),(250,'developer.module.store','developer','Modules\\Developer\\Http\\Controllers\\ModuleController','store',NULL,'','2021-02-23 09:22:27','2021-02-23 09:22:27'),(251,'developer.module.edit','developer','Modules\\Developer\\Http\\Controllers\\ModuleController','edit',NULL,'','2021-02-23 09:22:27','2021-02-23 09:22:27'),(252,'developer.module.update','developer','Modules\\Developer\\Http\\Controllers\\ModuleController','update',NULL,'','2021-02-23 09:22:27','2021-02-23 09:22:27'),(253,'developer.entity_component.index','developer','Modules\\Developer\\Http\\Controllers\\EntityComponentController','index',NULL,'','2021-02-23 09:22:28','2021-02-23 09:22:28'),(254,'developer.entity_component.create','developer','Modules\\Developer\\Http\\Controllers\\EntityComponentController','create',NULL,'','2021-02-23 09:22:28','2021-02-23 09:22:28'),(255,'developer.entity_component.store','developer','Modules\\Developer\\Http\\Controllers\\EntityComponentController','store',NULL,'','2021-02-23 09:22:28','2021-02-23 09:22:28'),(256,'developer.entity_component.edit','developer','Modules\\Developer\\Http\\Controllers\\EntityComponentController','edit',NULL,'','2021-02-23 09:22:28','2021-02-23 09:22:28'),(257,'developer.entity_component.update','developer','Modules\\Developer\\Http\\Controllers\\EntityComponentController','update',NULL,'','2021-02-23 09:22:28','2021-02-23 09:22:28'),(258,'developer.entity_component.destroy','developer','Modules\\Developer\\Http\\Controllers\\EntityComponentController','destroy',NULL,'','2021-02-23 09:22:28','2021-02-23 09:22:28'),(259,'developer.frontend_menu_root.index','developer','Modules\\Developer\\Http\\Controllers\\FrontendMenuRootController','index',NULL,'','2021-02-23 09:22:28','2021-02-23 09:22:28'),(260,'developer.frontend_menu_root.create','developer','Modules\\Developer\\Http\\Controllers\\FrontendMenuRootController','create',NULL,'','2021-02-23 09:22:28','2021-02-23 09:22:28'),(261,'developer.frontend_menu_root.store','developer','Modules\\Developer\\Http\\Controllers\\FrontendMenuRootController','store',NULL,'','2021-02-23 09:22:28','2021-02-23 09:22:28'),(262,'developer.frontend_menu_root.edit','developer','Modules\\Developer\\Http\\Controllers\\FrontendMenuRootController','edit',NULL,'','2021-02-23 09:22:28','2021-02-23 09:22:28'),(263,'developer.frontend_menu_root.update','developer','Modules\\Developer\\Http\\Controllers\\FrontendMenuRootController','update',NULL,'','2021-02-23 09:22:28','2021-02-23 09:22:28'),(264,'developer.frontend_menu_root.destroy','developer','Modules\\Developer\\Http\\Controllers\\FrontendMenuRootController','destroy',NULL,'','2021-02-23 09:22:28','2021-02-23 09:22:28'),(281,'section.main.index','section','App\\Http\\Controllers\\Cms\\PagesController','index',NULL,'{\"template_id\":1,\"page_id\":1,\"routes\":{\"method\":\"get\",\"uri\":\"page\\/{page}\\/main\",\"type\":\"section\",\"controller\":\"PagesController\",\"action\":\"index\",\"slug\":\"section.main.index\"}}','2021-02-23 10:22:34','2021-02-23 10:22:34'),(282,'section.main.update','section','App\\Http\\Controllers\\Cms\\PagesController','update',NULL,'{\"template_id\":1,\"page_id\":1,\"routes\":{\"method\":\"patch\",\"uri\":\"page\\/{page}\\/main\",\"type\":\"section\",\"controller\":\"PagesController\",\"action\":\"update\",\"slug\":\"section.main.update\"}}','2021-02-23 10:22:34','2021-02-23 10:22:34'),(283,'section.catalog.index','section','App\\Http\\Controllers\\Cms\\PagesController','index',NULL,'{\"template_id\":2,\"page_id\":2,\"routes\":{\"method\":\"get\",\"uri\":\"page\\/{page}\\/catalog\",\"type\":\"section\",\"controller\":\"PagesController\",\"action\":\"index\",\"slug\":\"section.catalog.index\"}}','2021-02-23 10:02:17','2021-02-23 10:02:17'),(284,'section.catalog.update','section','App\\Http\\Controllers\\Cms\\PagesController','update',NULL,'{\"template_id\":2,\"page_id\":2,\"routes\":{\"method\":\"patch\",\"uri\":\"page\\/{page}\\/catalog\",\"type\":\"section\",\"controller\":\"PagesController\",\"action\":\"update\",\"slug\":\"section.catalog.update\"}}','2021-02-23 10:02:17','2021-02-23 10:02:17'),(285,'module.page_info_child.active','module','Modules\\Information\\Http\\Controllers\\Cms\\PageInformationChildrenController','active',NULL,'','2021-02-24 15:09:44','2021-02-24 15:09:44'),(286,'module.page_info_child.destroy','module','Modules\\Information\\Http\\Controllers\\Cms\\PageInformationChildrenController','destroy',NULL,'','2021-02-24 15:15:03','2021-02-24 15:15:03'),(287,'module.page_info_child.restore','module','Modules\\Information\\Http\\Controllers\\Cms\\PageInformationChildrenController','restore',NULL,'','2021-02-24 15:18:57','2021-02-24 15:18:57'),(288,'section.news.index','section','App\\Http\\Controllers\\Cms\\PagesController','index',NULL,'{\"template_id\":3,\"page_id\":3,\"routes\":{\"method\":\"get\",\"uri\":\"page\\/{page}\\/news\",\"type\":\"section\",\"controller\":\"PagesController\",\"action\":\"index\",\"slug\":\"section.news.index\"}}','2021-02-25 07:25:51','2021-02-25 07:25:51'),(289,'section.news.update','section','App\\Http\\Controllers\\Cms\\PagesController','update',NULL,'{\"template_id\":3,\"page_id\":3,\"routes\":{\"method\":\"patch\",\"uri\":\"page\\/{page}\\/news\",\"type\":\"section\",\"controller\":\"PagesController\",\"action\":\"update\",\"slug\":\"section.news.update\"}}','2021-02-25 07:25:51','2021-02-25 07:25:51'),(290,'module.page_entity_banner.create','module','Modules\\Banner\\Http\\Controllers\\Cms\\PageEntityBannerController','create',NULL,'','2021-02-25 09:57:23','2021-02-25 09:57:23'),(291,'module.page_entity_banner.store','module','Modules\\Banner\\Http\\Controllers\\Cms\\PageEntityBannerController','store',NULL,'','2021-02-25 09:57:23','2021-02-25 09:57:23'),(292,'module.page_entity_banner.edit','module','Modules\\Banner\\Http\\Controllers\\Cms\\PageEntityBannerController','edit',NULL,'','2021-02-25 09:57:23','2021-02-25 09:57:23'),(293,'module.page_entity_banner.update','module','Modules\\Banner\\Http\\Controllers\\Cms\\PageEntityBannerController','update',NULL,'','2021-02-25 09:57:24','2021-02-25 09:57:24'),(294,'module.page_entity_banner.active','module','Modules\\Banner\\Http\\Controllers\\Cms\\PageEntityBannerController','active',NULL,'','2021-02-25 09:57:24','2021-02-25 09:57:24'),(295,'module.page_entity_banner.destroy','module','Modules\\Banner\\Http\\Controllers\\Cms\\PageEntityBannerController','destroy',NULL,'','2021-02-25 09:57:24','2021-02-25 09:57:24'),(296,'module.page_entity_banner.restore','module','Modules\\Banner\\Http\\Controllers\\Cms\\PageEntityBannerController','restore',NULL,'','2021-02-25 09:57:24','2021-02-25 09:57:24'),(297,'module.page_entity_banner.index','module','Modules\\Banner\\Http\\Controllers\\Cms\\PageEntityBannerController','index',NULL,'','2021-02-25 10:00:28','2021-02-25 10:00:28'),(298,'section.aboutcompany.index','section','App\\Http\\Controllers\\Cms\\PagesController','index',NULL,'{\"template_id\":4,\"page_id\":67,\"routes\":{\"method\":\"get\",\"uri\":\"page\\/{page}\\/aboutcompany\",\"type\":\"section\",\"controller\":\"PagesController\",\"action\":\"index\",\"slug\":\"section.aboutcompany.index\"}}','2021-03-01 15:57:43','2021-03-01 15:57:43'),(299,'section.aboutcompany.update','section','App\\Http\\Controllers\\Cms\\PagesController','update',NULL,'{\"template_id\":4,\"page_id\":67,\"routes\":{\"method\":\"patch\",\"uri\":\"page\\/{page}\\/aboutcompany\",\"type\":\"section\",\"controller\":\"PagesController\",\"action\":\"update\",\"slug\":\"section.aboutcompany.update\"}}','2021-03-01 15:57:43','2021-03-01 15:57:43'),(300,'root.country.index','root','Modules\\Shop\\Http\\Controllers\\CountryController','index',NULL,'','2021-03-02 10:55:20','2021-03-02 10:55:20'),(301,'root.shop.index','root','Modules\\Shop\\Http\\Controllers\\ShopController','index',NULL,'','2021-03-02 10:55:20','2021-03-02 10:55:20'),(302,'root.shop.active','root','Modules\\Shop\\Http\\Controllers\\ShopController','active',NULL,'','2021-03-02 10:55:20','2021-03-02 10:55:20'),(303,'root.shop.restore','root','Modules\\Shop\\Http\\Controllers\\ShopController','restore',NULL,'','2021-03-02 10:55:21','2021-03-02 10:55:21'),(306,'root.country.create','root','Modules\\Shop\\Http\\Controllers\\CountryController','create',NULL,'','2021-03-02 11:02:29','2021-03-02 11:02:29'),(307,'root.country.store','root','Modules\\Shop\\Http\\Controllers\\CountryController','store',NULL,'','2021-03-02 11:06:31','2021-03-02 11:06:31'),(308,'root.country.edit','root','Modules\\Shop\\Http\\Controllers\\CountryController','edit',NULL,'','2021-03-02 11:06:31','2021-03-02 11:06:31'),(309,'root.country.update','root','Modules\\Shop\\Http\\Controllers\\CountryController','update',NULL,'','2021-03-02 11:06:31','2021-03-02 11:06:31'),(310,'root.country.active','root','Modules\\Shop\\Http\\Controllers\\CountryController','active',NULL,'','2021-03-02 11:06:31','2021-03-02 11:06:31'),(311,'root.country.destroy','root','Modules\\Shop\\Http\\Controllers\\CountryController','destroy',NULL,'','2021-03-02 11:06:31','2021-03-02 11:06:31'),(312,'root.country.show','root','Modules\\Shop\\Http\\Controllers\\CountryController','show',NULL,'','2021-03-02 11:29:24','2021-03-02 11:29:24'),(313,'root.country.restore','root','Modules\\Shop\\Http\\Controllers\\CountryController','restore',NULL,'','2021-03-02 11:43:46','2021-03-02 11:43:46'),(314,'root.shop.create','root','Modules\\Shop\\Http\\Controllers\\ShopController','create',NULL,'','2021-03-02 11:47:58','2021-03-02 11:47:58'),(315,'root.shop.store','root','Modules\\Shop\\Http\\Controllers\\ShopController','store',NULL,'','2021-03-02 11:49:49','2021-03-02 11:49:49'),(316,'root.shop.edit','root','Modules\\Shop\\Http\\Controllers\\ShopController','edit',NULL,'','2021-03-02 12:22:42','2021-03-02 12:22:42'),(317,'root.shop.update','root','Modules\\Shop\\Http\\Controllers\\ShopController','update',NULL,'','2021-03-02 12:23:38','2021-03-02 12:23:38'),(318,'module.entity_map.index','module','Modules\\Map\\Http\\Controllers\\Cms\\EntityMapController','index',NULL,'','2021-03-02 12:47:41','2021-03-02 12:47:41'),(319,'module.entity_map.update','module','Modules\\Map\\Http\\Controllers\\EntityMapController','update',NULL,'','2021-03-02 13:16:22','2021-03-02 13:16:22'),(320,'section.contacts.index','section','App\\Http\\Controllers\\Cms\\PagesController','index',NULL,'{\"template_id\":5,\"page_id\":68,\"routes\":{\"method\":\"get\",\"uri\":\"page\\/{page}\\/contacts\",\"type\":\"section\",\"controller\":\"PagesController\",\"action\":\"index\",\"slug\":\"section.contacts.index\"}}','2021-03-02 14:03:15','2021-03-02 14:03:15'),(321,'section.contacts.update','section','App\\Http\\Controllers\\Cms\\PagesController','update',NULL,'{\"template_id\":5,\"page_id\":68,\"routes\":{\"method\":\"patch\",\"uri\":\"page\\/{page}\\/contacts\",\"type\":\"section\",\"controller\":\"PagesController\",\"action\":\"update\",\"slug\":\"section.contacts.update\"}}','2021-03-02 14:03:15','2021-03-02 14:03:15'),(322,'root.shop.destroy','root','Modules\\Shop\\Http\\Controllers\\ShopController','destroy',NULL,'','2021-03-03 10:14:46','2021-03-03 10:14:46'),(323,'module.entity_map.create','module','Modules\\Map\\Http\\Controllers\\EntityMapController','create',NULL,'','2021-03-03 11:14:22','2021-03-03 11:14:22'),(324,'module.entity_map.destroy','module','Modules\\Map\\Http\\Controllers\\EntityMapController','destroy',NULL,'','2021-03-03 15:05:47','2021-03-03 15:05:47'),(325,'module.entity_contact.index','module','Modules\\Shop\\Http\\Controllers\\EntityContactController','index',NULL,'','2021-03-03 16:05:08','2021-03-03 16:05:08'),(326,'module.entity_contact.create','module','Modules\\Shop\\Http\\Controllers\\EntityContactController','create',NULL,'','2021-03-03 16:05:08','2021-03-03 16:05:08'),(327,'module.entity_contact.store','module','Modules\\Shop\\Http\\Controllers\\EntityContactController','store',NULL,'','2021-03-03 16:05:08','2021-03-03 16:05:08'),(328,'module.entity_contact.store','module','Modules\\Shop\\Http\\Controllers\\EntityContactController','store',NULL,'','2021-03-03 16:05:08','2021-03-03 16:05:08'),(329,'module.entity_contact.edit','module','Modules\\Shop\\Http\\Controllers\\EntityContactController','edit',NULL,'','2021-03-03 16:05:08','2021-03-03 16:05:08'),(330,'module.entity_contact.update','module','Modules\\Shop\\Http\\Controllers\\EntityContactController','update',NULL,'','2021-03-03 16:05:08','2021-03-03 16:05:08'),(331,'module.entity_contact.destroy','module','Modules\\Shop\\Http\\Controllers\\EntityContactController','destroy',NULL,'','2021-03-03 16:05:08','2021-03-03 16:05:08'),(332,'module.entity_contact.active','module','Modules\\Shop\\Http\\Controllers\\EntityContactController','active',NULL,'','2021-03-04 07:42:34','2021-03-04 07:42:34'),(333,'module.entity_contact.restore','module','Modules\\Shop\\Http\\Controllers\\EntityContactController','restore',NULL,'','2021-03-04 07:42:35','2021-03-04 07:42:35'),(334,'root.shop.change','root','Modules\\Shop\\Http\\Controllers\\ShopController','change',NULL,'','2021-03-04 08:04:48','2021-03-04 08:04:48'),(335,'section.service.index','section','App\\Http\\Controllers\\Cms\\PagesController','index',NULL,'{\"template_id\":4,\"page_id\":69,\"routes\":{\"method\":\"get\",\"uri\":\"page\\/{page}\\/service\",\"type\":\"section\",\"controller\":\"PagesController\",\"action\":\"index\",\"slug\":\"section.service.index\"}}','2021-03-05 11:52:44','2021-03-05 11:52:44'),(336,'section.service.update','section','App\\Http\\Controllers\\Cms\\PagesController','update',NULL,'{\"template_id\":4,\"page_id\":69,\"routes\":{\"method\":\"patch\",\"uri\":\"page\\/{page}\\/service\",\"type\":\"section\",\"controller\":\"PagesController\",\"action\":\"update\",\"slug\":\"section.service.update\"}}','2021-03-05 11:52:44','2021-03-05 11:52:44'),(337,'section.kontrolkachestva.index','section','App\\Http\\Controllers\\Cms\\PagesController','index',NULL,'{\"template_id\":4,\"page_id\":70,\"routes\":{\"method\":\"get\",\"uri\":\"page\\/{page}\\/kontrolkachestva\",\"type\":\"section\",\"controller\":\"PagesController\",\"action\":\"index\",\"slug\":\"section.kontrolkachestva.index\"}}','2021-03-05 11:53:25','2021-03-05 11:53:25'),(338,'section.kontrolkachestva.update','section','App\\Http\\Controllers\\Cms\\PagesController','update',NULL,'{\"template_id\":4,\"page_id\":70,\"routes\":{\"method\":\"patch\",\"uri\":\"page\\/{page}\\/kontrolkachestva\",\"type\":\"section\",\"controller\":\"PagesController\",\"action\":\"update\",\"slug\":\"section.kontrolkachestva.update\"}}','2021-03-05 11:53:25','2021-03-05 11:53:25'),(339,'section.isledovanieirazvitie.index','section','App\\Http\\Controllers\\Cms\\PagesController','index',NULL,'{\"template_id\":4,\"page_id\":71,\"routes\":{\"method\":\"get\",\"uri\":\"page\\/{page}\\/isledovanieirazvitie\",\"type\":\"section\",\"controller\":\"PagesController\",\"action\":\"index\",\"slug\":\"section.isledovanieirazvitie.index\"}}','2021-03-05 11:54:00','2021-03-05 11:54:00'),(340,'section.isledovanieirazvitie.update','section','App\\Http\\Controllers\\Cms\\PagesController','update',NULL,'{\"template_id\":4,\"page_id\":71,\"routes\":{\"method\":\"patch\",\"uri\":\"page\\/{page}\\/isledovanieirazvitie\",\"type\":\"section\",\"controller\":\"PagesController\",\"action\":\"update\",\"slug\":\"section.isledovanieirazvitie.update\"}}','2021-03-05 11:54:00','2021-03-05 11:54:00'),(341,'section.proizvodstvo.index','section','App\\Http\\Controllers\\Cms\\PagesController','index',NULL,'{\"template_id\":4,\"page_id\":72,\"routes\":{\"method\":\"get\",\"uri\":\"page\\/{page}\\/proizvodstvo\",\"type\":\"section\",\"controller\":\"PagesController\",\"action\":\"index\",\"slug\":\"section.proizvodstvo.index\"}}','2021-03-05 11:54:35','2021-03-05 11:54:35'),(342,'section.proizvodstvo.update','section','App\\Http\\Controllers\\Cms\\PagesController','update',NULL,'{\"template_id\":4,\"page_id\":72,\"routes\":{\"method\":\"patch\",\"uri\":\"page\\/{page}\\/proizvodstvo\",\"type\":\"section\",\"controller\":\"PagesController\",\"action\":\"update\",\"slug\":\"section.proizvodstvo.update\"}}','2021-03-05 11:54:35','2021-03-05 11:54:35'),(343,'section.parfyumerniybrend.index','section','App\\Http\\Controllers\\Cms\\PagesController','index',NULL,'{\"template_id\":4,\"page_id\":73,\"routes\":{\"method\":\"get\",\"uri\":\"page\\/{page}\\/parfyumerniybrend\",\"type\":\"section\",\"controller\":\"PagesController\",\"action\":\"index\",\"slug\":\"section.parfyumerniybrend.index\"}}','2021-03-05 11:55:10','2021-03-05 11:55:10'),(344,'section.parfyumerniybrend.update','section','App\\Http\\Controllers\\Cms\\PagesController','update',NULL,'{\"template_id\":4,\"page_id\":73,\"routes\":{\"method\":\"patch\",\"uri\":\"page\\/{page}\\/parfyumerniybrend\",\"type\":\"section\",\"controller\":\"PagesController\",\"action\":\"update\",\"slug\":\"section.parfyumerniybrend.update\"}}','2021-03-05 11:55:10','2021-03-05 11:55:10'),(345,'section.politikakonfidencialnosti.index','section','App\\Http\\Controllers\\Cms\\PagesController','index',NULL,'{\"template_id\":4,\"page_id\":74,\"routes\":{\"method\":\"get\",\"uri\":\"page\\/{page}\\/politikakonfidencialnosti\",\"type\":\"section\",\"controller\":\"PagesController\",\"action\":\"index\",\"slug\":\"section.politikakonfidencialnosti.index\"}}','2021-03-05 11:56:41','2021-03-05 11:56:41'),(346,'section.politikakonfidencialnosti.update','section','App\\Http\\Controllers\\Cms\\PagesController','update',NULL,'{\"template_id\":4,\"page_id\":74,\"routes\":{\"method\":\"patch\",\"uri\":\"page\\/{page}\\/politikakonfidencialnosti\",\"type\":\"section\",\"controller\":\"PagesController\",\"action\":\"update\",\"slug\":\"section.politikakonfidencialnosti.update\"}}','2021-03-05 11:56:41','2021-03-05 11:56:41'),(348,'root.frontend_menu.create','root','App\\Http\\Controllers\\Cms\\FrontendMenuController','create',NULL,'','2021-03-17 11:26:26','2021-03-17 11:26:26'),(349,'root.frontend_menu.add_tree','root','App\\Http\\Controllers\\Cms\\FrontendMenuController','addTree',NULL,'','2021-03-17 12:49:19','2021-03-17 12:49:19'),(350,'admin.administration.change_password','admin','App\\Http\\Controllers\\Cms\\AdministrationController','change_password',NULL,'','2021-05-07 09:55:25','2021-05-07 09:55:25'),(352,'admin.administration.api_token','admin','App\\Http\\Controllers\\Cms\\AdministrationController','api_token',NULL,'','2021-05-07 09:58:15','2021-05-07 09:58:15'),(353,'root.newsletter.index','root','Modules\\Newsletter\\Http\\Controllers\\NewsletterController','index',NULL,'','2021-07-13 13:06:23','2021-07-13 13:06:23'),(354,'module.unisharp.lfm.show','module','UniSharp\\LaravelFilemanager\\Controllers\\LfmController','show',NULL,'','2021-07-13 13:06:23','2021-07-13 13:06:23'),(355,'module.unisharp.lfm.getErrors','module','UniSharp\\LaravelFilemanager\\Controllers\\LfmController','getErrors',NULL,'','2021-07-13 13:06:24','2021-07-13 13:06:24'),(356,'module.unisharp.lfm.upload','module','UniSharp\\LaravelFilemanager\\Controllers\\UploadController','upload',NULL,'','2021-07-13 13:06:24','2021-07-13 13:06:24'),(357,'module.unisharp.lfm.getItems','module','UniSharp\\LaravelFilemanager\\Controllers\\ItemsController','getItems',NULL,'','2021-07-13 13:06:24','2021-07-13 13:06:24'),(358,'module.unisharp.lfm.move','module','UniSharp\\LaravelFilemanager\\Controllers\\ItemsController','move',NULL,'','2021-07-13 13:06:24','2021-07-13 13:06:24'),(359,'module.unisharp.lfm.domove','module','UniSharp\\LaravelFilemanager\\Controllers\\ItemsController','domove',NULL,'','2021-07-13 13:06:24','2021-07-13 13:06:24'),(360,'module.unisharp.lfm.getAddfolder','module','UniSharp\\LaravelFilemanager\\Controllers\\FolderController','getAddfolder',NULL,'','2021-07-13 13:06:24','2021-07-13 13:06:24'),(361,'module.unisharp.lfm.getFolders','module','UniSharp\\LaravelFilemanager\\Controllers\\FolderController','getFolders',NULL,'','2021-07-13 13:06:24','2021-07-13 13:06:24'),(362,'module.unisharp.lfm.getCrop','module','UniSharp\\LaravelFilemanager\\Controllers\\CropController','getCrop',NULL,'','2021-07-13 13:06:24','2021-07-13 13:06:24'),(363,'module.unisharp.lfm.getCropimage','module','UniSharp\\LaravelFilemanager\\Controllers\\CropController','getCropimage',NULL,'','2021-07-13 13:06:24','2021-07-13 13:06:24'),(364,'module.unisharp.lfm.getCropnewimage','module','UniSharp\\LaravelFilemanager\\Controllers\\CropController','getNewCropimage',NULL,'','2021-07-13 13:06:24','2021-07-13 13:06:24'),(365,'module.unisharp.lfm.getRename','module','UniSharp\\LaravelFilemanager\\Controllers\\RenameController','getRename',NULL,'','2021-07-13 13:06:24','2021-07-13 13:06:24'),(366,'module.unisharp.lfm.getResize','module','UniSharp\\LaravelFilemanager\\Controllers\\ResizeController','getResize',NULL,'','2021-07-13 13:06:24','2021-07-13 13:06:24'),(367,'module.unisharp.lfm.performResize','module','UniSharp\\LaravelFilemanager\\Controllers\\ResizeController','performResize',NULL,'','2021-07-13 13:06:24','2021-07-13 13:06:24'),(368,'module.unisharp.lfm.getDownload','module','UniSharp\\LaravelFilemanager\\Controllers\\DownloadController','getDownload',NULL,'','2021-07-13 13:06:24','2021-07-13 13:06:24'),(369,'module.unisharp.lfm.getDelete','module','UniSharp\\LaravelFilemanager\\Controllers\\DeleteController','getDelete',NULL,'','2021-07-13 13:06:24','2021-07-13 13:06:24'),(370,'module.unisharp.lfm.','module','UniSharp\\LaravelFilemanager\\Controllers\\DemoController','index',NULL,'','2021-07-13 13:06:24','2021-07-13 13:06:24'),(371,'root.log.index','root','Modules\\Synchronize\\Http\\Controllers\\LogController','index',NULL,'','2021-07-29 10:21:03','2021-07-29 10:21:03'),(372,'root.log.destroy','root','Modules\\Synchronize\\Http\\Controllers\\LogController','destroy',NULL,'','2021-07-29 11:52:26','2021-07-29 11:52:26');
/*!40000 ALTER TABLE `permissions` ENABLE KEYS */;
UNLOCK TABLES;
DROP TABLE IF EXISTS `price_types`;
/*!40101 SET @saved_cs_client     = @@character_set_client */;
/*!40101 SET character_set_client = utf8 */;
CREATE TABLE `price_types` (
  `id` bigint(20) unsigned NOT NULL AUTO_INCREMENT,
  `currency_id` bigint(20) unsigned NOT NULL,
  `name` varchar(255) COLLATE utf8mb4_unicode_ci DEFAULT NULL,
  `key` varchar(255) COLLATE utf8mb4_unicode_ci DEFAULT NULL,
  `active` tinyint(1) NOT NULL DEFAULT 1,
  `deleted_at` timestamp NULL DEFAULT NULL,
  PRIMARY KEY (`id`),
  KEY `price_types_currency_id_foreign` (`currency_id`),
  KEY `type_price_key_index` (`key`),
  KEY `price_types_key_index` (`key`),
  CONSTRAINT `price_types_currency_id_foreign` FOREIGN KEY (`currency_id`) REFERENCES `currencies` (`id`) ON DELETE CASCADE
) ENGINE=InnoDB DEFAULT CHARSET=utf8mb4 COLLATE=utf8mb4_unicode_ci;
/*!40101 SET character_set_client = @saved_cs_client */;

LOCK TABLES `price_types` WRITE;
/*!40000 ALTER TABLE `price_types` DISABLE KEYS */;
/*!40000 ALTER TABLE `price_types` ENABLE KEYS */;
UNLOCK TABLES;
DROP TABLE IF EXISTS `product_categories`;
/*!40101 SET @saved_cs_client     = @@character_set_client */;
/*!40101 SET character_set_client = utf8 */;
CREATE TABLE `product_categories` (
  `id` bigint(20) unsigned NOT NULL AUTO_INCREMENT,
  `parent_page_id` bigint(20) unsigned DEFAULT NULL,
  `_lft` int(10) unsigned NOT NULL DEFAULT 0,
  `_rgt` int(10) unsigned NOT NULL DEFAULT 0,
  `parent_id` int(10) unsigned DEFAULT NULL,
  `order` int(11) NOT NULL DEFAULT 0,
  `code_1c` varchar(255) COLLATE utf8mb4_unicode_ci NOT NULL COMMENT 'field kod_katochki_price in remote database',
  `parent_code_1c` varchar(255) COLLATE utf8mb4_unicode_ci DEFAULT NULL,
  `data` longtext CHARACTER SET utf8mb4 COLLATE utf8mb4_bin DEFAULT NULL COMMENT 'all data from remote database in json format',
  `deleted_at` timestamp NULL DEFAULT NULL,
  PRIMARY KEY (`id`),
  KEY `product_categories__lft__rgt_parent_id_index` (`_lft`,`_rgt`,`parent_id`),
  KEY `product_categories_parent_page_id_foreign` (`parent_page_id`),
  KEY `product_categories_parent_code_1c_index` (`parent_code_1c`),
  CONSTRAINT `product_categories_parent_page_id_foreign` FOREIGN KEY (`parent_page_id`) REFERENCES `pages` (`id`) ON DELETE CASCADE
) ENGINE=InnoDB AUTO_INCREMENT=65 DEFAULT CHARSET=utf8mb4 COLLATE=utf8mb4_unicode_ci;
/*!40101 SET character_set_client = @saved_cs_client */;

LOCK TABLES `product_categories` WRITE;
/*!40000 ALTER TABLE `product_categories` DISABLE KEYS */;
INSERT INTO `product_categories` VALUES (1,2,1,8,NULL,1,'000000247','0','{\"code_1c\":\"000000247\",\"description\":[{\"lang\":\"ru\",\"text\":\"Автоароматизаторы, Новая коллекция\"}],\"text\":[],\"name\":[{\"lang\":\"ru\",\"text\":\"Автоароматизаторы, Новая коллекция\"}],\"parent\":\"0\",\"columns\":[{\"name\":\"Усиленная\",\"serial_number\":1},{\"name\":\"Стандартная\",\"serial_number\":2}],\"type_aroma\":\"0\",\"is_flavoring\":\"0\"}',NULL),(2,2,9,32,NULL,2,'000000261','0','{\"code_1c\":\"000000261\",\"description\":[{\"lang\":\"ru\",\"text\":\"Отдушки для Бытовой химии\"}],\"text\":[],\"name\":[{\"lang\":\"ru\",\"text\":\"Отдушки для Бытовой химии\"}],\"parent\":\"0\",\"columns\":[],\"type_aroma\":\"0\",\"is_flavoring\":\"0\"}',NULL),(3,2,33,38,NULL,3,'000000263','0','{\"code_1c\":\"000000263\",\"description\":[{\"lang\":\"ru\",\"text\":\"Отдушки для маскировки запахов растворителей\"}],\"text\":[],\"name\":[{\"lang\":\"ru\",\"text\":\"Отдушки для маскировки запахов растворителей\"}],\"parent\":\"0\",\"columns\":[],\"type_aroma\":\"0\",\"is_flavoring\":\"0\"}',NULL),(4,2,39,56,NULL,4,'000000264','0','{\"code_1c\":\"000000264\",\"description\":[{\"lang\":\"ru\",\"text\":\"Отдушки для косметики\"}],\"text\":[],\"name\":[{\"lang\":\"ru\",\"text\":\"Отдушки для косметики\"}],\"parent\":\"0\",\"columns\":[],\"type_aroma\":\"0\",\"is_flavoring\":\"0\"}',NULL),(5,2,57,64,NULL,5,'000000267','0','{\"code_1c\":\"000000267\",\"description\":[{\"lang\":\"ru\",\"text\":\"Отдушки парфюмерные\"}],\"text\":[],\"name\":[{\"lang\":\"ru\",\"text\":\"Отдушки парфюмерные\"}],\"parent\":\"0\",\"columns\":[],\"type_aroma\":\"0\",\"is_flavoring\":\"0\"}',NULL),(6,2,65,70,NULL,6,'000000271','0','{\"code_1c\":\"000000271\",\"description\":[{\"lang\":\"ru\",\"text\":\"Отдушки для туалетного мыла\"}],\"text\":[],\"name\":[{\"lang\":\"ru\",\"text\":\"Отдушки для туалетного мыла\"}],\"parent\":\"0\",\"columns\":[],\"type_aroma\":\"0\",\"is_flavoring\":\"0\"}',NULL),(7,2,71,76,NULL,7,'000000272','0','{\"code_1c\":\"000000272\",\"description\":[{\"lang\":\"ru\",\"text\":\"Отдушки для освежителей воздуха\"}],\"text\":[],\"name\":[{\"lang\":\"ru\",\"text\":\"Отдушки для освежителей воздуха\"}],\"parent\":\"0\",\"columns\":[],\"type_aroma\":\"0\",\"is_flavoring\":\"0\"}',NULL),(8,2,77,78,NULL,8,'000000276','0','{\"code_1c\":\"000000276\",\"description\":[{\"lang\":\"ru\",\"text\":\"Специальные продукты для парфюмерии и ароматизаторов\"}],\"text\":[],\"name\":[{\"lang\":\"ru\",\"text\":\"Специальные продукты для парфюмерии и ароматизаторов\"}],\"parent\":\"0\",\"columns\":[{\"name\":\"Стандартная\",\"serial_number\":1}],\"type_aroma\":\"0\",\"is_flavoring\":\"0\"}',NULL),(9,2,79,106,NULL,9,'000000281','0','{\"code_1c\":\"000000281\",\"description\":[{\"lang\":\"ru\",\"text\":\"Тематический прайс пищевих ароматизаторов\"}],\"text\":[],\"name\":[{\"lang\":\"ru\",\"text\":\"Тематический прайс пищевих ароматизаторов\"}],\"parent\":\"0\",\"columns\":[],\"type_aroma\":\"0\",\"is_flavoring\":\"0\"}',NULL),(10,2,107,108,NULL,10,'000000010','0','{\"code_1c\":\"000000010\",\"description\":[{\"lang\":\"ru\",\"text\":\"9 Отдушки водорастворимые (серия PLI)\"}],\"text\":[],\"name\":[{\"lang\":\"ru\",\"text\":\"9 Отдушки водорастворимые (серия PLI)\"}],\"parent\":\"0\",\"columns\":[{\"name\":\"Стандартная\",\"serial_number\":1}],\"type_aroma\":\"0\",\"is_flavoring\":\"0\"}',NULL),(11,2,109,110,NULL,11,'000000132','0','{\"code_1c\":\"000000132\",\"description\":[{\"lang\":\"ru\",\"text\":\"Отдушки для мыла ручной работы\"}],\"text\":[],\"name\":[{\"lang\":\"ru\",\"text\":\"Отдушки для мыла ручной работы\"}],\"parent\":\"0\",\"columns\":[{\"name\":\"Усиленная\",\"serial_number\":1}],\"type_aroma\":\"0\",\"is_flavoring\":\"0\"}',NULL),(12,2,111,112,NULL,12,'000000259','0','{\"code_1c\":\"000000259\",\"description\":[{\"lang\":\"ru\",\"text\":\"29 Отдушки для дезинфицирующих средств и антисептиков\"}],\"text\":[],\"name\":[{\"lang\":\"ru\",\"text\":\"29 Отдушки для дезинфицирующих средств и антисептиков\"}],\"parent\":\"0\",\"columns\":[{\"name\":\"Стандартная\",\"serial_number\":1},{\"name\":\"Усиленная\",\"serial_number\":2}],\"type_aroma\":\"0\",\"is_flavoring\":\"0\"}',NULL),(13,2,113,114,NULL,13,'000000133','0','{\"code_1c\":\"000000133\",\"description\":[{\"lang\":\"ru\",\"text\":\"16 Отдушки для свечей (Серия MMH)\"}],\"text\":[],\"name\":[{\"lang\":\"ru\",\"text\":\"16 Отдушки для свечей (Серия MMH)\"}],\"parent\":\"0\",\"columns\":[{\"name\":\"Стандартная\",\"serial_number\":1}],\"type_aroma\":\"0\",\"is_flavoring\":\"0\"}',NULL),(14,2,115,116,NULL,14,'000000283','0','{\"code_1c\":\"000000283\",\"description\":[{\"lang\":\"ru\",\"text\":\"35. Отдушки для производства Ладана и Благовоний\"}],\"text\":[],\"name\":[{\"lang\":\"ru\",\"text\":\"35. Отдушки для производства Ладана и Благовоний\"}],\"parent\":\"0\",\"columns\":[{\"name\":\"Стандартная\",\"serial_number\":1}],\"type_aroma\":\"0\",\"is_flavoring\":\"0\"}',NULL),(15,2,117,118,NULL,15,'000000253','0','{\"code_1c\":\"000000253\",\"description\":[{\"lang\":\"ru\",\"text\":\"Абсолюты эфирных масел\"}],\"text\":[],\"name\":[{\"lang\":\"ru\",\"text\":\"Абсолюты эфирных масел\"}],\"parent\":\"0\",\"columns\":[{\"name\":\"Усиленная\",\"serial_number\":1}],\"type_aroma\":\"0\",\"is_flavoring\":\"0\"}',NULL),(16,2,119,120,NULL,16,'000000013','0','{\"code_1c\":\"000000013\",\"description\":[{\"lang\":\"ru\",\"text\":\"Душистые вещества\"}],\"text\":[],\"name\":[{\"lang\":\"ru\",\"text\":\"Душистые вещества\"}],\"parent\":\"0\",\"columns\":[],\"type_aroma\":\"0\",\"is_flavoring\":\"0\"}',NULL),(17,2,121,122,NULL,17,'000000002','0','{\"code_1c\":\"000000002\",\"description\":[{\"lang\":\"ru\",\"text\":\"Общий прайс на жидкие отдушки\"}],\"text\":[],\"name\":[{\"lang\":\"ru\",\"text\":\"Общий прайс на жидкие отдушки\"}],\"parent\":\"0\",\"columns\":[{\"name\":\"Стандартная\",\"serial_number\":1},{\"name\":\"Усиленная\",\"serial_number\":2}],\"type_aroma\":\"0\",\"is_flavoring\":\"0\"}',NULL),(18,2,123,124,NULL,18,'000000220','0','{\"code_1c\":\"000000220\",\"description\":[{\"lang\":\"gr\",\"text\":\"\"},{\"lang\":\"ru\",\"text\":\"Отдушки серии \\\"ЭКОНОМ\\\"\"}],\"text\":[],\"name\":[{\"lang\":\"gr\",\"text\":\"\"},{\"lang\":\"ru\",\"text\":\"Отдушки серии \\\"ЭКОНОМ\\\"\"}],\"parent\":\"0\",\"columns\":[{\"name\":\"Стандартная\",\"serial_number\":1}],\"type_aroma\":\"0\",\"is_flavoring\":\"0\"}',NULL),(19,2,125,126,NULL,19,'000000160','0','{\"code_1c\":\"000000160\",\"description\":[{\"lang\":\"ru\",\"text\":\"Общий прайс Пищевых Ароматизаторов\"},{\"lang\":\"ua\",\"text\":\"Загальний прайс харчові ароматизатори\"},{\"lang\":\"en\",\"text\":\"Общий прайс Пищевых Ароматизаторов\"}],\"text\":[],\"name\":[{\"lang\":\"ru\",\"text\":\"Общий прайс Пищевых Ароматизаторов\"},{\"lang\":\"ua\",\"text\":\"Загальний прайс харчові ароматизатори\"},{\"lang\":\"en\",\"text\":\"Общий прайс Пищевых Ароматизаторов\"}],\"parent\":\"0\",\"columns\":[{\"name\":\"Серия\",\"serial_number\":1},{\"name\":\"Номер\",\"serial_number\":2},{\"name\":\"Описание профиля\",\"serial_number\":3},{\"name\":\"Цена\",\"serial_number\":4}],\"type_aroma\":\"0\",\"is_flavoring\":\"1\"}',NULL),(20,2,127,128,NULL,20,'000000251','0','{\"code_1c\":\"000000251\",\"description\":[{\"lang\":\"ru\",\"text\":\"Общий прайс на порошкообразные ароматизаторы\"}],\"text\":[],\"name\":[{\"lang\":\"ru\",\"text\":\"Общий прайс на порошкообразные ароматизаторы\"}],\"parent\":\"0\",\"columns\":[{\"name\":\"Серия\",\"serial_number\":1},{\"name\":\"Номер\",\"serial_number\":2},{\"name\":\"Описание профиля\",\"serial_number\":3},{\"name\":\"Рек.\\tдозировка(кг\\/т)\",\"serial_number\":4},{\"name\":\"Цена\",\"serial_number\":5}],\"type_aroma\":\"0\",\"is_flavoring\":\"1\"}',NULL),(21,2,2,3,1,21,'000000012','000000247','{\"code_1c\":\"000000012\",\"description\":[{\"lang\":\"ru\",\"text\":\"10 Отдушки для авто ароматизаторов\"}],\"text\":[],\"name\":[{\"lang\":\"ru\",\"text\":\"10 Отдушки для авто ароматизаторов\"}],\"parent\":\"000000247\",\"columns\":[{\"name\":\"Стандартная\",\"serial_number\":1},{\"name\":\"Усиленная\",\"serial_number\":2}],\"type_aroma\":\"0\",\"is_flavoring\":\"0\"}',NULL),(22,2,4,5,1,22,'000000123','000000247','{\"code_1c\":\"000000123\",\"description\":[{\"lang\":\"ru\",\"text\":\"12 Отдушки для автоароматизаторов типа \\\"Бочонок\\\" (cерия CAF)\"}],\"text\":[],\"name\":[{\"lang\":\"ru\",\"text\":\"12 Отдушки для автоароматизаторов типа \\\"Бочонок\\\" (cерия CAF)\"}],\"parent\":\"000000247\",\"columns\":[{\"name\":\"Стандартная\",\"serial_number\":1}],\"type_aroma\":\"0\",\"is_flavoring\":\"0\"}',NULL),(23,2,6,7,1,23,'000000266','000000247','{\"code_1c\":\"000000266\",\"description\":[{\"lang\":\"ru\",\"text\":\"Полимерная гранула для Саше\"}],\"text\":[],\"name\":[{\"lang\":\"ru\",\"text\":\"Полимерная гранула для Саше\"}],\"parent\":\"000000247\",\"columns\":[],\"type_aroma\":\"0\",\"is_flavoring\":\"0\"}',NULL),(24,2,10,11,2,24,'000000258','000000261','{\"code_1c\":\"000000258\",\"description\":[{\"lang\":\"ru\",\"text\":\"30 Отдушки для кислородного отбеливателя\"}],\"text\":[],\"name\":[{\"lang\":\"ru\",\"text\":\"30 Отдушки для кислородного отбеливателя\"}],\"parent\":\"000000261\",\"columns\":[{\"name\":\"Стандартная\",\"serial_number\":1},{\"name\":\"Усиленная\",\"serial_number\":2}],\"type_aroma\":\"0\",\"is_flavoring\":\"0\"}',NULL),(25,2,12,21,2,25,'000000262','000000261','{\"code_1c\":\"000000262\",\"description\":[{\"lang\":\"ru\",\"text\":\"Средства для стирки\"}],\"text\":[],\"name\":[{\"lang\":\"ru\",\"text\":\"Средства для стирки\"}],\"parent\":\"000000261\",\"columns\":[],\"type_aroma\":\"0\",\"is_flavoring\":\"0\"}',NULL),(26,2,22,29,2,26,'000000269','000000261','{\"code_1c\":\"000000269\",\"description\":[{\"lang\":\"ru\",\"text\":\"Отдушки для агрессивных сред\"}],\"text\":[],\"name\":[{\"lang\":\"ru\",\"text\":\"Отдушки для агрессивных сред\"}],\"parent\":\"000000261\",\"columns\":[],\"type_aroma\":\"0\",\"is_flavoring\":\"0\"}',NULL),(27,2,30,31,2,27,'000000246','000000261','{\"code_1c\":\"000000246\",\"description\":[{\"lang\":\"ru\",\"text\":\"26 Отдушки для средств для мытья полов\"}],\"text\":[],\"name\":[{\"lang\":\"ru\",\"text\":\"26 Отдушки для средств для мытья полов\"}],\"parent\":\"000000261\",\"columns\":[{\"name\":\"Стандартная\",\"serial_number\":1},{\"name\":\"Усиленная\",\"serial_number\":2}],\"type_aroma\":\"0\",\"is_flavoring\":\"0\"}',NULL),(28,2,13,14,25,28,'000000003','000000262','{\"code_1c\":\"000000003\",\"description\":[{\"lang\":\"ru\",\"text\":\"1 Стиральный порошок\"}],\"text\":[],\"name\":[{\"lang\":\"ru\",\"text\":\"1 Стиральный порошок\"}],\"parent\":\"000000262\",\"columns\":[{\"name\":\"Стандартная\",\"serial_number\":1},{\"name\":\"Усиленная\",\"serial_number\":2}],\"type_aroma\":\"0\",\"is_flavoring\":\"0\"}',NULL),(29,2,15,16,25,29,'000000256','000000262','{\"code_1c\":\"000000256\",\"description\":[{\"lang\":\"ru\",\"text\":\"1.1 Отдушки для стирального порошка. Контратипы известных брендовых ароматов\"}],\"text\":[],\"name\":[{\"lang\":\"ru\",\"text\":\"1.1 Отдушки для стирального порошка. Контратипы известных брендовых ароматов\"}],\"parent\":\"000000262\",\"columns\":[{\"name\":\"Усиленная\",\"serial_number\":1},{\"name\":\"Стандартная\",\"serial_number\":2}],\"type_aroma\":\"0\",\"is_flavoring\":\"0\"}',NULL),(30,2,17,18,25,30,'000000162','000000262','{\"code_1c\":\"000000162\",\"description\":[{\"lang\":\"ru\",\"text\":\"2  Отдушки для жидких средств для стирки (жидкий стиральный порошок)\"}],\"text\":[],\"name\":[{\"lang\":\"ru\",\"text\":\"2  Отдушки для жидких средств для стирки (жидкий стиральный порошок)\"}],\"parent\":\"000000262\",\"columns\":[{\"name\":\"Стандартная\",\"serial_number\":1},{\"name\":\"Усиленная\",\"serial_number\":2}],\"type_aroma\":\"0\",\"is_flavoring\":\"0\"}',NULL),(31,2,19,20,25,31,'000000007','000000262','{\"code_1c\":\"000000007\",\"description\":[{\"lang\":\"ru\",\"text\":\"7 Отдушки для кондиционеров для белья \"}],\"text\":[],\"name\":[{\"lang\":\"ru\",\"text\":\"7 Отдушки для кондиционеров для белья \"}],\"parent\":\"000000262\",\"columns\":[{\"name\":\"Стандартная\",\"serial_number\":1},{\"name\":\"Усиленная\",\"serial_number\":2}],\"type_aroma\":\"0\",\"is_flavoring\":\"0\"}',NULL),(32,2,34,35,3,32,'000000005','000000263','{\"code_1c\":\"000000005\",\"description\":[{\"lang\":\"ru\",\"text\":\"3 Отдушки для маскировки запаха изопропилового спирта (От 20% Массовых), Серия PLI\"}],\"text\":[],\"name\":[{\"lang\":\"ru\",\"text\":\"3 Отдушки для маскировки запаха изопропилового спирта (От 20% Массовых), Серия PLI\"}],\"parent\":\"000000263\",\"columns\":[{\"name\":\"Стандартная\",\"serial_number\":1}],\"type_aroma\":\"0\",\"is_flavoring\":\"0\"}',NULL),(33,2,36,37,3,33,'000000125','000000263','{\"code_1c\":\"000000125\",\"description\":[{\"lang\":\"ru\",\"text\":\"14 Отдушки для маскировки запаха растворителей Уайт-спирит и прочие (серия БАЗА)\"}],\"text\":[],\"name\":[{\"lang\":\"ru\",\"text\":\"14 Отдушки для маскировки запаха растворителей Уайт-спирит и прочие (серия БАЗА)\"}],\"parent\":\"000000263\",\"columns\":[{\"name\":\"Усиленная\",\"serial_number\":1}],\"type_aroma\":\"0\",\"is_flavoring\":\"0\"}',NULL),(34,2,40,43,4,34,'000000270','000000264','{\"code_1c\":\"000000270\",\"description\":[{\"lang\":\"ru\",\"text\":\"Отдушки для детской косметики\"}],\"text\":[],\"name\":[{\"lang\":\"ru\",\"text\":\"Отдушки для детской косметики\"}],\"parent\":\"000000264\",\"columns\":[],\"type_aroma\":\"0\",\"is_flavoring\":\"0\"}',NULL),(35,2,44,45,4,35,'000000213','000000264','{\"code_1c\":\"000000213\",\"description\":[{\"lang\":\"ru\",\"text\":\"19 Отдушки для зубных паст и ополаскивателей полости рта\"}],\"text\":[],\"name\":[{\"lang\":\"ru\",\"text\":\"19 Отдушки для зубных паст и ополаскивателей полости рта\"}],\"parent\":\"000000264\",\"columns\":[{\"name\":\"Усиленная\",\"serial_number\":1}],\"type_aroma\":\"0\",\"is_flavoring\":\"0\"}',NULL),(36,2,46,47,4,36,'000000228','000000264','{\"code_1c\":\"000000228\",\"description\":[{\"lang\":\"ru\",\"text\":\"Отдушки для шампуней и кондиционеров для волос\"},{\"lang\":\"ua\",\"text\":\"Запашки для шампуню та кондиціонерів для волосся\"},{\"lang\":\"en\",\"text\":\"Fragrances for shampoos and hair conditioners\"}],\"text\":[],\"name\":[{\"lang\":\"ru\",\"text\":\"Отдушки для шампуней и кондиционеров для волос\"},{\"lang\":\"ua\",\"text\":\"Запашки для шампуню та кондиціонерів для волосся\"},{\"lang\":\"en\",\"text\":\"Fragrances for shampoos and hair conditioners\"}],\"parent\":\"000000264\",\"columns\":[{\"name\":\"Стандартная\",\"serial_number\":1},{\"name\":\"Усиленная\",\"serial_number\":2}],\"type_aroma\":\"0\",\"is_flavoring\":\"0\"}',NULL),(37,2,48,49,4,37,'000000245','000000264','{\"code_1c\":\"000000245\",\"description\":[{\"lang\":\"ru\",\"text\":\"25 Отдушки для гелей для душа\"}],\"text\":[],\"name\":[{\"lang\":\"ru\",\"text\":\"25 Отдушки для гелей для душа\"}],\"parent\":\"000000264\",\"columns\":[{\"name\":\"Стандартная\",\"serial_number\":1},{\"name\":\"Усиленная\",\"serial_number\":2}],\"type_aroma\":\"0\",\"is_flavoring\":\"0\"}',NULL),(38,2,50,51,4,38,'000000243','000000264','{\"code_1c\":\"000000243\",\"description\":[{\"lang\":\"ru\",\"text\":\"23 Отдушки в косметические крема\"}],\"text\":[],\"name\":[{\"lang\":\"ru\",\"text\":\"23 Отдушки в косметические крема\"}],\"parent\":\"000000264\",\"columns\":[{\"name\":\"Стандартная\",\"serial_number\":1},{\"name\":\"Усиленная\",\"serial_number\":2}],\"type_aroma\":\"0\",\"is_flavoring\":\"0\"}',NULL),(39,2,52,53,4,39,'000000257','000000264','{\"code_1c\":\"000000257\",\"description\":[{\"lang\":\"ru\",\"text\":\"34 Порошкообразные отдушки на основе талька для косметической пудры  (Версия PDT)\"}],\"text\":[],\"name\":[{\"lang\":\"ru\",\"text\":\"34 Порошкообразные отдушки на основе талька для косметической пудры  (Версия PDT)\"}],\"parent\":\"000000264\",\"columns\":[{\"name\":\"Стандартная\",\"serial_number\":1}],\"type_aroma\":\"0\",\"is_flavoring\":\"0\"}',NULL),(40,2,54,55,4,40,'000000255','000000264','{\"code_1c\":\"000000255\",\"description\":[{\"lang\":\"ru\",\"text\":\"27 Отдушки для репеллентов на основе натуральных эфирных масел\"}],\"text\":[],\"name\":[{\"lang\":\"ru\",\"text\":\"27 Отдушки для репеллентов на основе натуральных эфирных масел\"}],\"parent\":\"000000264\",\"columns\":[{\"name\":\"Стандартная\",\"serial_number\":1}],\"type_aroma\":\"0\",\"is_flavoring\":\"0\"}',NULL),(41,2,58,59,5,41,'000000009','000000267','{\"code_1c\":\"000000009\",\"description\":[{\"lang\":\"ru\",\"text\":\"8. Парфюмерное направление.Отдушки для одеколонов и туалетных вод\"}],\"text\":[],\"name\":[{\"lang\":\"ru\",\"text\":\"8. Парфюмерное направление.Отдушки для одеколонов и туалетных вод\"}],\"parent\":\"000000267\",\"columns\":[{\"name\":\"Стандартная\",\"serial_number\":1},{\"name\":\"Усиленная\",\"serial_number\":2}],\"type_aroma\":\"1\",\"is_flavoring\":\"0\"}',NULL),(42,2,60,61,5,42,'000000250','000000267','{\"code_1c\":\"000000250\",\"description\":[{\"lang\":\"ru\",\"text\":\"8.1 Парфюмерное направление. Контратипы известных брендовых ароматов\"}],\"text\":[],\"name\":[{\"lang\":\"ru\",\"text\":\"8.1 Парфюмерное направление. Контратипы известных брендовых ароматов\"}],\"parent\":\"000000267\",\"columns\":[{\"name\":\"Усиленная\",\"serial_number\":1}],\"type_aroma\":\"1\",\"is_flavoring\":\"0\"}',NULL),(43,2,62,63,5,43,'000000280','000000267','{\"code_1c\":\"000000280\",\"description\":[{\"lang\":\"ru\",\"text\":\"8.2 Парфюмерное направление. Советская винтажная парфюмерия\"}],\"text\":[],\"name\":[{\"lang\":\"ru\",\"text\":\"8.2 Парфюмерное направление. Советская винтажная парфюмерия\"}],\"parent\":\"000000267\",\"columns\":[{\"name\":\"Усиленная\",\"serial_number\":1},{\"name\":\"ТипАром\",\"serial_number\":2}],\"type_aroma\":\"1\",\"is_flavoring\":\"0\"}',NULL),(44,2,23,24,26,44,'000000008','000000269','{\"code_1c\":\"000000008\",\"description\":[{\"lang\":\"ru\",\"text\":\"5 Отдушки для щелочной среды\"}],\"text\":[],\"name\":[{\"lang\":\"ru\",\"text\":\"5 Отдушки для щелочной среды\"}],\"parent\":\"000000269\",\"columns\":[{\"name\":\"Стандартная\",\"serial_number\":1},{\"name\":\"Усиленная\",\"serial_number\":2}],\"type_aroma\":\"0\",\"is_flavoring\":\"0\"}',NULL),(45,2,25,26,26,45,'000000122','000000269','{\"code_1c\":\"000000122\",\"description\":[{\"lang\":\"ru\",\"text\":\"6 Отдушки для гипохлорита (серия 10 IPA)\"}],\"text\":[],\"name\":[{\"lang\":\"ru\",\"text\":\"6 Отдушки для гипохлорита (серия 10 IPA)\"}],\"parent\":\"000000269\",\"columns\":[{\"name\":\"Усиленная\",\"serial_number\":1}],\"type_aroma\":\"0\",\"is_flavoring\":\"0\"}',NULL),(46,2,27,28,26,46,'000000006','000000269','{\"code_1c\":\"000000006\",\"description\":[{\"lang\":\"ru\",\"text\":\"4 Отдушки для кислой среды\"}],\"text\":[],\"name\":[{\"lang\":\"ru\",\"text\":\"4 Отдушки для кислой среды\"}],\"parent\":\"000000269\",\"columns\":[{\"name\":\"Стандартная\",\"serial_number\":1},{\"name\":\"Усиленная\",\"serial_number\":2}],\"type_aroma\":\"0\",\"is_flavoring\":\"0\"}',NULL),(47,2,41,42,34,47,'000000218','000000270','{\"code_1c\":\"000000218\",\"description\":[{\"lang\":\"ru\",\"text\":\"20 Отдушки Безаллергенные (гипоаллергенные) отдушки - Серия HPA\"}],\"text\":[],\"name\":[{\"lang\":\"ru\",\"text\":\"20 Отдушки Безаллергенные (гипоаллергенные) отдушки - Серия HPA\"}],\"parent\":\"000000270\",\"columns\":[{\"name\":\"Cтандарна\",\"serial_number\":1}],\"type_aroma\":\"0\",\"is_flavoring\":\"0\"}',NULL),(48,2,66,67,6,48,'000000004','000000271','{\"code_1c\":\"000000004\",\"description\":[{\"lang\":\"ru\",\"text\":\"17 Отдушки для туалетного мыла\"}],\"text\":[],\"name\":[{\"lang\":\"ru\",\"text\":\"17 Отдушки для туалетного мыла\"}],\"parent\":\"000000271\",\"columns\":[{\"name\":\"Стандартная\",\"serial_number\":1},{\"name\":\"Усиленная\",\"serial_number\":2}],\"type_aroma\":\"0\",\"is_flavoring\":\"0\"}',NULL),(49,2,68,69,6,49,'000000244','000000271','{\"code_1c\":\"000000244\",\"description\":[{\"lang\":\"ru\",\"text\":\"18 Отдушки для туалетного мыла  класса\\\"Люкс\\\"\"}],\"text\":[],\"name\":[{\"lang\":\"ru\",\"text\":\"18 Отдушки для туалетного мыла  класса\\\"Люкс\\\"\"}],\"parent\":\"000000271\",\"columns\":[{\"name\":\"Стандартная\",\"serial_number\":1},{\"name\":\"Усиленная\",\"serial_number\":2}],\"type_aroma\":\"0\",\"is_flavoring\":\"0\"}',NULL),(50,2,72,73,7,50,'000000016','000000272','{\"code_1c\":\"000000016\",\"description\":[{\"lang\":\"ru\",\"text\":\"11 Отдушки для освежителей воздуха в аэрозольной упаковке, серия MDB\"}],\"text\":[],\"name\":[{\"lang\":\"ru\",\"text\":\"11 Отдушки для освежителей воздуха в аэрозольной упаковке, серия MDB\"}],\"parent\":\"000000272\",\"columns\":[{\"name\":\"Усиленная\",\"serial_number\":1}],\"type_aroma\":\"0\",\"is_flavoring\":\"0\"}',NULL),(51,2,74,75,7,51,'000000124','000000272','{\"code_1c\":\"000000124\",\"description\":[{\"lang\":\"ru\",\"text\":\"13 Отдушки для освежителей воздуха на водной основе (тригерные, серия EGD)\"}],\"text\":[],\"name\":[{\"lang\":\"ru\",\"text\":\"13 Отдушки для освежителей воздуха на водной основе (тригерные, серия EGD)\"}],\"parent\":\"000000272\",\"columns\":[{\"name\":\"Стандартная\",\"serial_number\":1}],\"type_aroma\":\"0\",\"is_flavoring\":\"0\"}',NULL),(52,2,80,81,9,52,'000000237','000000281','{\"code_1c\":\"000000237\",\"description\":[{\"lang\":\"ru\",\"text\":\"Кондитерские изделия - мучные изделия\"}],\"text\":[],\"name\":[{\"lang\":\"ru\",\"text\":\"Кондитерские изделия - мучные изделия\"}],\"parent\":\"000000281\",\"columns\":[{\"name\":\"Серия\",\"serial_number\":1},{\"name\":\"Номер\",\"serial_number\":2},{\"name\":\"Описание профиля\",\"serial_number\":3},{\"name\":\"Рек.\\tдозировка(кг\\/т)\",\"serial_number\":4},{\"name\":\"Цена\",\"serial_number\":5}],\"type_aroma\":\"0\",\"is_flavoring\":\"1\"}',NULL),(53,2,82,83,9,53,'000000236','000000281','{\"code_1c\":\"000000236\",\"description\":[{\"lang\":\"ru\",\"text\":\"Кондитерские изделия - мармелад\"}],\"text\":[],\"name\":[{\"lang\":\"ru\",\"text\":\"Кондитерские изделия - мармелад\"}],\"parent\":\"000000281\",\"columns\":[{\"name\":\"Серия\",\"serial_number\":1},{\"name\":\"Номер\",\"serial_number\":2},{\"name\":\"Описание профиля\",\"serial_number\":3},{\"name\":\"Рек.\\tдозировка(кг\\/т)\",\"serial_number\":4},{\"name\":\"Цена\",\"serial_number\":5}],\"type_aroma\":\"0\",\"is_flavoring\":\"1\"}',NULL),(54,2,84,85,9,54,'000000238','000000281','{\"code_1c\":\"000000238\",\"description\":[{\"lang\":\"ru\",\"text\":\"Сухие кисели, желе, мусы\"}],\"text\":[],\"name\":[{\"lang\":\"ru\",\"text\":\"Сухие кисели, желе, мусы\"}],\"parent\":\"000000281\",\"columns\":[{\"name\":\"Серия\",\"serial_number\":1},{\"name\":\"Номер\",\"serial_number\":2},{\"name\":\"Описание профиля\",\"serial_number\":3},{\"name\":\"Рек.\\tдозировка(кг\\/т)\",\"serial_number\":4},{\"name\":\"Цена\",\"serial_number\":5}],\"type_aroma\":\"0\",\"is_flavoring\":\"1\"}',NULL),(55,2,86,87,9,55,'000000240','000000281','{\"code_1c\":\"000000240\",\"description\":[{\"lang\":\"ru\",\"text\":\"Прочие направления\"}],\"text\":[],\"name\":[{\"lang\":\"ru\",\"text\":\"Прочие направления\"}],\"parent\":\"000000281\",\"columns\":[{\"name\":\"Серия\",\"serial_number\":1},{\"name\":\"Номер\",\"serial_number\":2},{\"name\":\"Описание профиля\",\"serial_number\":3},{\"name\":\"Рек.\\tдозировка(кг\\/т)\",\"serial_number\":4},{\"name\":\"Цена\",\"serial_number\":5}],\"type_aroma\":\"0\",\"is_flavoring\":\"1\"}',NULL),(56,2,88,89,9,56,'000000239','000000281','{\"code_1c\":\"000000239\",\"description\":[{\"lang\":\"ru\",\"text\":\"Майонезы, соусы\"}],\"text\":[],\"name\":[{\"lang\":\"ru\",\"text\":\"Майонезы, соусы\"}],\"parent\":\"000000281\",\"columns\":[{\"name\":\"Серия\",\"serial_number\":1},{\"name\":\"Номер\",\"serial_number\":2},{\"name\":\"Описание профиля\",\"serial_number\":3},{\"name\":\"Рек.\\tдозировка(кг\\/т)\",\"serial_number\":4},{\"name\":\"Цена\",\"serial_number\":5}],\"type_aroma\":\"0\",\"is_flavoring\":\"1\"}',NULL),(57,2,90,91,9,57,'000000249','000000281','{\"code_1c\":\"000000249\",\"description\":[{\"lang\":\"ru\",\"text\":\"Ароматизаторы для рыбных прикормок\"}],\"text\":[],\"name\":[{\"lang\":\"ru\",\"text\":\"Ароматизаторы для рыбных прикормок\"}],\"parent\":\"000000281\",\"columns\":[{\"name\":\"Серия\",\"serial_number\":1},{\"name\":\"Номер\",\"serial_number\":2},{\"name\":\"Описание профиля\",\"serial_number\":3},{\"name\":\"Рек.\\tдозировка(кг\\/т)\",\"serial_number\":4},{\"name\":\"Цена\",\"serial_number\":5}],\"type_aroma\":\"0\",\"is_flavoring\":\"1\"}',NULL),(58,2,92,93,9,58,'000000234','000000281','{\"code_1c\":\"000000234\",\"description\":[{\"lang\":\"ru\",\"text\":\"Кондитерские изделия - карамель, леденцы\"}],\"text\":[],\"name\":[{\"lang\":\"ru\",\"text\":\"Кондитерские изделия - карамель, леденцы\"}],\"parent\":\"000000281\",\"columns\":[{\"name\":\"Серия\",\"serial_number\":1},{\"name\":\"Номер\",\"serial_number\":2},{\"name\":\"Описание профиля\",\"serial_number\":3},{\"name\":\"Рек.\\tдозировка(кг\\/т)\",\"serial_number\":4},{\"name\":\"Цена\",\"serial_number\":5}],\"type_aroma\":\"0\",\"is_flavoring\":\"1\"}',NULL),(59,2,94,95,9,59,'000000235','000000281','{\"code_1c\":\"000000235\",\"description\":[{\"lang\":\"ru\",\"text\":\"Кондитерские изделия - начинки для конфет\"}],\"text\":[],\"name\":[{\"lang\":\"ru\",\"text\":\"Кондитерские изделия - начинки для конфет\"}],\"parent\":\"000000281\",\"columns\":[{\"name\":\"Серия\",\"serial_number\":1},{\"name\":\"Номер\",\"serial_number\":2},{\"name\":\"Описание профиля\",\"serial_number\":3},{\"name\":\"Рек.\\tдозировка(кг\\/т)\",\"serial_number\":4},{\"name\":\"Цена\",\"serial_number\":5}],\"type_aroma\":\"0\",\"is_flavoring\":\"1\"}',NULL),(60,2,96,97,9,60,'000000136','000000281','{\"code_1c\":\"000000136\",\"description\":[{\"lang\":\"ru\",\"text\":\"Для безалькоголных напитков\"},{\"lang\":\"ua\",\"text\":\"Для безалкогольних напоїв\"},{\"lang\":\"en\",\"text\":\"For non alcohol beverages\"}],\"text\":[],\"name\":[{\"lang\":\"ru\",\"text\":\"Для безалькоголных напитков\"},{\"lang\":\"ua\",\"text\":\"Для безалкогольних напоїв\"},{\"lang\":\"en\",\"text\":\"For non alcohol beverages\"}],\"parent\":\"000000281\",\"columns\":[{\"name\":\"Серия\",\"serial_number\":1},{\"name\":\"Номер\",\"serial_number\":2},{\"name\":\"Описание профиля\",\"serial_number\":3},{\"name\":\"Рек.\\tдозировка(кг\\/т)\",\"serial_number\":4},{\"name\":\"Цена\",\"serial_number\":5}],\"type_aroma\":\"0\",\"is_flavoring\":\"1\"}',NULL),(61,2,98,99,9,61,'000000242','000000281','{\"code_1c\":\"000000242\",\"description\":[{\"lang\":\"ru\",\"text\":\"Ароматизаторы сухие\"}],\"text\":[],\"name\":[{\"lang\":\"ru\",\"text\":\"Ароматизаторы сухие\"}],\"parent\":\"000000281\",\"columns\":[{\"name\":\"Серия\",\"serial_number\":1},{\"name\":\"Номер\",\"serial_number\":2},{\"name\":\"Описание профиля\",\"serial_number\":3},{\"name\":\"Рек.\\tдозировка(кг\\/т)\",\"serial_number\":4},{\"name\":\"Цена\",\"serial_number\":5}],\"type_aroma\":\"0\",\"is_flavoring\":\"1\"}',NULL),(62,2,100,101,9,62,'000000219','000000281','{\"code_1c\":\"000000219\",\"description\":[{\"lang\":\"ru\",\"text\":\"Для масла и маргарина\"},{\"lang\":\"ua\",\"text\":\"Для масла та  маргарину\"},{\"lang\":\"en\",\"text\":\"For  butter and margarine\"}],\"text\":[],\"name\":[{\"lang\":\"ru\",\"text\":\"Для масла и маргарина\"},{\"lang\":\"ua\",\"text\":\"Для масла та  маргарину\"},{\"lang\":\"en\",\"text\":\"For  butter and margarine\"}],\"parent\":\"000000281\",\"columns\":[{\"name\":\"Серия\",\"serial_number\":1},{\"name\":\"Номер\",\"serial_number\":2},{\"name\":\"Описание профиля\",\"serial_number\":3},{\"name\":\"Рек.\\tдозировка(кг\\/т)\",\"serial_number\":4},{\"name\":\"Цена\",\"serial_number\":5}],\"type_aroma\":\"0\",\"is_flavoring\":\"1\"}',NULL),(63,2,102,103,9,63,'000000142','000000281','{\"code_1c\":\"000000142\",\"description\":[{\"lang\":\"ru\",\"text\":\"Для молочных изделий\"},{\"lang\":\"ua\",\"text\":\"Для молочних виробів\"},{\"lang\":\"en\",\"text\":\"For milk\"}],\"text\":[],\"name\":[{\"lang\":\"ru\",\"text\":\"Для молочных изделий\"},{\"lang\":\"ua\",\"text\":\"Для молочних виробів\"},{\"lang\":\"en\",\"text\":\"For milk\"}],\"parent\":\"000000281\",\"columns\":[{\"name\":\"Серия\",\"serial_number\":1},{\"name\":\"Номер\",\"serial_number\":2},{\"name\":\"Описание профиля\",\"serial_number\":3},{\"name\":\"Рек.\\tдозировка(кг\\/т)\",\"serial_number\":4},{\"name\":\"Цена\",\"serial_number\":5}],\"type_aroma\":\"0\",\"is_flavoring\":\"1\"}',NULL),(64,2,104,105,9,64,'000000143','000000281','{\"code_1c\":\"000000143\",\"description\":[{\"lang\":\"ru\",\"text\":\"Для алкогольных напитков\"},{\"lang\":\"ua\",\"text\":\"Для алкогольних напоїв\"},{\"lang\":\"en\",\"text\":\"For wine \"}],\"text\":[],\"name\":[{\"lang\":\"ru\",\"text\":\"Для алкогольных напитков\"},{\"lang\":\"ua\",\"text\":\"Для алкогольних напоїв\"},{\"lang\":\"en\",\"text\":\"For wine \"}],\"parent\":\"000000281\",\"columns\":[{\"name\":\"Серия\",\"serial_number\":1},{\"name\":\"Номер\",\"serial_number\":2},{\"name\":\"Описание профиля\",\"serial_number\":3},{\"name\":\"Рек.\\tдозировка(кг\\/т)\",\"serial_number\":4},{\"name\":\"Цена\",\"serial_number\":5}],\"type_aroma\":\"0\",\"is_flavoring\":\"1\"}',NULL);
/*!40000 ALTER TABLE `product_categories` ENABLE KEYS */;
UNLOCK TABLES;
DROP TABLE IF EXISTS `product_document_translations`;
/*!40101 SET @saved_cs_client     = @@character_set_client */;
/*!40101 SET character_set_client = utf8 */;
CREATE TABLE `product_document_translations` (
  `id` bigint(20) unsigned NOT NULL AUTO_INCREMENT,
  `product_document_id` bigint(20) unsigned NOT NULL,
  `locale` varchar(3) COLLATE utf8mb4_unicode_ci NOT NULL,
  `name` varchar(255) COLLATE utf8mb4_unicode_ci NOT NULL,
  `href` varchar(255) COLLATE utf8mb4_unicode_ci NOT NULL,
  `date` varchar(255) COLLATE utf8mb4_unicode_ci NOT NULL COMMENT 'поле data в json-файле содержащее дату',
  `publish` tinyint(1) NOT NULL DEFAULT 1,
  `created_at` timestamp NULL DEFAULT NULL,
  `updated_at` timestamp NULL DEFAULT NULL,
  PRIMARY KEY (`id`),
  KEY `product_document_translations_product_document_id_foreign` (`product_document_id`),
  KEY `product_document_translations_locale_index` (`locale`),
  CONSTRAINT `product_document_translations_product_document_id_foreign` FOREIGN KEY (`product_document_id`) REFERENCES `product_documents` (`id`) ON DELETE CASCADE
) ENGINE=InnoDB AUTO_INCREMENT=85 DEFAULT CHARSET=utf8mb4 COLLATE=utf8mb4_unicode_ci;
/*!40101 SET character_set_client = @saved_cs_client */;

LOCK TABLES `product_document_translations` WRITE;
/*!40000 ALTER TABLE `product_document_translations` DISABLE KEYS */;
INSERT INTO `product_document_translations` VALUES (1,1,'en','Паспорт качества','pasport_yakosti_zapashka_energy_super_cfb_25495_uk.pdf','2020-05-22T00:00:00',1,'2021-10-21 13:48:30','2021-10-21 13:48:30'),(2,2,'en','Спецификация','specification_fragrance_spring_fresh_cfb_19388_en.pdf','2015-08-11T00:00:00',1,'2021-10-21 13:48:30','2021-10-21 13:48:30'),(3,3,'en','Сертификат IFRA','ifra_conformity_certificate_fragrance_spring_fresh_cfb_19388_en.pdf','2018-06-12T00:00:00',1,'2021-10-21 13:48:30','2021-10-21 13:48:30'),(4,4,'en','Паспорт качества','certificate_of_quality_fragrance_spring_fresh_cfb_19388_en.pdf','2020-05-22T00:00:00',1,'2021-10-21 13:48:30','2021-10-21 13:48:30'),(5,5,'en','Лист безопасности','msds_fragrance_spring_fresh_cfb_19388_en.pdf','2012-08-31T00:00:00',1,'2021-10-21 13:48:30','2021-10-21 13:48:30'),(6,6,'en','Лист аллергенов','list_of_allergens_fragrance_spring_fresh_cfb_19388_en.pdf','2020-01-31T00:00:00',1,'2021-10-21 13:48:30','2021-10-21 13:48:30'),(7,7,'en','Паспорт качества','pasport_yakosti_zapashka_energy_super_cfb_25495_uk.pdf','2020-05-22T00:00:00',1,'2021-10-21 13:48:30','2021-10-21 13:48:30'),(8,8,'en','Спецификация','specification_fragrance_spring_fresh_cfb_19388_en.pdf','2015-08-11T00:00:00',1,'2021-10-21 13:48:30','2021-10-21 13:48:30'),(9,9,'en','Сертификат IFRA','ifra_conformity_certificate_fragrance_spring_fresh_cfb_19388_en.pdf','2018-06-12T00:00:00',1,'2021-10-21 13:48:30','2021-10-21 13:48:30'),(10,10,'en','Паспорт качества','certificate_of_quality_fragrance_spring_fresh_cfb_19388_en.pdf','2020-05-22T00:00:00',1,'2021-10-21 13:48:30','2021-10-21 13:48:30'),(11,11,'en','Лист безопасности','msds_fragrance_spring_fresh_cfb_19388_en.pdf','2012-08-31T00:00:00',1,'2021-10-21 13:48:30','2021-10-21 13:48:30'),(12,12,'en','Лист аллергенов','list_of_allergens_fragrance_spring_fresh_cfb_19388_en.pdf','2020-01-31T00:00:00',1,'2021-10-21 13:48:30','2021-10-21 13:48:30'),(13,13,'ru','Паспорт качества','pasport_yakosti_zapashka_energy_super_cfb_25495_uk.pdf','2020-05-22T00:00:00',1,'2021-10-21 13:48:30','2021-10-21 13:48:30'),(14,14,'ru','Спецификация','specification_fragrance_spring_fresh_cfb_19388_en.pdf','2015-08-11T00:00:00',1,'2021-10-21 13:48:30','2021-10-21 13:48:30'),(15,15,'ru','Сертификат IFRA','ifra_conformity_certificate_fragrance_spring_fresh_cfb_19388_en.pdf','2018-06-12T00:00:00',1,'2021-10-21 13:48:30','2021-10-21 13:48:30'),(16,16,'ru','Паспорт качества','certificate_of_quality_fragrance_spring_fresh_cfb_19388_en.pdf','2020-05-22T00:00:00',1,'2021-10-21 13:48:30','2021-10-21 13:48:30'),(17,17,'ru','Лист безопасности','msds_fragrance_spring_fresh_cfb_19388_en.pdf','2012-08-31T00:00:00',1,'2021-10-21 13:48:30','2021-10-21 13:48:30'),(18,18,'ru','Лист аллергенов','list_of_allergens_fragrance_spring_fresh_cfb_19388_en.pdf','2020-01-31T00:00:00',1,'2021-10-21 13:48:30','2021-10-21 13:48:30'),(19,19,'ru','Паспорт качества','pasport_yakosti_zapashka_energy_super_cfb_25495_uk.pdf','2020-05-22T00:00:00',1,'2021-10-21 13:48:30','2021-10-21 13:48:30'),(20,20,'ru','Спецификация','specification_fragrance_spring_fresh_cfb_19388_en.pdf','2015-08-11T00:00:00',1,'2021-10-21 13:48:30','2021-10-21 13:48:30'),(21,21,'ru','Сертификат IFRA','ifra_conformity_certificate_fragrance_spring_fresh_cfb_19388_en.pdf','2018-06-12T00:00:00',1,'2021-10-21 13:48:30','2021-10-21 13:48:30'),(22,22,'ru','Паспорт качества','certificate_of_quality_fragrance_spring_fresh_cfb_19388_en.pdf','2020-05-22T00:00:00',1,'2021-10-21 13:48:30','2021-10-21 13:48:30'),(23,23,'ru','Лист безопасности','msds_fragrance_spring_fresh_cfb_19388_en.pdf','2012-08-31T00:00:00',1,'2021-10-21 13:48:30','2021-10-21 13:48:30'),(24,24,'ru','Лист аллергенов','list_of_allergens_fragrance_spring_fresh_cfb_19388_en.pdf','2020-01-31T00:00:00',1,'2021-10-21 13:48:30','2021-10-21 13:48:30'),(25,25,'ua','Паспорт качества','pasport_yakosti_zapashka_energy_super_cfb_25495_uk.pdf','2020-05-22T00:00:00',1,'2021-10-21 13:48:30','2021-10-21 13:48:30'),(26,26,'ua','Спецификация','specification_fragrance_spring_fresh_cfb_19388_en.pdf','2015-08-11T00:00:00',1,'2021-10-21 13:48:30','2021-10-21 13:48:30'),(27,27,'ua','Сертификат IFRA','ifra_conformity_certificate_fragrance_spring_fresh_cfb_19388_en.pdf','2018-06-12T00:00:00',1,'2021-10-21 13:48:30','2021-10-21 13:48:30'),(28,28,'ua','Паспорт качества','certificate_of_quality_fragrance_spring_fresh_cfb_19388_en.pdf','2020-05-22T00:00:00',1,'2021-10-21 13:48:30','2021-10-21 13:48:30'),(29,29,'ua','Лист безопасности','msds_fragrance_spring_fresh_cfb_19388_en.pdf','2012-08-31T00:00:00',1,'2021-10-21 13:48:30','2021-10-21 13:48:30'),(30,30,'ua','Лист аллергенов','list_of_allergens_fragrance_spring_fresh_cfb_19388_en.pdf','2020-01-31T00:00:00',1,'2021-10-21 13:48:30','2021-10-21 13:48:30'),(31,31,'ua','Паспорт качества','pasport_yakosti_zapashka_energy_super_cfb_25495_uk.pdf','2020-05-22T00:00:00',1,'2021-10-21 13:48:30','2021-10-21 13:48:30'),(32,32,'ua','Спецификация','specification_fragrance_spring_fresh_cfb_19388_en.pdf','2015-08-11T00:00:00',1,'2021-10-21 13:48:30','2021-10-21 13:48:30'),(33,33,'ua','Сертификат IFRA','ifra_conformity_certificate_fragrance_spring_fresh_cfb_19388_en.pdf','2018-06-12T00:00:00',1,'2021-10-21 13:48:30','2021-10-21 13:48:30'),(34,34,'ua','Паспорт качества','certificate_of_quality_fragrance_spring_fresh_cfb_19388_en.pdf','2020-05-22T00:00:00',1,'2021-10-21 13:48:30','2021-10-21 13:48:30'),(35,35,'ua','Лист безопасности','msds_fragrance_spring_fresh_cfb_19388_en.pdf','2012-08-31T00:00:00',1,'2021-10-21 13:48:30','2021-10-21 13:48:30'),(36,36,'ua','Лист аллергенов','list_of_allergens_fragrance_spring_fresh_cfb_19388_en.pdf','2020-01-31T00:00:00',1,'2021-10-21 13:48:30','2021-10-21 13:48:30'),(37,49,'gr','Паспорт качества','pasport_yakosti_zapashka_energy_super_cfb_25495_uk.pdf','2020-05-22T00:00:00',1,'2021-10-21 13:48:30','2021-10-21 13:48:30'),(38,50,'gr','Спецификация','specification_fragrance_spring_fresh_cfb_19388_en.pdf','2015-08-11T00:00:00',1,'2021-10-21 13:48:30','2021-10-21 13:48:30'),(39,51,'gr','Сертификат IFRA','ifra_conformity_certificate_fragrance_spring_fresh_cfb_19388_en.pdf','2018-06-12T00:00:00',1,'2021-10-21 13:48:30','2021-10-21 13:48:30'),(40,52,'gr','Паспорт качества','certificate_of_quality_fragrance_spring_fresh_cfb_19388_en.pdf','2020-05-22T00:00:00',1,'2021-10-21 13:48:30','2021-10-21 13:48:30'),(41,53,'gr','Лист безопасности','msds_fragrance_spring_fresh_cfb_19388_en.pdf','2012-08-31T00:00:00',1,'2021-10-21 13:48:30','2021-10-21 13:48:30'),(42,54,'gr','Лист аллергенов','list_of_allergens_fragrance_spring_fresh_cfb_19388_en.pdf','2020-01-31T00:00:00',1,'2021-10-21 13:48:30','2021-10-21 13:48:30'),(43,55,'gr','Паспорт качества','pasport_yakosti_zapashka_energy_super_cfb_25495_uk.pdf','2020-05-22T00:00:00',1,'2021-10-21 13:48:30','2021-10-21 13:48:30'),(44,56,'gr','Спецификация','specification_fragrance_spring_fresh_cfb_19388_en.pdf','2015-08-11T00:00:00',1,'2021-10-21 13:48:30','2021-10-21 13:48:30'),(45,57,'gr','Сертификат IFRA','ifra_conformity_certificate_fragrance_spring_fresh_cfb_19388_en.pdf','2018-06-12T00:00:00',1,'2021-10-21 13:48:30','2021-10-21 13:48:30'),(46,58,'gr','Паспорт качества','certificate_of_quality_fragrance_spring_fresh_cfb_19388_en.pdf','2020-05-22T00:00:00',1,'2021-10-21 13:48:30','2021-10-21 13:48:30'),(47,59,'gr','Лист безопасности','msds_fragrance_spring_fresh_cfb_19388_en.pdf','2012-08-31T00:00:00',1,'2021-10-21 13:48:30','2021-10-21 13:48:30'),(48,60,'gr','Лист аллергенов','list_of_allergens_fragrance_spring_fresh_cfb_19388_en.pdf','2020-01-31T00:00:00',1,'2021-10-21 13:48:30','2021-10-21 13:48:30'),(49,61,'pl','Паспорт качества','pasport_yakosti_zapashka_energy_super_cfb_25495_uk.pdf','2020-05-22T00:00:00',1,'2021-10-21 13:48:30','2021-10-21 13:48:30'),(50,62,'pl','Спецификация','specification_fragrance_spring_fresh_cfb_19388_en.pdf','2015-08-11T00:00:00',1,'2021-10-21 13:48:30','2021-10-21 13:48:30'),(51,63,'pl','Сертификат IFRA','ifra_conformity_certificate_fragrance_spring_fresh_cfb_19388_en.pdf','2018-06-12T00:00:00',1,'2021-10-21 13:48:30','2021-10-21 13:48:30'),(52,64,'pl','Паспорт качества','certificate_of_quality_fragrance_spring_fresh_cfb_19388_en.pdf','2020-05-22T00:00:00',1,'2021-10-21 13:48:30','2021-10-21 13:48:30'),(53,65,'pl','Лист безопасности','msds_fragrance_spring_fresh_cfb_19388_en.pdf','2012-08-31T00:00:00',1,'2021-10-21 13:48:30','2021-10-21 13:48:30'),(54,66,'pl','Лист аллергенов','list_of_allergens_fragrance_spring_fresh_cfb_19388_en.pdf','2020-01-31T00:00:00',1,'2021-10-21 13:48:30','2021-10-21 13:48:30'),(55,67,'pl','Паспорт качества','pasport_yakosti_zapashka_energy_super_cfb_25495_uk.pdf','2020-05-22T00:00:00',1,'2021-10-21 13:48:30','2021-10-21 13:48:30'),(56,68,'pl','Спецификация','specification_fragrance_spring_fresh_cfb_19388_en.pdf','2015-08-11T00:00:00',1,'2021-10-21 13:48:30','2021-10-21 13:48:30'),(57,69,'pl','Сертификат IFRA','ifra_conformity_certificate_fragrance_spring_fresh_cfb_19388_en.pdf','2018-06-12T00:00:00',1,'2021-10-21 13:48:30','2021-10-21 13:48:30'),(58,70,'pl','Паспорт качества','certificate_of_quality_fragrance_spring_fresh_cfb_19388_en.pdf','2020-05-22T00:00:00',1,'2021-10-21 13:48:30','2021-10-21 13:48:30'),(59,71,'pl','Лист безопасности','msds_fragrance_spring_fresh_cfb_19388_en.pdf','2012-08-31T00:00:00',1,'2021-10-21 13:48:30','2021-10-21 13:48:30'),(60,72,'pl','Лист аллергенов','list_of_allergens_fragrance_spring_fresh_cfb_19388_en.pdf','2020-01-31T00:00:00',1,'2021-10-21 13:48:30','2021-10-21 13:48:30'),(61,73,'lv','Паспорт качества','pasport_yakosti_zapashka_energy_super_cfb_25495_uk.pdf','2020-05-22T00:00:00',1,'2021-10-21 13:48:30','2021-10-21 13:48:30'),(62,74,'lv','Спецификация','specification_fragrance_spring_fresh_cfb_19388_en.pdf','2015-08-11T00:00:00',1,'2021-10-21 13:48:30','2021-10-21 13:48:30'),(63,75,'lv','Сертификат IFRA','ifra_conformity_certificate_fragrance_spring_fresh_cfb_19388_en.pdf','2018-06-12T00:00:00',1,'2021-10-21 13:48:30','2021-10-21 13:48:30'),(64,76,'lv','Паспорт качества','certificate_of_quality_fragrance_spring_fresh_cfb_19388_en.pdf','2020-05-22T00:00:00',1,'2021-10-21 13:48:30','2021-10-21 13:48:30'),(65,77,'lv','Лист безопасности','msds_fragrance_spring_fresh_cfb_19388_en.pdf','2012-08-31T00:00:00',1,'2021-10-21 13:48:30','2021-10-21 13:48:30'),(66,78,'lv','Лист аллергенов','list_of_allergens_fragrance_spring_fresh_cfb_19388_en.pdf','2020-01-31T00:00:00',1,'2021-10-21 13:48:30','2021-10-21 13:48:30'),(67,79,'lv','Паспорт качества','pasport_yakosti_zapashka_energy_super_cfb_25495_uk.pdf','2020-05-22T00:00:00',1,'2021-10-21 13:48:30','2021-10-21 13:48:30'),(68,80,'lv','Спецификация','specification_fragrance_spring_fresh_cfb_19388_en.pdf','2015-08-11T00:00:00',1,'2021-10-21 13:48:30','2021-10-21 13:48:30'),(69,81,'lv','Сертификат IFRA','ifra_conformity_certificate_fragrance_spring_fresh_cfb_19388_en.pdf','2018-06-12T00:00:00',1,'2021-10-21 13:48:30','2021-10-21 13:48:30'),(70,82,'lv','Паспорт качества','certificate_of_quality_fragrance_spring_fresh_cfb_19388_en.pdf','2020-05-22T00:00:00',1,'2021-10-21 13:48:30','2021-10-21 13:48:30'),(71,83,'lv','Лист безопасности','msds_fragrance_spring_fresh_cfb_19388_en.pdf','2012-08-31T00:00:00',1,'2021-10-21 13:48:30','2021-10-21 13:48:30'),(72,84,'lv','Лист аллергенов','list_of_allergens_fragrance_spring_fresh_cfb_19388_en.pdf','2020-01-31T00:00:00',1,'2021-10-21 13:48:30','2021-10-21 13:48:30'),(73,85,'tr','Паспорт качества','pasport_yakosti_zapashka_energy_super_cfb_25495_uk.pdf','2020-05-22T00:00:00',1,'2021-10-21 13:48:30','2021-10-21 13:48:30'),(74,86,'tr','Спецификация','specification_fragrance_spring_fresh_cfb_19388_en.pdf','2015-08-11T00:00:00',1,'2021-10-21 13:48:30','2021-10-21 13:48:30'),(75,87,'tr','Сертификат IFRA','ifra_conformity_certificate_fragrance_spring_fresh_cfb_19388_en.pdf','2018-06-12T00:00:00',1,'2021-10-21 13:48:30','2021-10-21 13:48:30'),(76,88,'tr','Паспорт качества','certificate_of_quality_fragrance_spring_fresh_cfb_19388_en.pdf','2020-05-22T00:00:00',1,'2021-10-21 13:48:30','2021-10-21 13:48:30'),(77,89,'tr','Лист безопасности','msds_fragrance_spring_fresh_cfb_19388_en.pdf','2012-08-31T00:00:00',1,'2021-10-21 13:48:30','2021-10-21 13:48:30'),(78,90,'tr','Лист аллергенов','list_of_allergens_fragrance_spring_fresh_cfb_19388_en.pdf','2020-01-31T00:00:00',1,'2021-10-21 13:48:30','2021-10-21 13:48:30'),(79,91,'tr','Паспорт качества','pasport_yakosti_zapashka_energy_super_cfb_25495_uk.pdf','2020-05-22T00:00:00',1,'2021-10-21 13:48:30','2021-10-21 13:48:30'),(80,92,'tr','Спецификация','specification_fragrance_spring_fresh_cfb_19388_en.pdf','2015-08-11T00:00:00',1,'2021-10-21 13:48:30','2021-10-21 13:48:30'),(81,93,'tr','Сертификат IFRA','ifra_conformity_certificate_fragrance_spring_fresh_cfb_19388_en.pdf','2018-06-12T00:00:00',1,'2021-10-21 13:48:30','2021-10-21 13:48:30'),(82,94,'tr','Паспорт качества','certificate_of_quality_fragrance_spring_fresh_cfb_19388_en.pdf','2020-05-22T00:00:00',1,'2021-10-21 13:48:30','2021-10-21 13:48:30'),(83,95,'tr','Лист безопасности','msds_fragrance_spring_fresh_cfb_19388_en.pdf','2012-08-31T00:00:00',1,'2021-10-21 13:48:30','2021-10-21 13:48:30'),(84,96,'tr','Лист аллергенов','list_of_allergens_fragrance_spring_fresh_cfb_19388_en.pdf','2020-01-31T00:00:00',1,'2021-10-21 13:48:30','2021-10-21 13:48:30');
/*!40000 ALTER TABLE `product_document_translations` ENABLE KEYS */;
UNLOCK TABLES;
DROP TABLE IF EXISTS `product_documents`;
/*!40101 SET @saved_cs_client     = @@character_set_client */;
/*!40101 SET character_set_client = utf8 */;
CREATE TABLE `product_documents` (
  `id` bigint(20) unsigned NOT NULL AUTO_INCREMENT,
  `product_id` bigint(20) unsigned NOT NULL,
  `column_number` int(11) NOT NULL,
  `order` int(11) NOT NULL DEFAULT 0,
  `active` tinyint(1) NOT NULL DEFAULT 1,
  `deleted_at` timestamp NULL DEFAULT NULL,
  PRIMARY KEY (`id`)
) ENGINE=InnoDB AUTO_INCREMENT=97 DEFAULT CHARSET=utf8mb4 COLLATE=utf8mb4_unicode_ci;
/*!40101 SET character_set_client = @saved_cs_client */;

LOCK TABLES `product_documents` WRITE;
/*!40000 ALTER TABLE `product_documents` DISABLE KEYS */;
INSERT INTO `product_documents` VALUES (1,1,2,1,1,NULL),(2,1,2,2,1,NULL),(3,1,2,3,1,NULL),(4,1,2,4,1,NULL),(5,1,2,5,1,NULL),(6,1,2,6,1,NULL),(7,1,1,7,1,NULL),(8,1,1,8,1,NULL),(9,1,1,9,1,NULL),(10,1,1,10,1,NULL),(11,1,1,11,1,NULL),(12,1,1,12,1,NULL),(13,1,2,13,1,NULL),(14,1,2,14,1,NULL),(15,1,2,15,1,NULL),(16,1,2,16,1,NULL),(17,1,2,17,1,NULL),(18,1,2,18,1,NULL),(19,1,1,19,1,NULL),(20,1,1,20,1,NULL),(21,1,1,21,1,NULL),(22,1,1,22,1,NULL),(23,1,1,23,1,NULL),(24,1,1,24,1,NULL),(25,1,2,25,1,NULL),(26,1,2,26,1,NULL),(27,1,2,27,1,NULL),(28,1,2,28,1,NULL),(29,1,2,29,1,NULL),(30,1,2,30,1,NULL),(31,1,1,31,1,NULL),(32,1,1,32,1,NULL),(33,1,1,33,1,NULL),(34,1,1,34,1,NULL),(35,1,1,35,1,NULL),(36,1,1,36,1,NULL),(37,1,2,37,1,NULL),(38,1,2,38,1,NULL),(39,1,2,39,1,NULL),(40,1,2,40,1,NULL),(41,1,2,41,1,NULL),(42,1,2,42,1,NULL),(43,1,1,43,1,NULL),(44,1,1,44,1,NULL),(45,1,1,45,1,NULL),(46,1,1,46,1,NULL),(47,1,1,47,1,NULL),(48,1,1,48,1,NULL),(49,1,2,49,1,NULL),(50,1,2,50,1,NULL),(51,1,2,51,1,NULL),(52,1,2,52,1,NULL),(53,1,2,53,1,NULL),(54,1,2,54,1,NULL),(55,1,1,55,1,NULL),(56,1,1,56,1,NULL),(57,1,1,57,1,NULL),(58,1,1,58,1,NULL),(59,1,1,59,1,NULL),(60,1,1,60,1,NULL),(61,1,2,61,1,NULL),(62,1,2,62,1,NULL),(63,1,2,63,1,NULL),(64,1,2,64,1,NULL),(65,1,2,65,1,NULL),(66,1,2,66,1,NULL),(67,1,1,67,1,NULL),(68,1,1,68,1,NULL),(69,1,1,69,1,NULL),(70,1,1,70,1,NULL),(71,1,1,71,1,NULL),(72,1,1,72,1,NULL),(73,1,2,73,1,NULL),(74,1,2,74,1,NULL),(75,1,2,75,1,NULL),(76,1,2,76,1,NULL),(77,1,2,77,1,NULL),(78,1,2,78,1,NULL),(79,1,1,79,1,NULL),(80,1,1,80,1,NULL),(81,1,1,81,1,NULL),(82,1,1,82,1,NULL),(83,1,1,83,1,NULL),(84,1,1,84,1,NULL),(85,1,2,85,1,NULL),(86,1,2,86,1,NULL),(87,1,2,87,1,NULL),(88,1,2,88,1,NULL),(89,1,2,89,1,NULL),(90,1,2,90,1,NULL),(91,1,1,91,1,NULL),(92,1,1,92,1,NULL),(93,1,1,93,1,NULL),(94,1,1,94,1,NULL),(95,1,1,95,1,NULL),(96,1,1,96,1,NULL);
/*!40000 ALTER TABLE `product_documents` ENABLE KEYS */;
UNLOCK TABLES;
DROP TABLE IF EXISTS `product_prices`;
/*!40101 SET @saved_cs_client     = @@character_set_client */;
/*!40101 SET character_set_client = utf8 */;
CREATE TABLE `product_prices` (
  `id` bigint(20) unsigned NOT NULL AUTO_INCREMENT,
  `product_id` bigint(20) unsigned NOT NULL,
  `price_type_id` bigint(20) unsigned NOT NULL,
  `value` decimal(12,2) NOT NULL,
  `created_at` timestamp NULL DEFAULT NULL,
  `updated_at` timestamp NULL DEFAULT NULL,
  PRIMARY KEY (`id`),
  KEY `product_prices_product_id_foreign` (`product_id`),
  KEY `product_prices_price_type_id_foreign` (`price_type_id`),
  CONSTRAINT `product_prices_price_type_id_foreign` FOREIGN KEY (`price_type_id`) REFERENCES `price_types` (`id`) ON DELETE CASCADE,
  CONSTRAINT `product_prices_product_id_foreign` FOREIGN KEY (`product_id`) REFERENCES `products` (`id`) ON DELETE CASCADE
) ENGINE=InnoDB DEFAULT CHARSET=utf8mb4 COLLATE=utf8mb4_unicode_ci;
/*!40101 SET character_set_client = @saved_cs_client */;

LOCK TABLES `product_prices` WRITE;
/*!40000 ALTER TABLE `product_prices` DISABLE KEYS */;
/*!40000 ALTER TABLE `product_prices` ENABLE KEYS */;
UNLOCK TABLES;
DROP TABLE IF EXISTS `product_product_category_price_translations`;
/*!40101 SET @saved_cs_client     = @@character_set_client */;
/*!40101 SET character_set_client = utf8 */;
CREATE TABLE `product_product_category_price_translations` (
  `id` bigint(20) unsigned NOT NULL AUTO_INCREMENT,
  `product_product_category_price_id` bigint(20) unsigned NOT NULL,
  `locale` varchar(3) COLLATE utf8mb4_unicode_ci NOT NULL,
  `text` varchar(255) COLLATE utf8mb4_unicode_ci DEFAULT NULL COMMENT 'поле text в разделе price_list которое в свою очередь находится в разделе price',
  `price` varchar(10) COLLATE utf8mb4_unicode_ci DEFAULT NULL,
  `currency` varchar(255) COLLATE utf8mb4_unicode_ci DEFAULT NULL,
  `data` longtext CHARACTER SET utf8mb4 COLLATE utf8mb4_bin NOT NULL DEFAULT '[]' CHECK (json_valid(`data`)),
  `publish` tinyint(1) NOT NULL DEFAULT 0,
  `created_at` timestamp NULL DEFAULT NULL,
  `updated_at` timestamp NULL DEFAULT NULL,
  PRIMARY KEY (`id`),
  KEY `ppcp_id` (`product_product_category_price_id`),
  KEY `product_product_category_price_translations_locale_index` (`locale`),
  CONSTRAINT `ppcp_id` FOREIGN KEY (`product_product_category_price_id`) REFERENCES `product_product_category_prices` (`id`) ON DELETE CASCADE
) ENGINE=InnoDB AUTO_INCREMENT=15 DEFAULT CHARSET=utf8mb4 COLLATE=utf8mb4_unicode_ci;
/*!40101 SET character_set_client = @saved_cs_client */;

LOCK TABLES `product_product_category_price_translations` WRITE;
/*!40000 ALTER TABLE `product_product_category_price_translations` DISABLE KEYS */;
INSERT INTO `product_product_category_price_translations` VALUES (1,1,'en',NULL,'190','Eur/kg','[]',0,'2021-10-21 13:48:30','2021-10-21 13:48:30'),(2,2,'en',NULL,'19','Eur/kg','[]',0,'2021-10-21 13:48:30','2021-10-21 13:48:30'),(3,1,'ru',NULL,'195','Eur/kg','[]',0,'2021-10-21 13:48:30','2021-10-21 13:48:30'),(4,2,'ru',NULL,'19','Eur/kg','[]',0,'2021-10-21 13:48:30','2021-10-21 13:48:30'),(5,1,'ua',NULL,'196','Eur/kg','[]',0,'2021-10-21 13:48:30','2021-10-21 13:48:30'),(6,2,'ua',NULL,'19','Eur/kg','[]',0,'2021-10-21 13:48:30','2021-10-21 13:48:30'),(7,1,'gr',NULL,'196','Eur/kg','[]',0,'2021-10-21 13:48:30','2021-10-21 13:48:30'),(8,2,'gr',NULL,'19','Eur/kg','[]',0,'2021-10-21 13:48:30','2021-10-21 13:48:30'),(9,1,'pl',NULL,'196','Eur/kg','[]',0,'2021-10-21 13:48:30','2021-10-21 13:48:30'),(10,2,'pl',NULL,'19','Eur/kg','[]',0,'2021-10-21 13:48:30','2021-10-21 13:48:30'),(11,1,'lv',NULL,'196','Eur/kg','[]',0,'2021-10-21 13:48:30','2021-10-21 13:48:30'),(12,2,'lv',NULL,'19','Eur/kg','[]',0,'2021-10-21 13:48:30','2021-10-21 13:48:30'),(13,1,'tr',NULL,'196','Eur/kg','[]',0,'2021-10-21 13:48:30','2021-10-21 13:48:30'),(14,2,'tr',NULL,'19','Eur/kg','[]',0,'2021-10-21 13:48:30','2021-10-21 13:48:30');
/*!40000 ALTER TABLE `product_product_category_price_translations` ENABLE KEYS */;
UNLOCK TABLES;
DROP TABLE IF EXISTS `product_product_category_prices`;
/*!40101 SET @saved_cs_client     = @@character_set_client */;
/*!40101 SET character_set_client = utf8 */;
CREATE TABLE `product_product_category_prices` (
  `id` bigint(20) unsigned NOT NULL AUTO_INCREMENT,
  `product_category_id` bigint(20) unsigned NOT NULL,
  `product_id` bigint(20) unsigned NOT NULL,
  `series` varchar(255) COLLATE utf8mb4_unicode_ci NOT NULL,
  `column_number` int(11) DEFAULT NULL,
  `min` decimal(4,2) DEFAULT NULL,
  `max` decimal(4,2) DEFAULT NULL,
  `price_list` longtext CHARACTER SET utf8mb4 COLLATE utf8mb4_bin NOT NULL,
  `order` int(11) NOT NULL DEFAULT 0,
  `active` tinyint(1) NOT NULL DEFAULT 1,
  `deleted_at` timestamp NULL DEFAULT NULL,
  PRIMARY KEY (`id`),
  KEY `product_product_category_prices_product_category_id_foreign` (`product_category_id`),
  KEY `product_product_category_prices_product_id_foreign` (`product_id`),
  CONSTRAINT `product_product_category_prices_product_category_id_foreign` FOREIGN KEY (`product_category_id`) REFERENCES `product_categories` (`id`) ON DELETE CASCADE,
  CONSTRAINT `product_product_category_prices_product_id_foreign` FOREIGN KEY (`product_id`) REFERENCES `products` (`id`) ON DELETE CASCADE
) ENGINE=InnoDB AUTO_INCREMENT=3 DEFAULT CHARSET=utf8mb4 COLLATE=utf8mb4_unicode_ci;
/*!40101 SET character_set_client = @saved_cs_client */;

LOCK TABLES `product_product_category_prices` WRITE;
/*!40000 ALTER TABLE `product_product_category_prices` DISABLE KEYS */;
INSERT INTO `product_product_category_prices` VALUES (1,36,1,'берется не из column_content',2,0.00,0.00,'',1,1,NULL),(2,36,1,'берется не из column_content',1,0.00,0.00,'',2,1,NULL);
/*!40000 ALTER TABLE `product_product_category_prices` ENABLE KEYS */;
UNLOCK TABLES;
DROP TABLE IF EXISTS `products`;
/*!40101 SET @saved_cs_client     = @@character_set_client */;
/*!40101 SET character_set_client = utf8 */;
CREATE TABLE `products` (
  `id` bigint(20) unsigned NOT NULL AUTO_INCREMENT,
  `parent_product_id` bigint(20) unsigned DEFAULT NULL,
  `product_category_id` bigint(20) unsigned NOT NULL,
  `vendor_code` varchar(255) COLLATE utf8mb4_unicode_ci DEFAULT NULL COMMENT 'Тут будем хранить запись из поля name_kod\r\nв удаленной таблице nomenclature.\r\n',
  `product_code` varchar(255) COLLATE utf8mb4_unicode_ci DEFAULT NULL COMMENT 'Тут будем хранить запись из поля kod в удаленной таблице nomenclature',
  `group` varchar(255) COLLATE utf8mb4_unicode_ci NOT NULL COMMENT 'По этому полю группируем товары',
  `quantity_in_stock` bigint(20) unsigned NOT NULL DEFAULT 0,
  `status` varchar(255) COLLATE utf8mb4_unicode_ci DEFAULT NULL,
  `order` int(11) NOT NULL DEFAULT 0,
  `code_1c` varchar(255) COLLATE utf8mb4_unicode_ci NOT NULL COMMENT 'field kod_kartochki_price in remote database',
  `code` varchar(255) COLLATE utf8mb4_unicode_ci NOT NULL COMMENT 'Тут будем хранить запись из поля kod_kartochki_nomenklature в удаленной таблице nomenclature',
  `data` longtext CHARACTER SET utf8mb4 COLLATE utf8mb4_bin DEFAULT NULL COMMENT 'all data from remote database in json format',
  `is_flavoring` varchar(50) COLLATE utf8mb4_unicode_ci DEFAULT NULL,
  `deleted_at` timestamp NULL DEFAULT NULL,
  PRIMARY KEY (`id`),
  KEY `products_product_category_id_foreign` (`product_category_id`),
  KEY `products_parent_product_id_foreign` (`parent_product_id`),
  KEY `product_code` (`code`),
  KEY `product_card_code` (`code_1c`) USING BTREE,
  KEY `vendor_code_product_index` (`vendor_code`),
  KEY `products_group_index` (`group`),
  CONSTRAINT `products_parent_product_id_foreign` FOREIGN KEY (`parent_product_id`) REFERENCES `products` (`id`) ON DELETE SET NULL,
  CONSTRAINT `products_product_category_id_foreign` FOREIGN KEY (`product_category_id`) REFERENCES `product_categories` (`id`) ON DELETE CASCADE
) ENGINE=InnoDB AUTO_INCREMENT=2 DEFAULT CHARSET=utf8mb4 COLLATE=utf8mb4_unicode_ci COMMENT='Тут будем хранить запись из поля name_kod\nв удаленной таблице nomenclature';
/*!40101 SET character_set_client = @saved_cs_client */;

LOCK TABLES `products` WRITE;
/*!40000 ALTER TABLE `products` DISABLE KEYS */;
INSERT INTO `products` VALUES (1,NULL,36,'25495CFB','25495','25495CF',0,NULL,0,'000000228','05402','{\"column_content\":{\"en\":[{\"column_number\":2,\"currency\":\"Eur\\/kg\",\"price\":190,\"text\":null,\"series\":\"CFB\"},{\"column_number\":1,\"currency\":\"Eur\\/kg\",\"price\":19,\"text\":null,\"series\":\"CFS\"}],\"ru\":[{\"column_number\":2,\"currency\":\"Eur\\/kg\",\"price\":195,\"text\":null,\"series\":\"CFB\"},{\"column_number\":1,\"currency\":\"Eur\\/kg\",\"price\":19,\"text\":null,\"series\":\"CFS\"}],\"ua\":[{\"column_number\":2,\"currency\":\"Eur\\/kg\",\"price\":196,\"text\":null,\"series\":\"CFB\"},{\"column_number\":1,\"currency\":\"Eur\\/kg\",\"price\":19,\"text\":null,\"series\":\"CFS\"}],\"lt\":[{\"column_number\":2,\"currency\":\"Eur\\/kg\",\"price\":196,\"text\":null,\"series\":\"CFB\"},{\"column_number\":1,\"currency\":\"Eur\\/kg\",\"price\":19,\"text\":null,\"series\":\"CFS\"}],\"gr\":[{\"column_number\":2,\"currency\":\"Eur\\/kg\",\"price\":196,\"text\":null,\"series\":\"CFB\"},{\"column_number\":1,\"currency\":\"Eur\\/kg\",\"price\":19,\"text\":null,\"series\":\"CFS\"}],\"pl\":[{\"column_number\":2,\"currency\":\"Eur\\/kg\",\"price\":196,\"text\":null,\"series\":\"CFB\"},{\"column_number\":1,\"currency\":\"Eur\\/kg\",\"price\":19,\"text\":null,\"series\":\"CFS\"}],\"lv\":[{\"column_number\":2,\"currency\":\"Eur\\/kg\",\"price\":196,\"text\":null,\"series\":\"CFB\"},{\"column_number\":1,\"currency\":\"Eur\\/kg\",\"price\":19,\"text\":null,\"series\":\"CFS\"}],\"tr\":[{\"column_number\":2,\"currency\":\"Eur\\/kg\",\"price\":196,\"text\":null,\"series\":\"CFB\"},{\"column_number\":1,\"currency\":\"Eur\\/kg\",\"price\":19,\"text\":null,\"series\":\"CFS\"}]}}','0',NULL);
/*!40000 ALTER TABLE `products` ENABLE KEYS */;
UNLOCK TABLES;
DROP TABLE IF EXISTS `revisions`;
/*!40101 SET @saved_cs_client     = @@character_set_client */;
/*!40101 SET character_set_client = utf8 */;
CREATE TABLE `revisions` (
  `id` int(10) unsigned NOT NULL AUTO_INCREMENT,
  `revisionable_type` varchar(255) COLLATE utf8mb4_unicode_ci NOT NULL,
  `revisionable_id` int(11) NOT NULL,
  `user_id` int(11) DEFAULT NULL,
  `key` varchar(255) COLLATE utf8mb4_unicode_ci NOT NULL,
  `old_value` text COLLATE utf8mb4_unicode_ci DEFAULT NULL,
  `new_value` text COLLATE utf8mb4_unicode_ci DEFAULT NULL,
  `created_at` timestamp NULL DEFAULT NULL,
  `updated_at` timestamp NULL DEFAULT NULL,
  PRIMARY KEY (`id`),
  KEY `revisions_revisionable_id_revisionable_type_index` (`revisionable_id`,`revisionable_type`)
) ENGINE=InnoDB DEFAULT CHARSET=utf8mb4 COLLATE=utf8mb4_unicode_ci;
/*!40101 SET character_set_client = @saved_cs_client */;

LOCK TABLES `revisions` WRITE;
/*!40000 ALTER TABLE `revisions` DISABLE KEYS */;
/*!40000 ALTER TABLE `revisions` ENABLE KEYS */;
UNLOCK TABLES;
DROP TABLE IF EXISTS `roles`;
/*!40101 SET @saved_cs_client     = @@character_set_client */;
/*!40101 SET character_set_client = utf8 */;
CREATE TABLE `roles` (
  `id` bigint(20) unsigned NOT NULL AUTO_INCREMENT,
  `name` varchar(255) COLLATE utf8mb4_unicode_ci NOT NULL,
  `slug` varchar(255) COLLATE utf8mb4_unicode_ci NOT NULL,
  `description` varchar(255) COLLATE utf8mb4_unicode_ci DEFAULT NULL,
  `created_at` timestamp NULL DEFAULT NULL,
  `updated_at` timestamp NULL DEFAULT NULL,
  PRIMARY KEY (`id`)
) ENGINE=InnoDB AUTO_INCREMENT=5 DEFAULT CHARSET=utf8mb4 COLLATE=utf8mb4_unicode_ci;
/*!40101 SET character_set_client = @saved_cs_client */;

LOCK TABLES `roles` WRITE;
/*!40000 ALTER TABLE `roles` DISABLE KEYS */;
INSERT INTO `roles` VALUES (1,'Administrator','admin',NULL,'2021-02-23 09:21:57','2021-02-23 09:21:57'),(2,'Developer','developer',NULL,'2021-02-23 09:21:57','2021-02-23 09:21:57'),(3,'Guest','guest',NULL,'2021-02-23 09:21:57','2021-02-23 09:21:57'),(4,'API','api',NULL,'2021-05-07 09:30:21','2021-05-07 09:30:21');
/*!40000 ALTER TABLE `roles` ENABLE KEYS */;
UNLOCK TABLES;
DROP TABLE IF EXISTS `roles_permissions`;
/*!40101 SET @saved_cs_client     = @@character_set_client */;
/*!40101 SET character_set_client = utf8 */;
CREATE TABLE `roles_permissions` (
  `role_id` bigint(20) unsigned NOT NULL,
  `permission_id` bigint(20) unsigned NOT NULL,
  PRIMARY KEY (`role_id`,`permission_id`),
  KEY `roles_permissions_permission_id_foreign` (`permission_id`),
  CONSTRAINT `roles_permissions_permission_id_foreign` FOREIGN KEY (`permission_id`) REFERENCES `permissions` (`id`) ON DELETE CASCADE,
  CONSTRAINT `roles_permissions_role_id_foreign` FOREIGN KEY (`role_id`) REFERENCES `roles` (`id`) ON DELETE CASCADE
) ENGINE=InnoDB DEFAULT CHARSET=utf8mb4 COLLATE=utf8mb4_unicode_ci;
/*!40101 SET character_set_client = @saved_cs_client */;

LOCK TABLES `roles_permissions` WRITE;
/*!40000 ALTER TABLE `roles_permissions` DISABLE KEYS */;
INSERT INTO `roles_permissions` VALUES (1,1),(1,2),(1,3),(1,4),(1,5),(1,6),(1,7),(1,8),(1,10),(1,11),(1,12),(1,13),(1,14),(1,15),(1,16),(1,17),(1,18),(1,19),(1,20),(1,21),(1,22),(1,23),(1,24),(1,25),(1,26),(1,27),(1,28),(1,29),(1,30),(1,37),(1,38),(1,39),(1,40),(1,41),(1,42),(1,43),(1,44),(1,45),(1,46),(1,47),(1,48),(1,49),(1,50),(1,51),(1,52),(1,53),(1,54),(1,55),(1,56),(1,57),(1,74),(1,75),(1,76),(1,77),(1,78),(1,91),(1,92),(1,93),(1,94),(1,95),(1,96),(1,97),(1,98),(1,99),(1,100),(1,101),(1,102),(1,103),(1,104),(1,105),(1,106),(1,107),(1,108),(1,109),(1,110),(1,111),(1,112),(1,113),(1,114),(1,115),(1,116),(1,117),(1,118),(1,119),(1,120),(1,121),(1,122),(1,123),(1,124),(1,125),(1,126),(1,127),(1,128),(1,129),(1,130),(1,131),(1,132),(1,133),(1,134),(1,135),(1,136),(1,137),(1,138),(1,139),(1,140),(1,141),(1,142),(1,143),(1,144),(1,145),(1,146),(1,147),(1,148),(1,149),(1,150),(1,151),(1,152),(1,153),(1,154),(1,155),(1,156),(1,157),(1,158),(1,159),(1,160),(1,161),(1,162),(1,163),(1,164),(1,165),(1,166),(1,167),(1,168),(1,169),(1,170),(1,171),(1,172),(1,173),(1,174),(1,175),(1,176),(1,177),(1,178),(1,179),(1,180),(1,181),(1,182),(1,183),(1,184),(1,187),(1,188),(1,189),(1,190),(1,191),(1,192),(1,193),(1,194),(1,195),(1,196),(1,197),(1,198),(1,199),(1,200),(1,201),(1,202),(1,203),(1,204),(1,205),(1,206),(1,207),(1,208),(1,209),(1,210),(1,211),(1,212),(1,213),(1,214),(1,215),(1,216),(1,217),(1,218),(1,219),(1,220),(1,221),(1,222),(1,223),(1,224),(1,225),(1,226),(1,227),(1,281),(1,282),(1,283),(1,284),(1,285),(1,286),(1,287),(1,288),(1,289),(1,290),(1,291),(1,292),(1,293),(1,294),(1,295),(1,296),(1,297),(1,298),(1,299),(1,300),(1,301),(1,302),(1,303),(1,306),(1,307),(1,308),(1,309),(1,310),(1,311),(1,312),(1,313),(1,314),(1,315),(1,316),(1,317),(1,318),(1,319),(1,320),(1,321),(1,322),(1,323),(1,324),(1,325),(1,326),(1,327),(1,328),(1,329),(1,330),(1,331),(1,332),(1,333),(1,334),(1,335),(1,336),(1,337),(1,338),(1,339),(1,340),(1,341),(1,342),(1,343),(1,344),(1,345),(1,346),(1,348),(1,349),(1,350),(1,352),(1,353),(1,354),(1,355),(1,356),(1,357),(1,358),(1,359),(1,360),(1,361),(1,362),(1,363),(1,364),(1,365),(1,366),(1,367),(1,368),(1,369),(1,370),(1,371),(1,372),(2,1),(2,2),(2,3),(2,4),(2,5),(2,6),(2,7),(2,8),(2,10),(2,11),(2,12),(2,13),(2,14),(2,15),(2,16),(2,17),(2,18),(2,19),(2,20),(2,21),(2,22),(2,23),(2,24),(2,25),(2,26),(2,27),(2,28),(2,29),(2,30),(2,37),(2,38),(2,39),(2,40),(2,41),(2,42),(2,43),(2,44),(2,45),(2,46),(2,47),(2,48),(2,49),(2,50),(2,51),(2,52),(2,53),(2,54),(2,55),(2,56),(2,57),(2,74),(2,75),(2,76),(2,77),(2,78),(2,91),(2,92),(2,93),(2,94),(2,95),(2,96),(2,97),(2,98),(2,99),(2,100),(2,101),(2,102),(2,103),(2,104),(2,105),(2,106),(2,107),(2,108),(2,109),(2,110),(2,111),(2,112),(2,113),(2,114),(2,115),(2,116),(2,117),(2,118),(2,119),(2,120),(2,121),(2,122),(2,123),(2,124),(2,125),(2,126),(2,127),(2,128),(2,129),(2,130),(2,131),(2,132),(2,133),(2,134),(2,135),(2,136),(2,137),(2,138),(2,139),(2,140),(2,141),(2,142),(2,143),(2,144),(2,145),(2,146),(2,147),(2,148),(2,149),(2,150),(2,151),(2,152),(2,153),(2,154),(2,155),(2,156),(2,157),(2,158),(2,159),(2,160),(2,161),(2,162),(2,163),(2,164),(2,165),(2,166),(2,167),(2,168),(2,169),(2,170),(2,171),(2,172),(2,173),(2,174),(2,175),(2,176),(2,177),(2,178),(2,179),(2,180),(2,181),(2,182),(2,183),(2,184),(2,187),(2,188),(2,189),(2,190),(2,191),(2,192),(2,193),(2,194),(2,195),(2,196),(2,197),(2,198),(2,199),(2,200),(2,201),(2,202),(2,203),(2,204),(2,205),(2,206),(2,207),(2,208),(2,209),(2,210),(2,211),(2,212),(2,213),(2,214),(2,215),(2,216),(2,217),(2,218),(2,219),(2,220),(2,221),(2,222),(2,223),(2,224),(2,225),(2,226),(2,227),(2,228),(2,229),(2,230),(2,231),(2,232),(2,233),(2,234),(2,235),(2,236),(2,237),(2,238),(2,239),(2,240),(2,241),(2,242),(2,243),(2,244),(2,245),(2,246),(2,247),(2,248),(2,249),(2,250),(2,251),(2,252),(2,253),(2,254),(2,255),(2,256),(2,257),(2,258),(2,259),(2,260),(2,261),(2,262),(2,263),(2,264),(2,281),(2,282),(2,283),(2,284),(2,285),(2,286),(2,287),(2,288),(2,289),(2,290),(2,291),(2,292),(2,293),(2,294),(2,295),(2,296),(2,297),(2,298),(2,299),(2,300),(2,301),(2,302),(2,303),(2,306),(2,307),(2,308),(2,309),(2,310),(2,311),(2,312),(2,313),(2,314),(2,315),(2,316),(2,317),(2,318),(2,319),(2,320),(2,321),(2,322),(2,323),(2,324),(2,325),(2,326),(2,327),(2,328),(2,329),(2,330),(2,331),(2,332),(2,333),(2,334),(2,335),(2,336),(2,337),(2,338),(2,339),(2,340),(2,341),(2,342),(2,343),(2,344),(2,345),(2,346),(2,348),(2,349),(2,350),(2,352),(2,353),(2,354),(2,355),(2,356),(2,357),(2,358),(2,359),(2,360),(2,361),(2,362),(2,363),(2,364),(2,365),(2,366),(2,367),(2,368),(2,369),(2,370),(2,371),(2,372);
/*!40000 ALTER TABLE `roles_permissions` ENABLE KEYS */;
UNLOCK TABLES;
DROP TABLE IF EXISTS `seo_catalogs`;
/*!40101 SET @saved_cs_client     = @@character_set_client */;
/*!40101 SET character_set_client = utf8 */;
CREATE TABLE `seo_catalogs` (
  `id` bigint(20) unsigned NOT NULL AUTO_INCREMENT,
  `parent_page_id` bigint(20) unsigned DEFAULT NULL,
  `product_category_id` bigint(20) unsigned DEFAULT NULL,
  `is_brand` tinyint(1) NOT NULL DEFAULT 0,
  `order` int(11) NOT NULL DEFAULT 0,
  `country_id` bigint(20) unsigned DEFAULT NULL COMMENT 'id из таблицы feature_values где key в таблице feature_kind равен country',
  `deleted_at` timestamp NULL DEFAULT NULL,
  PRIMARY KEY (`id`),
  KEY `seo_catalogs_product_category_id_foreign` (`product_category_id`),
  KEY `seo_catalogs_country_id_foreign` (`country_id`),
  KEY `seo_catalogs_parent_page_id_foreign` (`parent_page_id`),
  CONSTRAINT `seo_catalogs_country_id_foreign` FOREIGN KEY (`country_id`) REFERENCES `feature_values` (`id`) ON DELETE SET NULL,
  CONSTRAINT `seo_catalogs_parent_page_id_foreign` FOREIGN KEY (`parent_page_id`) REFERENCES `pages` (`id`) ON DELETE CASCADE,
  CONSTRAINT `seo_catalogs_product_category_id_foreign` FOREIGN KEY (`product_category_id`) REFERENCES `product_categories` (`id`) ON DELETE SET NULL
) ENGINE=InnoDB DEFAULT CHARSET=utf8mb4 COLLATE=utf8mb4_unicode_ci;
/*!40101 SET character_set_client = @saved_cs_client */;

LOCK TABLES `seo_catalogs` WRITE;
/*!40000 ALTER TABLE `seo_catalogs` DISABLE KEYS */;
/*!40000 ALTER TABLE `seo_catalogs` ENABLE KEYS */;
UNLOCK TABLES;
DROP TABLE IF EXISTS `settings`;
/*!40101 SET @saved_cs_client     = @@character_set_client */;
/*!40101 SET character_set_client = utf8 */;
CREATE TABLE `settings` (
  `id` bigint(20) unsigned NOT NULL AUTO_INCREMENT,
  `name` varchar(255) COLLATE utf8mb4_unicode_ci NOT NULL COMMENT 'название',
  `key` varchar(255) COLLATE utf8mb4_unicode_ci NOT NULL COMMENT 'уникальный ключ',
  `component` varchar(255) COLLATE utf8mb4_unicode_ci NOT NULL COMMENT 'имя компонента который будем использовать',
  `group` varchar(255) COLLATE utf8mb4_unicode_ci DEFAULT NULL COMMENT 'группировка элементов настроек',
  `deleted_at` timestamp NULL DEFAULT NULL,
  PRIMARY KEY (`id`),
  UNIQUE KEY `settings_key_unique` (`key`)
) ENGINE=InnoDB AUTO_INCREMENT=17 DEFAULT CHARSET=utf8mb4 COLLATE=utf8mb4_unicode_ci;
/*!40101 SET character_set_client = @saved_cs_client */;

LOCK TABLES `settings` WRITE;
/*!40000 ALTER TABLE `settings` DISABLE KEYS */;
INSERT INTO `settings` VALUES (1,'Контактный номер (Украина)','contact-phone-ua','input','contact-phones',NULL),(2,'Контактный номер (Россия)','contact-phone-ru','input','contact-phones',NULL),(3,'Основной логотип','logo-main','image',NULL,NULL),(4,'форма \"нужна помощь с выбором\"','form-help','switcher',NULL,NULL),(5,'Facebook','facebook','input','social_links',NULL),(6,'Instagram','instagram','input','social_links',NULL),(7,'Telegram','telegram','input','social_links',NULL),(8,'YouTube','youtube','input','social_links',NULL),(9,'Логотип в футере','logo-footer','image',NULL,NULL),(10,'Название компании','company-name','input','footer-contact',NULL),(11,'Телефон','phone','input','footer-contact',NULL),(12,'E-mail','email','input','footer-contact',NULL),(13,'Адрес','address','textarea','footer-contact',NULL),(14,'описание к телефону','phone-description','input','footer-contact',NULL),(15,'Копирайт','copyright','input',NULL,NULL),(16,'Google map api key','google-map-api-key','input',NULL,NULL);
/*!40000 ALTER TABLE `settings` ENABLE KEYS */;
UNLOCK TABLES;
DROP TABLE IF EXISTS `settings_translations`;
/*!40101 SET @saved_cs_client     = @@character_set_client */;
/*!40101 SET character_set_client = utf8 */;
CREATE TABLE `settings_translations` (
  `id` bigint(20) unsigned NOT NULL AUTO_INCREMENT,
  `settings_id` bigint(20) unsigned NOT NULL,
  `locale` varchar(3) COLLATE utf8mb4_unicode_ci NOT NULL,
  `default` varchar(255) COLLATE utf8mb4_unicode_ci DEFAULT NULL COMMENT 'значение по умолчанию',
  `value` varchar(255) COLLATE utf8mb4_unicode_ci DEFAULT NULL COMMENT 'значение измененное',
  `created_at` timestamp NULL DEFAULT NULL,
  `updated_at` timestamp NULL DEFAULT NULL,
  PRIMARY KEY (`id`),
  UNIQUE KEY `settings_translations_settings_id_locale_unique` (`settings_id`,`locale`),
  KEY `settings_translations_locale_index` (`locale`),
  CONSTRAINT `settings_translations_settings_id_foreign` FOREIGN KEY (`settings_id`) REFERENCES `settings` (`id`) ON DELETE CASCADE
) ENGINE=InnoDB AUTO_INCREMENT=19 DEFAULT CHARSET=utf8mb4 COLLATE=utf8mb4_unicode_ci;
/*!40101 SET character_set_client = @saved_cs_client */;

LOCK TABLES `settings_translations` WRITE;
/*!40000 ALTER TABLE `settings_translations` DISABLE KEYS */;
INSERT INTO `settings_translations` VALUES (1,1,'ru',NULL,'+38 (067) 515 39 50','2021-02-23 12:19:48','2021-02-23 12:19:48'),(2,2,'ru',NULL,'+7 (499) 798 54 58','2021-02-23 12:20:10','2021-02-23 12:20:10'),(3,3,'ru',NULL,'/uploads/logo/logo.png','2021-02-23 13:37:19','2021-02-23 14:01:47'),(4,4,'ru',NULL,'1','2021-02-24 10:29:08','2021-03-01 11:09:42'),(5,4,'ua',NULL,'1','2021-02-24 11:24:47','2021-03-01 11:23:20'),(6,5,'ru',NULL,'https://www.facebook.com/profile.php?id=100026190036810&amp;eid=ARBSjRU9zelG89tfL5pmv07bYyqiuTbfEHe54iJM4bh1_chSAifsIEGc2G4A5Lj3B9jvpCs9o1E-E8UI&amp;tn-str=*F','2021-02-25 13:12:07','2021-02-25 13:12:07'),(7,9,'ru',NULL,'/uploads/logo/logo-footer.png','2021-02-25 13:17:14','2021-02-25 13:17:14'),(8,13,'ru',NULL,'54018, Украина, г.  Николаев <br>пр. Октябрьский, 47/3','2021-02-25 13:37:33','2021-02-25 13:37:33'),(9,13,'ua',NULL,'54018, Україна, м Миколаїв <br> ін. Жовтневий, 47/3','2021-02-25 13:38:07','2021-02-25 13:38:07'),(10,12,'ru',NULL,'office@roscosmetic.com','2021-02-25 13:38:35','2021-02-25 13:38:35'),(11,11,'ru',NULL,'+38 (0512) 59-04-68','2021-02-25 13:39:14','2021-02-25 13:39:14'),(12,14,'ru',NULL,'Многоканальный','2021-02-25 13:40:20','2021-02-25 13:40:20'),(13,14,'ua',NULL,'Багатоканальний','2021-02-25 13:40:20','2021-02-25 13:40:20'),(14,10,'ru',NULL,'Украина ООО “РосКосметика”','2021-02-25 13:41:07','2021-02-25 13:41:07'),(15,10,'ua',NULL,'Україна ТОВ “РосКосметика”','2021-02-25 13:41:07','2021-02-25 13:41:07'),(16,15,'ru',NULL,'Все права защищены','2021-02-25 14:00:31','2021-02-25 14:00:31'),(17,15,'ua',NULL,'Всі права захищені','2021-02-25 14:00:31','2021-02-25 14:00:31'),(18,16,'ru',NULL,'AIzaSyDIEK1iM3ns8mizRGYzIWgLPejghjHqFGk','2021-03-02 13:58:18','2021-09-09 12:04:02');
/*!40000 ALTER TABLE `settings_translations` ENABLE KEYS */;
UNLOCK TABLES;
DROP TABLE IF EXISTS `shop_translations`;
/*!40101 SET @saved_cs_client     = @@character_set_client */;
/*!40101 SET character_set_client = utf8 */;
CREATE TABLE `shop_translations` (
  `id` bigint(20) unsigned NOT NULL AUTO_INCREMENT,
  `shop_id` bigint(20) unsigned NOT NULL,
  `locale` varchar(3) COLLATE utf8mb4_unicode_ci NOT NULL,
  `name` varchar(255) COLLATE utf8mb4_unicode_ci DEFAULT NULL,
  `address` varchar(255) COLLATE utf8mb4_unicode_ci DEFAULT NULL,
  `info` text COLLATE utf8mb4_unicode_ci DEFAULT NULL,
  `schedule` varchar(255) COLLATE utf8mb4_unicode_ci DEFAULT NULL,
  `publish` tinyint(1) NOT NULL DEFAULT 0,
  `created_at` timestamp NULL DEFAULT NULL,
  `updated_at` timestamp NULL DEFAULT NULL,
  PRIMARY KEY (`id`),
  KEY `shop_translations_shop_id_foreign` (`shop_id`),
  KEY `shop_translations_locale_index` (`locale`),
  CONSTRAINT `shop_translations_shop_id_foreign` FOREIGN KEY (`shop_id`) REFERENCES `shops` (`id`) ON DELETE CASCADE
) ENGINE=InnoDB AUTO_INCREMENT=13 DEFAULT CHARSET=utf8mb4 COLLATE=utf8mb4_unicode_ci;
/*!40101 SET character_set_client = @saved_cs_client */;

LOCK TABLES `shop_translations` WRITE;
/*!40000 ALTER TABLE `shop_translations` DISABLE KEYS */;
INSERT INTO `shop_translations` VALUES (3,2,'ru','Центральный офис ООО \"РосКосметика\"','Украина, г. Николаев, пр. Октябрьский, 47/3',NULL,NULL,1,'2021-03-02 12:22:38','2021-03-02 14:05:43'),(4,2,'ua','Центральний офіс ТОВ \"РосКосметика\"','Україна, м.Миколаїв, пр. Жовтневий, 47/3',NULL,NULL,1,'2021-03-02 12:22:38','2021-03-04 09:04:19'),(5,3,'ru','ООО \"Арома Капитал\"','Россия, г. Москва, ул. Люблинская, 42, офис 111',NULL,NULL,1,'2021-03-03 12:13:04','2021-03-03 12:13:04'),(6,3,'ua','ООО \"Арома Капитал\"','Россия, г. Москва, ул. Люблинская, 42, офис 111',NULL,NULL,1,'2021-03-03 12:13:04','2021-03-03 12:13:04'),(7,4,'ru','\"Мыльное царство\"','Россия, г.Новосибирск, ул. Петухова, 79','Оптом и мелкий опт',NULL,1,'2021-03-03 13:12:14','2021-03-03 13:12:14'),(8,4,'ua','\"Мыльное царство\"','Росія, Новосибірськ, вул. Пєтухова, 79','Оптом і дрібний опт',NULL,1,'2021-03-03 13:12:14','2021-03-03 13:12:14'),(9,5,'ru','ООО \"Арома Капитал\"','Россия, г. Москва, ул. Люблинская, 42, офис 111',NULL,NULL,1,'2021-03-03 13:13:13','2021-03-03 13:13:13'),(10,5,'ua','ТОВ \"Арома Капітал\"','Росія, г. Москва, ул. Люблінська, 42, офіс 111',NULL,NULL,1,'2021-03-03 13:13:13','2021-03-03 13:13:13'),(11,6,'ru','\"Мыльное царство\"','Россия, г.Новосибирск, ул. Петухова, 79','Оптом и мелкий опт',NULL,1,'2021-03-03 13:14:29','2021-03-04 07:35:53'),(12,6,'ua','\"Мильне царство\"','Росія, Новосибірськ, вул. Пєтухова, 79','Оптом і дрібний опт',NULL,1,'2021-03-03 13:14:30','2021-03-04 07:35:53');
/*!40000 ALTER TABLE `shop_translations` ENABLE KEYS */;
UNLOCK TABLES;
DROP TABLE IF EXISTS `shops`;
/*!40101 SET @saved_cs_client     = @@character_set_client */;
/*!40101 SET character_set_client = utf8 */;
CREATE TABLE `shops` (
  `id` bigint(20) unsigned NOT NULL AUTO_INCREMENT,
  `country_id` bigint(20) unsigned DEFAULT NULL,
  `city_id` bigint(20) unsigned DEFAULT NULL,
  `zipcode` varchar(10) COLLATE utf8mb4_unicode_ci DEFAULT NULL,
  `order` int(11) NOT NULL DEFAULT 0,
  `active` tinyint(1) NOT NULL DEFAULT 1,
  `default` tinyint(1) NOT NULL DEFAULT 0,
  `deleted_at` timestamp NULL DEFAULT NULL,
  PRIMARY KEY (`id`),
  KEY `shops_city_id_foreign` (`city_id`),
  KEY `shops_country_id_foreign` (`country_id`),
  CONSTRAINT `shops_city_id_foreign` FOREIGN KEY (`city_id`) REFERENCES `cities` (`id`) ON DELETE CASCADE,
  CONSTRAINT `shops_country_id_foreign` FOREIGN KEY (`country_id`) REFERENCES `countries` (`id`) ON DELETE CASCADE
) ENGINE=InnoDB AUTO_INCREMENT=7 DEFAULT CHARSET=utf8mb4 COLLATE=utf8mb4_unicode_ci;
/*!40101 SET character_set_client = @saved_cs_client */;

LOCK TABLES `shops` WRITE;
/*!40000 ALTER TABLE `shops` DISABLE KEYS */;
INSERT INTO `shops` VALUES (2,1,NULL,NULL,1,1,1,NULL),(3,9,NULL,NULL,2,1,0,NULL),(4,9,NULL,NULL,3,1,0,NULL),(5,9,NULL,NULL,4,1,0,NULL),(6,9,NULL,NULL,5,1,0,NULL);
/*!40000 ALTER TABLE `shops` ENABLE KEYS */;
UNLOCK TABLES;
DROP TABLE IF EXISTS `templates`;
/*!40101 SET @saved_cs_client     = @@character_set_client */;
/*!40101 SET character_set_client = utf8 */;
CREATE TABLE `templates` (
  `id` bigint(20) unsigned NOT NULL AUTO_INCREMENT,
  `name` varchar(255) COLLATE utf8mb4_unicode_ci NOT NULL,
  `type` varchar(255) COLLATE utf8mb4_unicode_ci DEFAULT NULL,
  `data` longtext CHARACTER SET utf8mb4 COLLATE utf8mb4_bin NOT NULL DEFAULT '',
  `is_main` tinyint(1) NOT NULL DEFAULT 0,
  PRIMARY KEY (`id`)
) ENGINE=InnoDB AUTO_INCREMENT=6 DEFAULT CHARSET=utf8mb4 COLLATE=utf8mb4_unicode_ci;
/*!40101 SET character_set_client = @saved_cs_client */;

LOCK TABLES `templates` WRITE;
/*!40000 ALTER TABLE `templates` DISABLE KEYS */;
INSERT INTO `templates` VALUES (1,'Шаблон главной страницы','main','{\"components\":[{\"name\":\"\\u041f\\u0440\\u0435\\u0438\\u043c\\u0443\\u0449\\u0435\\u0441\\u0442\\u0432\\u0430\",\"alias\":\"advantages\",\"type\":\"widget\",\"description\":\"\\u0418\\u043d\\u0444\\u043e\\u0440\\u043c\\u0430\\u0446\\u0438\\u043e\\u043d\\u043d\\u044b\\u0439 \\u0431\\u043b\\u043e\\u043a\",\"data\":{\"cms_navigation\":[{\"label\":\"cms.advantages\",\"icon\":\"\",\"slug\":\"module.page_info.index\"}]}},{\"name\":\"\\u041e\\u0441\\u043d\\u043e\\u0432\\u043d\\u043e\\u0439 \\u0441\\u043b\\u0430\\u0439\\u0434\\u0435\\u0440 \\u043d\\u0430 \\u0433\\u043b\\u0430\\u0432\\u043d\\u043e\\u0439\",\"alias\":\"slider-main\",\"type\":\"widget\",\"description\":\"\\u0421\\u043e\\u0437\\u0434\\u0430\\u043d\\u0438\\u0435 \\u0431\\u0430\\u043d\\u043d\\u0435\\u0440\\u043e\\u0432, \\u0441\\u043b\\u0430\\u0439\\u0434\\u0435\\u0440\\u043e\\u0432\",\"data\":{\"cms_navigation\":[{\"label\":\"cms.slider-main\",\"icon\":\"\",\"slug\":\"module.page_banner.index\"}]}},{\"name\":\"\\u041a\\u0430\\u0442\\u0430\\u043b\\u043e\\u0433 \\u043f\\u0440\\u043e\\u0434\\u0443\\u043a\\u0446\\u0438\\u0438\",\"alias\":\"catalog-banner-main\",\"type\":\"widget\",\"description\":\"\\u0421\\u043e\\u0437\\u0434\\u0430\\u043d\\u0438\\u0435 \\u0431\\u0430\\u043d\\u043d\\u0435\\u0440\\u043e\\u0432, \\u0441\\u043b\\u0430\\u0439\\u0434\\u0435\\u0440\\u043e\\u0432\",\"data\":{\"cms_navigation\":[{\"label\":\"cms.catalog_banner_main\",\"icon\":\"\",\"slug\":\"module.page_banner.index\"}]}},{\"name\":\"\\u041f\\u0440\\u043e\\u0447\\u0430\\u044f \\u043f\\u0440\\u043e\\u0434\\u0443\\u043a\\u0446\\u0438\\u044f\",\"alias\":\"other-products\",\"type\":\"widget\",\"description\":\"\\u0421\\u043e\\u0437\\u0434\\u0430\\u043d\\u0438\\u0435 \\u0431\\u0430\\u043d\\u043d\\u0435\\u0440\\u043e\\u0432, \\u0441\\u043b\\u0430\\u0439\\u0434\\u0435\\u0440\\u043e\\u0432\",\"data\":{\"cms_navigation\":[{\"label\":\"cms.other-products\",\"icon\":\"\",\"slug\":\"module.page_banner.index\"}]}},{\"name\":\"\\u041e \\u043a\\u043e\\u043c\\u043f\\u0430\\u043d\\u0438\\u0438 \\u043d\\u0430 \\u0433\\u043b\\u0430\\u0432\\u043d\\u043e\\u0439\",\"alias\":\"about-company-main\",\"type\":\"widget\",\"description\":\"\\u0421\\u043e\\u0437\\u0434\\u0430\\u043d\\u0438\\u0435 \\u0431\\u0430\\u043d\\u043d\\u0435\\u0440\\u043e\\u0432, \\u0441\\u043b\\u0430\\u0439\\u0434\\u0435\\u0440\\u043e\\u0432\",\"data\":{\"cms_navigation\":[{\"label\":\"cms.about-company\",\"icon\":\"\",\"slug\":\"module.page_banner.index\"}]}}]}',1),(2,'Шаблон страницы каталога','catalog','{\"components\":[{\"name\":\"Catalog\",\"description\":\"catalog\",\"alias\":\"catalog\",\"type\":\"module\",\"data\":{\"routes\":{\"cms\":[{\"method\":\"get\",\"uri\":\"page\\/{page}\\/{name}\",\"type\":\"section\",\"controller\":\"PagesController\",\"action\":\"index\"},{\"method\":\"patch\",\"uri\":\"page\\/{page}\\/{name}\",\"type\":\"section\",\"controller\":\"PagesController\",\"action\":\"update\"}],\"web\":[{\"method\":\"get\",\"controller\":\"App\\\\Http\\\\Controllers\\\\Web\\\\CatalogController\",\"action\":\"index\"}]}}}]}',0),(3,'Шаблон страницы новостей','articles','{\"components\":[{\"id\":6,\"name\":\"\\u041c\\u043e\\u0434\\u0443\\u043b\\u044c \\u0441\\u0442\\u0430\\u0442\\u0435\\u0439\",\"alias\":\"articles\",\"type\":\"module\",\"description\":\"\\u0421\\u0442\\u0430\\u0442\\u044c\\u0438\",\"data\":{\"routes\":{\"web\":[{\"method\":\"get\",\"controller\":\"App\\\\Http\\\\Controllers\\\\Web\\\\ArticleController\",\"action\":\"index\"}],\"cms\":[{\"method\":\"get\",\"uri\":\"page\\/{page}\\/{name}\",\"type\":\"section\",\"controller\":\"PagesController\",\"action\":\"index\"},{\"method\":\"patch\",\"uri\":\"page\\/{page}\\/{name}\",\"type\":\"section\",\"controller\":\"PagesController\",\"action\":\"update\"}]},\"cms_navigation\":[{\"label\":\"cms.articles\",\"icon\":\"\",\"slug\":\"module.article.index\"}]}}]}',0),(4,'Шаблон текстовой страницы','text-page','{\"components\":[{\"name\":\"\\u0413\\u0430\\u043b\\u0435\\u0440\\u0435\\u044f \\u043d\\u0430 \\u0441\\u0442\\u0440\\u0430\\u043d\\u0438\\u0446\\u0435\",\"alias\":\"page-gallery\",\"type\":\"widget\",\"description\":\"\\u0421\\u043e\\u0437\\u0434\\u0430\\u043d\\u0438\\u0435 \\u0433\\u0430\\u043b\\u043b\\u0435\\u0440\\u0435\\u0438, \\u0444\\u043e\\u0442\\u043e-\\u0432\\u0438\\u0434\\u0435\\u043e\",\"data\":{\"cms_navigation\":[{\"label\":\"cms.gallery\",\"icon\":\"\",\"slug\":\"module.page_gallery.index\"}]}},{\"id\":7,\"name\":\"\\u041c\\u043e\\u0434\\u0443\\u043b\\u044c \\u0442\\u0435\\u043a\\u0441\\u0442\\u043e\\u0432\\u043e\\u0439 \\u0441\\u0442\\u0440\\u0430\\u043d\\u0438\\u0446\\u044b\",\"alias\":\"text-page\",\"type\":\"module\",\"description\":\"\\u041c\\u043e\\u0434\\u0443\\u043b\\u044c \\u0442\\u0435\\u043a\\u0441\\u0442\\u043e\\u0432\\u044b\\u0445 \\u0441\\u0442\\u0440\\u0430\\u043d\\u0438\\u0446\",\"data\":{\"routes\":{\"web\":[{\"method\":\"get\",\"controller\":\"App\\\\Http\\\\Controllers\\\\Web\\\\TextPageController\",\"action\":\"index\"}],\"cms\":[{\"method\":\"get\",\"uri\":\"page\\/{page}\\/{name}\",\"type\":\"section\",\"controller\":\"PagesController\",\"action\":\"index\"},{\"method\":\"patch\",\"uri\":\"page\\/{page}\\/{name}\",\"type\":\"section\",\"controller\":\"PagesController\",\"action\":\"update\"}]}}}]}',0),(5,'Шаблон страницы контактов','contact','{\"components\":[{\"id\":9,\"name\":\"\\u043c\\u043e\\u0434\\u0443\\u043b\\u044c \\u043a\\u043e\\u043d\\u0442\\u0430\\u043a\\u0442\\u044b\",\"alias\":\"contact\",\"type\":\"module\",\"description\":\"\\u0421\\u0442\\u0440\\u0430\\u043d\\u0438\\u0446\\u0430 \\u043a\\u043e\\u043d\\u0442\\u0430\\u043a\\u0442\\u043e\\u0432\",\"data\":{\"routes\":{\"web\":[{\"method\":\"get\",\"controller\":\"App\\\\Http\\\\Controllers\\\\Web\\\\ContactController\",\"action\":\"index\"}],\"cms\":[{\"method\":\"get\",\"uri\":\"page\\/{page}\\/{name}\",\"type\":\"section\",\"controller\":\"PagesController\",\"action\":\"index\"},{\"method\":\"patch\",\"uri\":\"page\\/{page}\\/{name}\",\"type\":\"section\",\"controller\":\"PagesController\",\"action\":\"update\"}]}}}]}',0);
/*!40000 ALTER TABLE `templates` ENABLE KEYS */;
UNLOCK TABLES;
DROP TABLE IF EXISTS `users`;
/*!40101 SET @saved_cs_client     = @@character_set_client */;
/*!40101 SET character_set_client = utf8 */;
CREATE TABLE `users` (
  `id` bigint(20) unsigned NOT NULL AUTO_INCREMENT,
  `login` varchar(255) COLLATE utf8mb4_unicode_ci NOT NULL,
  `email` varchar(255) COLLATE utf8mb4_unicode_ci NOT NULL,
  `email_verified_at` timestamp NULL DEFAULT NULL,
  `password` varchar(255) COLLATE utf8mb4_unicode_ci NOT NULL,
  `remember_token` varchar(100) COLLATE utf8mb4_unicode_ci DEFAULT NULL,
  `created_at` timestamp NULL DEFAULT NULL,
  `updated_at` timestamp NULL DEFAULT NULL,
  `deleted_at` timestamp NULL DEFAULT NULL,
  PRIMARY KEY (`id`),
  UNIQUE KEY `users_email_unique` (`email`)
) ENGINE=InnoDB AUTO_INCREMENT=4 DEFAULT CHARSET=utf8mb4 COLLATE=utf8mb4_unicode_ci;
/*!40101 SET character_set_client = @saved_cs_client */;

LOCK TABLES `users` WRITE;
/*!40000 ALTER TABLE `users` DISABLE KEYS */;
INSERT INTO `users` VALUES (1,'admin','admin@admin.com','2021-02-23 09:22:31','$2y$10$wSh6DlzSZbselL9Y0veIg.by8lx8CP9AcZbGhSuNCmapM2S/Fyes2',NULL,'2021-02-23 09:22:31','2021-02-23 09:22:31',NULL),(2,'developer','developer@developer.com','2021-02-23 09:22:31','$2y$10$cZdj6SWT1E0kUP3crFPDoe1cTUs8SCJ6C83ZSS3n8Ajr4jMQrSssi','DafEzqUuBIy0MJAh8Sin8NuPMdytaMAaedOfxmRXxl6hW9K3YjKzWrDYWcKs','2021-02-23 09:22:31','2021-02-23 09:22:31',NULL),(3,'синхронизация api','sync_api@example.com',NULL,'$2y$10$3LZJLLK.jDn8y6adGGei5eNTMolJBiW474xaQAS7QFgK4Sm8/kDlG',NULL,'2021-05-07 09:32:19','2021-05-07 09:32:19',NULL);
/*!40000 ALTER TABLE `users` ENABLE KEYS */;
UNLOCK TABLES;
DROP TABLE IF EXISTS `users_permissions`;
/*!40101 SET @saved_cs_client     = @@character_set_client */;
/*!40101 SET character_set_client = utf8 */;
CREATE TABLE `users_permissions` (
  `user_id` bigint(20) unsigned NOT NULL,
  `permission_id` bigint(20) unsigned NOT NULL,
  PRIMARY KEY (`user_id`,`permission_id`),
  KEY `users_permissions_permission_id_foreign` (`permission_id`),
  CONSTRAINT `users_permissions_permission_id_foreign` FOREIGN KEY (`permission_id`) REFERENCES `permissions` (`id`) ON DELETE CASCADE,
  CONSTRAINT `users_permissions_user_id_foreign` FOREIGN KEY (`user_id`) REFERENCES `users` (`id`) ON DELETE CASCADE
) ENGINE=InnoDB DEFAULT CHARSET=utf8mb4 COLLATE=utf8mb4_unicode_ci;
/*!40101 SET character_set_client = @saved_cs_client */;

LOCK TABLES `users_permissions` WRITE;
/*!40000 ALTER TABLE `users_permissions` DISABLE KEYS */;
INSERT INTO `users_permissions` VALUES (1,1),(1,2),(1,3),(1,4),(1,5),(1,6),(1,7),(1,8),(1,10),(1,11),(1,12),(1,13),(1,14),(1,15),(1,16),(1,17),(1,18),(1,19),(1,20),(1,21),(1,22),(1,23),(1,24),(1,25),(1,26),(1,27),(1,28),(1,29),(1,30),(1,37),(1,38),(1,39),(1,40),(1,41),(1,42),(1,43),(1,44),(1,45),(1,46),(1,47),(1,48),(1,49),(1,50),(1,51),(1,52),(1,53),(1,54),(1,55),(1,56),(1,57),(1,74),(1,75),(1,76),(1,77),(1,78),(1,91),(1,92),(1,93),(1,94),(1,95),(1,96),(1,97),(1,98),(1,99),(1,100),(1,101),(1,102),(1,103),(1,104),(1,105),(1,106),(1,107),(1,108),(1,109),(1,110),(1,111),(1,112),(1,113),(1,114),(1,115),(1,116),(1,117),(1,118),(1,119),(1,120),(1,121),(1,122),(1,123),(1,124),(1,125),(1,126),(1,127),(1,128),(1,129),(1,130),(1,131),(1,132),(1,133),(1,134),(1,135),(1,136),(1,137),(1,138),(1,139),(1,140),(1,141),(1,142),(1,143),(1,144),(1,145),(1,146),(1,147),(1,148),(1,149),(1,150),(1,151),(1,152),(1,153),(1,154),(1,155),(1,156),(1,157),(1,158),(1,159),(1,160),(1,161),(1,162),(1,163),(1,164),(1,165),(1,166),(1,167),(1,168),(1,169),(1,170),(1,171),(1,172),(1,173),(1,174),(1,175),(1,176),(1,177),(1,178),(1,179),(1,180),(1,181),(1,182),(1,183),(1,184),(1,187),(1,188),(1,189),(1,190),(1,191),(1,192),(1,193),(1,194),(1,195),(1,196),(1,197),(1,198),(1,199),(1,200),(1,201),(1,202),(1,203),(1,204),(1,205),(1,206),(1,207),(1,208),(1,209),(1,210),(1,211),(1,212),(1,213),(1,214),(1,215),(1,216),(1,217),(1,218),(1,219),(1,220),(1,221),(1,222),(1,223),(1,224),(1,225),(1,226),(1,227),(1,281),(1,282),(1,283),(1,284),(1,285),(1,286),(1,287),(1,288),(1,289),(1,290),(1,291),(1,292),(1,293),(1,294),(1,295),(1,296),(1,297),(1,298),(1,299),(1,300),(1,301),(1,302),(1,303),(1,306),(1,307),(1,308),(1,309),(1,310),(1,311),(1,312),(1,313),(1,314),(1,315),(1,316),(1,317),(1,318),(1,319),(1,320),(1,321),(1,322),(1,323),(1,324),(1,325),(1,326),(1,327),(1,328),(1,329),(1,330),(1,331),(1,332),(1,333),(1,334),(1,335),(1,336),(1,337),(1,338),(1,339),(1,340),(1,341),(1,342),(1,343),(1,344),(1,345),(1,346),(1,348),(1,349),(1,350),(1,352),(1,353),(1,354),(1,355),(1,356),(1,357),(1,358),(1,359),(1,360),(1,361),(1,362),(1,363),(1,364),(1,365),(1,366),(1,367),(1,368),(1,369),(1,370),(1,371),(1,372),(2,1),(2,2),(2,3),(2,4),(2,5),(2,6),(2,7),(2,8),(2,10),(2,11),(2,12),(2,13),(2,14),(2,15),(2,16),(2,17),(2,18),(2,19),(2,20),(2,21),(2,22),(2,23),(2,24),(2,25),(2,26),(2,27),(2,28),(2,29),(2,30),(2,37),(2,38),(2,39),(2,40),(2,41),(2,42),(2,43),(2,44),(2,45),(2,46),(2,47),(2,48),(2,49),(2,50),(2,51),(2,52),(2,53),(2,54),(2,55),(2,56),(2,57),(2,74),(2,75),(2,76),(2,77),(2,78),(2,91),(2,92),(2,93),(2,94),(2,95),(2,96),(2,97),(2,98),(2,99),(2,100),(2,101),(2,102),(2,103),(2,104),(2,105),(2,106),(2,107),(2,108),(2,109),(2,110),(2,111),(2,112),(2,113),(2,114),(2,115),(2,116),(2,117),(2,118),(2,119),(2,120),(2,121),(2,122),(2,123),(2,124),(2,125),(2,126),(2,127),(2,128),(2,129),(2,130),(2,131),(2,132),(2,133),(2,134),(2,135),(2,136),(2,137),(2,138),(2,139),(2,140),(2,141),(2,142),(2,143),(2,144),(2,145),(2,146),(2,147),(2,148),(2,149),(2,150),(2,151),(2,152),(2,153),(2,154),(2,155),(2,156),(2,157),(2,158),(2,159),(2,160),(2,161),(2,162),(2,163),(2,164),(2,165),(2,166),(2,167),(2,168),(2,169),(2,170),(2,171),(2,172),(2,173),(2,174),(2,175),(2,176),(2,177),(2,178),(2,179),(2,180),(2,181),(2,182),(2,183),(2,184),(2,187),(2,188),(2,189),(2,190),(2,191),(2,192),(2,193),(2,194),(2,195),(2,196),(2,197),(2,198),(2,199),(2,200),(2,201),(2,202),(2,203),(2,204),(2,205),(2,206),(2,207),(2,208),(2,209),(2,210),(2,211),(2,212),(2,213),(2,214),(2,215),(2,216),(2,217),(2,218),(2,219),(2,220),(2,221),(2,222),(2,223),(2,224),(2,225),(2,226),(2,227),(2,228),(2,229),(2,230),(2,231),(2,232),(2,233),(2,234),(2,235),(2,236),(2,237),(2,238),(2,239),(2,240),(2,241),(2,242),(2,243),(2,244),(2,245),(2,246),(2,247),(2,248),(2,249),(2,250),(2,251),(2,252),(2,253),(2,254),(2,255),(2,256),(2,257),(2,258),(2,259),(2,260),(2,261),(2,262),(2,263),(2,264),(2,281),(2,282),(2,283),(2,284),(2,285),(2,286),(2,287),(2,288),(2,289),(2,290),(2,291),(2,292),(2,293),(2,294),(2,295),(2,296),(2,297),(2,298),(2,299),(2,300),(2,301),(2,302),(2,303),(2,306),(2,307),(2,308),(2,309),(2,310),(2,311),(2,312),(2,313),(2,314),(2,315),(2,316),(2,317),(2,318),(2,319),(2,320),(2,321),(2,322),(2,323),(2,324),(2,325),(2,326),(2,327),(2,328),(2,329),(2,330),(2,331),(2,332),(2,333),(2,334),(2,335),(2,336),(2,337),(2,338),(2,339),(2,340),(2,341),(2,342),(2,343),(2,344),(2,345),(2,346),(2,348),(2,349),(2,350),(2,352),(2,353),(2,354),(2,355),(2,356),(2,357),(2,358),(2,359),(2,360),(2,361),(2,362),(2,363),(2,364),(2,365),(2,366),(2,367),(2,368),(2,369),(2,370),(2,371),(2,372);
/*!40000 ALTER TABLE `users_permissions` ENABLE KEYS */;
UNLOCK TABLES;
DROP TABLE IF EXISTS `users_roles`;
/*!40101 SET @saved_cs_client     = @@character_set_client */;
/*!40101 SET character_set_client = utf8 */;
CREATE TABLE `users_roles` (
  `user_id` bigint(20) unsigned NOT NULL,
  `role_id` bigint(20) unsigned NOT NULL,
  PRIMARY KEY (`user_id`,`role_id`),
  KEY `users_roles_role_id_foreign` (`role_id`),
  CONSTRAINT `users_roles_role_id_foreign` FOREIGN KEY (`role_id`) REFERENCES `roles` (`id`) ON DELETE CASCADE,
  CONSTRAINT `users_roles_user_id_foreign` FOREIGN KEY (`user_id`) REFERENCES `users` (`id`) ON DELETE CASCADE
) ENGINE=InnoDB DEFAULT CHARSET=utf8mb4 COLLATE=utf8mb4_unicode_ci;
/*!40101 SET character_set_client = @saved_cs_client */;

LOCK TABLES `users_roles` WRITE;
/*!40000 ALTER TABLE `users_roles` DISABLE KEYS */;
INSERT INTO `users_roles` VALUES (1,1),(2,2),(3,4);
/*!40000 ALTER TABLE `users_roles` ENABLE KEYS */;
UNLOCK TABLES;
/*!40103 SET TIME_ZONE=@OLD_TIME_ZONE */;

/*!40101 SET SQL_MODE=@OLD_SQL_MODE */;
/*!40014 SET FOREIGN_KEY_CHECKS=@OLD_FOREIGN_KEY_CHECKS */;
/*!40014 SET UNIQUE_CHECKS=@OLD_UNIQUE_CHECKS */;
/*!40101 SET CHARACTER_SET_CLIENT=@OLD_CHARACTER_SET_CLIENT */;
/*!40101 SET CHARACTER_SET_RESULTS=@OLD_CHARACTER_SET_RESULTS */;
/*!40101 SET COLLATION_CONNECTION=@OLD_COLLATION_CONNECTION */;
/*!40111 SET SQL_NOTES=@OLD_SQL_NOTES */;

